protein,diff,p,q
A1BG,-0.005047673160173169,0.69286017704125,0.8665940511303268
AAMDC,0.2988959415584415,0.00036624507647134853,0.002136795126797908
AARSD1,0.49758170995671014,0.00473847714609868,0.021915456800706393
ABCA2,0.06353290043290047,0.7955807254302163,0.9169883519055687
ABHD14B,0.8070247835497837,5.228478027914651e-09,6.213463949367877e-08
ABL1,0.6756837662337661,4.565776579049799e-12,1.321362865402234e-10
ABO,-0.33486147186147175,0.56640564535146,0.7921548810346016
ABRAXAS2,0.2538267316017316,0.037041494594810216,0.13092175175408738
ACAA1,0.21011866883116892,0.05543844930483066,0.18105763946147488
ACADM,-0.1594469696969697,0.5606696010891176,0.7890405604157393
ACADSB,0.4101075757575757,1.1041277291267262e-05,7.852470443400051e-05
ACAN,0.06954507575757585,0.3182486498005115,0.605235409110295
ACE,0.0113679112554112,0.730837371204852,0.8875104428881523
ACE2,0.20809567099567117,0.5158213097199362,0.7634155383855057
ACHE,0.10634642857142862,0.13271901776782574,0.346992566131802
ACOT13,1.852967099567099,4.651361057099796e-10,6.7641434676132854e-09
ACOX1,0.3895076298701299,0.00030122063268493113,0.0017751369139880117
ACP1,0.2698738095238094,0.00294948071788892,0.014368886897315521
ACP5,-0.013785389610389664,0.9188123389307001,0.9737811699399698
ACP6,0.0759681818181818,0.4941162142860759,0.7506765563192306
ACRBP,0.20176780303030312,0.0013836694517350557,0.007248146608282379
ACRV1,-0.09338322510822483,0.43203969644351725,0.700805789514096
ACSL1,-0.14320530303030315,0.09342742580051744,0.2690525769605049
ACTA2,0.03905946969696972,0.4941162142860759,0.7506765563192306
ACTN2,0.24740340909090908,0.09177985399200234,0.2658795968469998
ACTN4,-0.028420725108225187,0.9255574172719444,0.9760133367396961
ACVRL1,0.047491558441558335,0.4420608276938772,0.709189791080792
ACY1,0.1598469696969692,0.4624951165783028,0.7256461586620044
ACY3,-0.2478579004329005,0.29416716358058137,0.5801960992888254
ACYP1,0.8451674783549785,1.3596088185682687e-07,1.2780136150204461e-06
ADA,0.18913906926406931,0.03063718115561671,0.11222115353116247
ADA2,-0.12829989177489182,0.3932939322736131,0.6699290000208457
ADAM12,0.12091677489177488,0.4270788882352503,0.6966247713792616
ADAM15,-0.06693051948051937,0.3956500751794134,0.6728796080225172
ADAM22,-0.04604772727272738,0.56640564535146,0.7921548810346016
ADAM23,0.00217353896103889,0.9424427302245387,0.9813894194678756
ADAM8,-0.04343468614718615,0.23772681541341634,0.511313820054022
ADAM9,-0.020073484848484868,0.7054392605839808,0.8718811664638375
ADAMTS1,0.15670129870129862,0.05024237850163885,0.16688462768214815
ADAMTS13,-0.0354596861471862,0.6252581203826834,0.8258605900942537
ADAMTS15,0.15343149350649354,0.4099775530100317,0.68399793804128
ADAMTS16,0.10214972943722953,0.23604523544834932,0.5091957366904244
ADAMTS4,0.2890290584415585,0.001673185718860512,0.008640851336094128
ADAMTS8,-0.13854247835497824,0.19373608700668854,0.44979394942061207
ADAMTSL2,0.10787721861471865,0.04278040579409032,0.1471142660425012
ADAMTSL4,-0.03233068181818172,0.8751335543272245,0.9537715806482019
ADAMTSL5,-0.037161850649350625,0.5436322184092088,0.7785580472367062
ADCYAP1R1,-0.005057088744588878,0.8351462519765688,0.9320857176508249
ADD1,0.6758977272727269,0.003929506672368788,0.01852644457799952
ADGRB3,-0.1956604437229436,0.04732533574955857,0.15900224873098817
ADGRD1,0.26033268398268417,0.023075818130982143,0.08828614711630996
ADGRE1,-0.3110770562770563,0.22287979638857502,0.4898328156720337
ADGRE2,-0.009956222943723003,0.868443936316295,0.9493125003188221
ADGRE5,-0.022874729437229235,0.8219045209034685,0.9257923974753017
ADGRF5,0.053834307359307304,0.3980187623232748,0.6728796080225172
ADGRG1,0.4329346861471862,0.0029905509023927697,0.014544725936263004
ADGRG2,-0.07181563852813852,0.1038169889388071,0.2901119107725938
ADGRV1,0.10839047619047622,0.6991393951411515,0.8685016795569851
ADH1B,-0.18720227272727286,0.5049036717223299,0.7583987827048302
ADH4,-0.020257846320346273,0.9356851983007191,0.9781859208272539
ADIPOQ,-0.4364227272727274,0.06591857655879427,0.20762930957042633
ADM,0.1051385822510823,0.15728059453297236,0.3863330602781328
ADRA2A,-0.03322159090909087,0.5436305033528391,0.7785580472367062
AFAP1,0.5316750541125541,0.07107460853667802,0.22054254856975566
AFM,0.09971829004329011,0.07585189613087359,0.2326496247539806
AFP,-0.04293235930735939,0.88183160815252,0.9564360853065506
AGBL2,-0.08195925324675368,0.45733912163135615,0.7225958121775428
AGER,0.018339339826839798,0.9627382556941022,0.9912236426184786
AGR2,-0.07244675324675343,0.9830579555820083,0.9960063792603848
AGR3,0.2218410173160174,0.09342603099553683,0.2690525769605049
AGRN,0.031601731601731575,0.6525732526227053,0.8428951027026811
AGRP,0.02604588744588776,0.4075704450855334,0.6811483196026382
AGT,0.07788143939393932,0.5606696010891176,0.7890405604157393
AGXT,-0.08376363636363637,0.9255574172719444,0.9760133367396961
AHCY,0.2952690476190478,0.005695141826538342,0.025889423886425462
AHNAK,0.04820265151515157,0.58378066754384,0.8003709621156868
AHNAK2,0.06966001082251083,0.35673099453946366,0.6420718577825446
AHSA1,0.5408979437229439,0.0005207530507874613,0.002927233014330287
AHSG,0.022077218614718536,0.6928589364071485,0.8665940511303268
AHSP,0.4623628787878782,0.02721079133120973,0.1014504375779669
AIDA,-0.1186758116883117,0.5955002115928472,0.8080998693063566
AIF1,0.23596195887445887,0.08089063243161297,0.24325444300165094
AIF1L,-0.06382364718614719,0.7500833253020773,0.8952607431024793
AIFM1,0.6279923160173159,0.000537465875364035,0.002998115942154722
AK1,0.6219288961038969,0.0005207244202749367,0.002927233014330287
AK2,0.7336603896103897,1.8473114470603034e-06,1.4633309918041375e-05
AKAP12,-0.046045941558441494,0.5896270163130954,0.8046124036802885
AKR1B1,1.1700823051948048,1.2314986050377275e-08,1.338167443317947e-07
AKR1B10,-0.2333953463203463,0.29416716358058137,0.5801960992888254
AKR1C4,-0.25206331168831153,0.31414953249445055,0.6025322070087132
AKR7L,-0.1911314935064935,0.33500451362962924,0.6229123367299022
AKT1S1,0.53650183982684,0.0012292163338923378,0.006520869952753727
AKT2,2.225273484848485,1.7338877320914142e-12,6.848856541761086e-11
AKT3,0.3006856060606059,0.000996597707178858,0.005354880695006988
ALCAM,-0.04449853896103889,0.30605191565420764,0.5940170979131799
ALDH1A1,0.11259918831168858,0.47290951878759135,0.7356649938350875
ALDH2,-0.2330363636363637,0.29416716358058137,0.5801960992888254
ALDH3A1,0.08495752164502163,0.22612080897100362,0.49435387032329364
ALDH5A1,-0.2245445346320345,0.730837371204852,0.8875104428881523
ALMS1,-0.26554329004329,0.21024840639415288,0.470924208344911
ALPI,0.22929074675324665,0.4887673037871233,0.7456507458088525
ALPP,0.33362002164502136,0.32655780733082984,0.6154277697150327
AMBN,0.1139069264069264,0.42707692074844084,0.6966247713792616
AMBP,0.041669155844155925,0.7630008176552749,0.9003852442862315
AMDHD2,0.05328360389610387,0.5606679329080964,0.7890405604157393
AMFR,-0.021275054112554093,0.6192553319982443,0.8235138013789209
AMIGO1,0.13957191558441562,0.15728236118062883,0.3863330602781328
AMIGO2,0.02564042207792208,0.5324171454282487,0.770425948411494
AMN,0.18024534632034633,0.20111882778971224,0.46071782013848084
AMOT,0.044122023809523875,0.9966113466412806,0.9993464721209137
AMOTL2,-0.12913988095238094,0.6282674310545318,0.8289526413124509
AMPD3,0.22238896103896044,0.08855477636169766,0.2591047160212635
AMY1A_AMY1B_AMY1C,-0.07246617965367962,0.8021415247722942,0.919113946260061
AMY2A,-0.09158950216450207,0.46768721201268604,0.7302616029450221
AMY2B,-0.09339329004329003,0.4781637613617501,0.7391182836913778
ANG,0.11136920995670993,0.04546084044559871,0.15415549492167638
ANGPT1,1.3062205086580088,1.1090641579630524e-10,1.9296396034083347e-09
ANGPT2,0.09729994588744595,0.45733912163135615,0.7225958121775428
ANGPTL1,-0.01306282467532438,0.8153046147914853,0.9240540477066738
ANGPTL2,0.213608170995671,0.0029090460743657173,0.014195562062388969
ANGPTL3,-0.06278668831168827,0.5324188901098932,0.770425948411494
ANGPTL4,0.06092067099567122,0.5492826199977975,0.7847278095080948
ANGPTL7,0.02498831168831178,0.7244588389762001,0.8826982852552868
ANK2,-0.11316212121212099,0.3265557483886029,0.6154277697150327
ANKMY2,0.5048713203463204,3.7251845463719555e-05,0.00024690962424138836
ANKRA2,-0.17429626623376634,0.32238680231857075,0.6107171893565666
ANKRD54,0.22541325757575748,0.09509864283867331,0.27225595790151036
ANP32C,-0.001781926406926448,0.3980187623232748,0.6728796080225172
ANPEP,-0.009194155844155782,0.7630017961330808,0.9003852442862315
ANXA1,0.25197721861471845,0.005621226650123058,0.025593217287086755
ANXA10,-0.13082408008658003,0.4887673037871233,0.7456507458088525
ANXA11,2.308263798701298,1.3572721856678329e-12,6.103548613395501e-11
ANXA2,0.38449112554112574,0.000458627602892253,0.0026182978188555774
ANXA3,1.2888166125541114,2.6543361204400457e-12,9.021656372146807e-11
ANXA4,0.8237795454545453,1.8315770248529986e-10,3.007696429014222e-09
ANXA5,-0.024827922077922282,0.46768721201268604,0.7302616029450221
AOC1,0.025013041125541063,0.969509452914085,0.9939937323282604
AOC3,0.14177023809523814,0.05124761400863193,0.1696452726469209
AP1G2,0.3491911255411255,0.0004302264219458473,0.0024754957309994323
AP2B1,0.03645492424242425,0.5808660438129509,0.8003709621156868
AP3B1,0.5895682900432901,1.5597450091471408e-06,1.2490779895170116e-05
AP3S2,0.253956222943723,1.6976858553479375e-06,1.3558294413065631e-05
APBB1IP,0.3052191017316016,0.002530589164577097,0.012515925766597047
APCS,0.10284978354978352,0.49949445626318534,0.754536243918397
APEX1,0.5237728896103897,0.00034323735832902697,0.0020105867703321557
APLP1,-0.4818140692640689,0.00040347414055083076,0.0023399899064088852
APOA1,-0.07860183982683985,0.43203969644351725,0.700805789514096
APOA2,-0.17726114718614716,0.3932939322736131,0.6699290000208457
APOA4,0.013319913419913454,0.9966113466412806,0.9993464721209137
APOB,-0.00028414502164508804,0.8818321073900629,0.9564360853065506
APOBR,-0.08152283549783565,0.5213238597585075,0.76689966888481
APOC1,0.09842380952380952,0.2327034229368925,0.5031006695595687
APOD,0.000844696969697023,0.8219060114431775,0.9257923974753017
APOE,0.15840643939393934,0.2293953153373186,0.4981593660705663
APOF,0.010724404761904727,0.3980187623232748,0.6728796080225172
APOH,0.11504356060606036,0.23604523544834932,0.5091957366904244
APOL1,-0.1710622835497836,0.782502831063937,0.9116204763650411
APOM,-0.03221975108225106,0.7180993768482874,0.8800857352316747
APP,0.4388634199134199,8.676178574155544e-09,9.754026912406406e-08
APPL2,1.9279139069264066,1.7338877320914142e-12,6.848856541761086e-11
APRT,1.1642539502164504,3.8130444865361765e-12,1.1984439821661553e-10
ARAF,-0.16483344155844154,0.12522938386332919,0.3318635440004635
AREG,0.03512012987012969,0.7890343476731525,0.9144914346743159
ARF6,2.0817204004329,5.319505312850243e-11,1.0229548703592936e-09
ARFIP1,0.39816325757575766,7.962742577553632e-05,0.0005093018939647542
ARG1,0.17986347402597397,0.1475478625446385,0.3717951743258434
ARG2,-0.01010703463203462,0.7630017961330808,0.9003852442862315
ARHGAP1,0.7146722943722941,7.971416444931327e-10,1.1202139552179936e-08
ARHGAP30,0.06267002164502165,0.5635324453644356,0.7919256431731948
ARHGAP45,0.3932555735930736,3.5330859556103175e-08,3.610912674212923e-07
ARHGAP5,-0.025249242424242313,0.6648680576747585,0.8529661214852879
ARHGEF1,1.3156173701298697,1.0603005600891144e-08,1.1651347883986773e-07
ARHGEF10,0.2399216450216451,0.12522938386332919,0.3318635440004635
ARHGEF12,0.5339881493506493,9.369063224184056e-08,8.949598628852939e-07
ARHGEF5,-0.392203841991342,0.012072691610007966,0.05026848657557448
ARID3A,0.06526493506493504,0.8087163030849599,0.9215897676090986
ARID4B,-0.2315869588744588,0.1865561740282996,0.4365922311326819
ARL13B,0.6900965367965368,1.1481239132534569e-05,8.145549025339453e-05
ARL2BP,0.48307965367965366,9.815054327577112e-06,7.031716617526445e-05
ARMCX2,-0.0911659090909091,0.33500451362962924,0.6229123367299022
ARNT,0.06132380952380956,0.9289322965480106,0.9760133367396961
ARNTL,-0.04280113636363633,0.9221845086619007,0.9741761181130234
ARSA,0.07993089826839833,0.24627388139920292,0.5216366342970074
ARSB,0.6739548701298702,1.4241364619385218e-07,1.3257168402058277e-06
ART3,-0.05175616883116879,0.46768721201268604,0.7302616029450221
ART5,-0.15582564935064935,0.510349047054832,0.7587742952905768
ARTN,-0.05762429653679653,0.9356851983007191,0.9781859208272539
ASAH1,0.3186400432900433,0.0002091509655689902,0.0012527628531929474
ASAH2,0.09992191558441554,0.05763869896398758,0.18636937729174302
ASGR1,0.03870811688311698,0.58378066754384,0.8003709621156868
ASGR2,0.018542857142857194,0.868443936316295,0.9493125003188221
ASPN,0.03914269480519483,0.9289322965480106,0.9760133367396961
ASPSCR1,0.5170622835497838,0.00010188440432263641,0.0006377047405461804
ASRGL1,0.5063969155844158,0.001960797978742443,0.009985039184432335
ASS1,0.11035097402597427,0.5606696010891176,0.7890405604157393
ATF2,-0.12029875541125537,0.8186029470425453,0.9257923974753017
ATF4,-0.05119361471861483,0.38162936990145524,0.6620193757993791
ATG16L1,0.27822067099567094,0.029350858866355578,0.10805108371077753
ATG4A,0.5107029220779224,0.004036954677148114,0.018940639681065713
ATOX1,1.1202979437229443,2.414293881851969e-10,3.733852389763653e-09
ATP1B1,0.026843831168831156,0.8153046147914853,0.9240540477066738
ATP1B2,-0.02578149350649353,0.3203123319216704,0.6083644874639653
ATP1B3,-0.15616531385281385,0.2133565915857203,0.47715479510716174
ATP1B4,-0.06610443722943715,0.3182507094774285,0.605235409110295
ATP2B4,-0.19004442640692637,0.43203969644351725,0.700805789514096
ATP5F1D,0.02083852813852824,0.6495154691014562,0.840059166452901
ATP5IF1,2.041803571428571,6.1560808244615844e-12,1.6817032009253468e-10
ATP5PO,0.16875714285714286,0.2327034229368925,0.5031006695595687
ATP6AP2,0.09396953463203461,0.5324188901098932,0.770425948411494
ATP6V1D,0.04085297619047609,0.15978862522634796,0.39085133579863723
ATP6V1F,1.1142066017316015,3.7009250365242027e-07,3.2388634376527675e-06
ATP6V1G1,0.9278564393939392,9.123246177640859e-09,1.0217336619633806e-07
ATP6V1G2,0.18235200216450187,0.12008017384109364,0.3226093361977511
ATRAID,0.015268939393939307,0.8751335543272245,0.9537715806482019
ATRN,0.01999431818181821,0.6525732526227053,0.8428951027026811
ATXN10,0.5251384740259741,0.00031124802770148463,0.001826863423637429
ATXN2,0.47165568181818185,0.019719331020450773,0.07789342136633441
ATXN2L,0.0638311147186147,0.171450120698735,0.41246806815012543
ATXN3,0.7121074134199137,1.3414234811779255e-05,9.357949488026435e-05
AXIN1,0.8086368506493506,7.065285975927203e-11,1.2829596925456983e-09
AXL,-0.08541277056277047,0.3932939322736131,0.6699290000208457
AZI2,-0.01617142857142856,0.8054263828363581,0.9215897676090986
AZU1,0.2214741883116882,0.3182507094774285,0.605235409110295
B2M,-0.052472294372294614,0.9221841785257137,0.9741761181130234
B3GAT3,-0.0774384199134199,0.1210959026545639,0.32326262864345684
B3GNT7,0.08551098484848485,0.30605191565420764,0.5940170979131799
B4GALT1,0.07448620129870137,0.20413061368100727,0.4636159936205006
B4GAT1,0.06945470779220778,0.22775188964939452,0.496805054809836
BABAM1,0.13321920995671,0.023593029401821262,0.08979708102192889
BACH1,0.11750205627705623,0.06107371543209251,0.19531913348597993
BAG3,0.15555633116883105,0.27133712314825253,0.5511594238793205
BAG4,0.03364978354978355,0.5779614624377551,0.7980072530493899
BAG6,0.11929134199134206,0.40277763344582707,0.676620127909283
BAIAP2,0.4935554653679653,0.004259559915115352,0.019857565601087996
BAMBI,0.026872456709956694,0.510349047054832,0.7587742952905768
BANK1,0.9830720238095235,6.091542034247439e-09,7.093855524344727e-08
BAP18,0.1696268398268399,0.24282836548657938,0.5169651664679557
BATF,0.0183242424242423,0.9356846520277852,0.9781859208272539
BAX,0.717544696969697,0.00028206683886773654,0.001665618929313927
BCAM,0.0006819805194805406,0.6312858636885104,0.8289526413124509
BCAN,-0.14737115800865805,0.10202429828522597,0.2870231221248465
BCAT1,0.10584788961038943,0.07174054670825555,0.22237287171604558
BCAT2,-0.0010856601731601273,0.730837371204852,0.8875104428881523
BCHE,0.06788663419913424,0.674150223875841,0.8567570019082971
BCL2,0.33501228354978335,0.12315070478654275,0.3275427753330887
BCL2L1,1.7599494047619042,3.9220156727569443e-13,3.2754433747053e-11
BCL2L11,0.37813474025974025,0.01603653560491927,0.06519442777910851
BCL2L15,0.22239145021645035,0.21024840639415288,0.470924208344911
BCL7A,0.07467153679653674,0.9525864476051021,0.9887820264025972
BCL7B,0.07975984848484849,0.4270788882352503,0.6966247713792616
BCR,0.5374995129870129,8.940009134868342e-08,8.595936414875054e-07
BDNF,2.3067719155844157,1.311763389616547e-10,2.2688073300882644e-09
BECN1,0.7356146103896104,2.9816948042279945e-05,0.0001998966493751933
BEX3,-0.39728273809523795,0.00599878531066667,0.02701764169965898
BGLAP,-0.1283628787878789,0.3932939322736131,0.6699290000208457
BGN,0.17623479437229433,0.01759147567210312,0.07043819642405125
BHLHE40,-0.07889063852813852,0.2293953153373186,0.4981593660705663
BHMT2,-0.02649031385281378,0.510349047054832,0.7587742952905768
BID,1.068402543290044,8.382835997519412e-06,6.065106341769614e-05
BIN2,0.5541519480519481,5.853502717245442e-06,4.342585899113814e-05
BIRC2,0.35769199134199126,0.0005207530507874613,0.002927233014330287
BLMH,0.18670530303030325,0.0029090460743657173,0.014195562062388969
BLNK,0.0485981601731601,0.759764834997763,0.9003852442862315
BLOC1S2,-0.15751699134199135,0.40277763344582707,0.676620127909283
BLOC1S3,0.2667509740259739,1.7709807518679591e-06,1.4066784613342512e-05
BLVRB,0.3405199134199133,0.1360355390521625,0.35188662004377963
BMP10,-0.09310487012987029,0.5185670332941656,0.7663151862077079
BMP4,0.00443495670995666,0.868443936316295,0.9493125003188221
BMP6,0.2794035173160174,0.40277563129918315,0.676620127909283
BMPER,-0.08305189393939388,0.12522777654690906,0.3318635440004635
BNIP2,0.48894648268398266,4.833990310323654e-07,4.168534835565e-06
BNIP3L,0.013856006493506517,0.9154423172339606,0.9712660229672838
BOC,-0.043769751082251104,0.4075704450855334,0.6811483196026382
BOLA1,0.22853998917748894,0.02206974982059847,0.08510538090449779
BOLA2_BOLA2B,0.590300162337662,0.0006287870107544285,0.0034941909361885827
BPIFA2,-0.410763636363636,0.24627388139920292,0.5216366342970074
BPIFB1,-0.3022478354978354,0.21967216643148701,0.4864407139994216
BPIFB2,0.5596860930735927,0.008565396605752614,0.03731245048973903
BRAP,0.7841281926406924,6.738292262335934e-08,6.654063609056734e-07
BRD1,-0.24224150432900435,0.008781741799887367,0.03819796321587913
BRD2,-0.0768291666666665,0.3479339755866371,0.634446043643409
BRD3,0.07205459956709964,0.28641614743605814,0.5722490729885674
BRDT,0.3580737012987014,0.00015958944864517146,0.0009758994945394063
BRK1,0.13897689393939394,0.04638520189464712,0.15638286636453694
BRME1,-0.05622624458874459,0.3435906963497789,0.6296649563826983
BRSK2,0.18617072510822494,0.020632222274323615,0.08084180389791948
BSG,0.003904166666666653,0.848433383152062,0.9372527509272401
BSND,-0.01278030303030303,0.8550933837293739,0.9414078947800227
BST1,-0.12049448051948056,0.5549618358542556,0.7878355736775081
BST2,-0.03227186147186134,0.7436500245368596,0.8930521864097125
BTC,0.18581428571428504,0.15979040242195397,0.39085133579863723
BTD,0.027442694805194803,0.25859306826492623,0.5372192882291253
BTLA,-0.18922050865800855,0.8818321073900629,0.9564360853065506
BTN1A1,0.018433820346320462,0.27133712314825253,0.5511594238793205
BTN2A1,-0.11617532467532465,0.044552052363545,0.15195524977671182
BTN3A2,0.01234761904761883,0.848433383152062,0.9372527509272401
BTNL10,-0.1668169913419912,0.06285438308806494,0.19969930626784113
C19orf12,-0.06831482683982687,0.782502831063937,0.9116204763650411
C1GALT1C1,0.048112878787878816,0.8417835209466066,0.9352091121271027
C1QA,-0.025437987012987107,0.8417841854281243,0.9352091121271027
C1QBP,0.3528588744588744,0.001960797978742443,0.009985039184432335
C1QL2,0.07411466450216453,0.42460901196703393,0.6966247713792616
C1QTNF1,0.11540725108225103,0.11315882547220937,0.30826024870015656
C1QTNF5,-0.08326542207792213,0.674150223875841,0.8567570019082971
C1QTNF6,0.09348890692640693,0.4994962818960309,0.754536243918397
C1QTNF9,-0.10194659090909103,0.56640564535146,0.7921548810346016
C1R,-0.0026854978354977632,0.7792418669894783,0.9114541725531192
C1RL,0.03005411255411261,0.3980187623232748,0.6728796080225172
C1S,-0.018289880952380877,0.88183160815252,0.9564360853065506
C2,0.11282478354978351,0.2532632288256408,0.5284000127461442
C2CD2L,0.007751406926406967,0.8617637234313373,0.9459013757378142
C2orf69,0.2800205086580088,0.08855477636169766,0.2591047160212635
C3,0.07541666666666667,0.6495154691014562,0.840059166452901
C4BPB,0.04962040043290045,0.4994962818960309,0.754536243918397
C5,0.0060679653679653195,0.7923048425887764,0.9169883519055687
C7,-0.11131028138528143,0.2164978042940242,0.4816005189889138
C7orf50,0.015614393939393942,0.8417841854281243,0.9352091121271027
C8B,-0.05168387445887454,0.6373382289671439,0.8331572644324515
C9,-0.1295015151515152,0.20413061368100727,0.4636159936205006
C9orf40,0.38463885281385357,0.06107481628675527,0.19531913348597993
CA1,0.24037938311688256,0.1487371408963468,0.3741468699139601
CA11,0.010592586580086567,0.5352094713059508,0.7733155139037539
CA12,0.07289686147186145,0.4624951165783028,0.7256461586620044
CA13,2.2770472943722937,2.118506666667445e-11,4.763380758976108e-10
CA14,-0.13651617965367968,0.08312983144043273,0.2487087996933315
CA2,0.63871764069264,0.0031602300359701847,0.015218043484581301
CA3,0.2771364177489186,0.0976474243369167,0.27846187447493415
CA4,0.01478652597402591,0.7500833253020773,0.8952607431024793
CA5A,-0.22053576839826833,0.7436500245368596,0.8930521864097125
CA6,-0.12800725108225103,0.27133712314825253,0.5511594238793205
CA7,-0.17879502164502162,0.1038169889388071,0.2901119107725938
CA8,0.023987716450216356,0.4051678041492148,0.6794638505611905
CA9,0.009568073593073656,0.8952541288849709,0.9620690510039596
CABP2,0.15596845238095242,0.07107460853667802,0.22054254856975566
CACNA1C,0.1016649891774892,0.5549601517253584,0.7878355736775081
CACNA1H,0.06793344155844161,0.8219060114431775,0.9257923974753017
CACNB1,0.013865259740259761,0.69286017704125,0.8665940511303268
CACNB3,1.325301623376623,2.0459882249334748e-10,3.267991028131446e-09
CACYBP,1.8713449134199136,1.8430306248117163e-12,6.996335735486554e-11
CADPS,-0.09705297619047626,0.17278601716839426,0.41397830178952166
CALB1,-4.70779220779205e-05,0.6803652140431975,0.8590529246860762
CALB2,0.04572922077922059,0.7022855645303885,0.8718811664638375
CALCA,-0.14082180735930716,0.4624970214120131,0.7256461586620044
CALCB,-0.033251785714285664,0.8952541288849709,0.9620690510039596
CALCOCO1,0.4317973484848485,0.0012292163338923378,0.006520869952753727
CALCOCO2,0.24317445887445893,0.003525752751457651,0.016812031472285015
CALY,-0.08297987012987024,0.27133712314825253,0.5511594238793205
CAMKK1,0.2979203463203463,0.013930610803210083,0.057431841153431695
CAMLG,0.19953950216450217,0.4270788882352503,0.6966247713792616
CAMSAP1,1.1485823051948052,5.0660110417855e-08,5.106189750047936e-07
CANT1,0.04229069264069264,0.6312858636885104,0.8289526413124509
CAPG,-0.02170898268398269,0.6556396536746179,0.8442443646215454
CAPN3,0.07163804112554109,0.2293953153373186,0.4981593660705663
CAPS,-0.08081964285714283,0.7436489718354002,0.8930521864097125
CARHSP1,0.3216704004329005,0.04828144215012611,0.16165710813839476
CASC3,0.3991849025974026,0.00011311936575738793,0.0007020125395092249
CASP1,0.09396320346320342,0.5721696928603057,0.7952696206517705
CASP10,0.22547337662337666,0.09342742580051744,0.2690525769605049
CASP2,0.317666666666667,2.009363660363335e-06,1.5790209029202692e-05
CASP3,1.735626352813853,1.6172216472260785e-13,2.86102024087109e-11
CASP4,-0.3361448593073595,0.10563462048510175,0.2935076004543274
CASP7,0.5441908008658008,0.0007573797504343292,0.004122571714189095
CASP8,0.5350707792207791,2.0095647481571676e-06,1.5790209029202692e-05
CASP9,0.3449428571428574,0.01759147567210312,0.07043819642405125
CASQ2,-0.006362283549783521,0.8153046147914853,0.9240540477066738
CAT,0.36886612554112586,0.020171537112093237,0.07935585865228605
CBLIF,0.15688208874458875,0.3747368378685546,0.6566881157612621
CBLN1,0.14458950216450212,0.2713330434794493,0.5511594238793205
CBLN4,0.060898917748917716,0.51034724707544,0.7587742952905768
CBS,-0.004202651515151517,0.4887673037871233,0.7456507458088525
CBX2,0.0054123376623376185,0.6434148783499212,0.8369833953790919
CC2D1A,0.6246146645021646,2.925060985325063e-06,2.2499877000276734e-05
CCAR2,-0.17070757575757584,0.49143600756820816,0.749330959896647
CCDC134,0.28252949134199135,0.05024237850163885,0.16688462768214815
CCDC28A,-0.0024895021645021387,0.8219060114431775,0.9257923974753017
CCDC50,-0.08191920995670993,0.8021415247722942,0.919113946260061
CCDC80,0.024442640692640627,0.69286017704125,0.8665940511303268
CCER2,-0.32836352813852804,0.1648970438222377,0.40032729160498404
CCL11,0.0721743506493504,0.24283037070150637,0.5169651664679557
CCL13,0.42784096320346343,0.0009100466229934661,0.004916943214436047
CCL14,0.06465070346320323,0.370183525768071,0.6549917952906003
CCL15,0.10258777056277049,0.2532632288256408,0.5284000127461442
CCL16,-0.039278192640692655,0.6252581203826834,0.8258605900942537
CCL17,1.1091960497835496,3.383656539994847e-07,2.97904459831474e-06
CCL18,-0.004441720779220837,0.6803652140431975,0.8590529246860762
CCL19,-0.09471325757575749,0.8285200418107319,0.928590522320847
CCL2,0.08630795454545459,0.17547742499641084,0.41802812816993384
CCL20,-0.49173571428571394,0.12315070478654275,0.3275427753330887
CCL21,-0.1322643939393936,0.30605191565420764,0.5940170979131799
CCL22,0.14131829004328994,0.1487371408963468,0.3741468699139601
CCL23,-0.1251553030303033,0.38860323823892773,0.6685622515434878
CCL24,0.06567251082251113,0.9762828489184295,0.9953522034839796
CCL25,-0.06654897186147202,0.8219060114431775,0.9257923974753017
CCL26,0.04220075757575753,0.9966113466412806,0.9993464721209137
CCL27,0.1613936688311688,0.054364844116844196,0.17774993216279147
CCL28,-0.1100012445887445,0.15728236118062883,0.3863330602781328
CCL3,0.0614415584415583,0.11707610255038767,0.3159865630238072
CCL4,0.2096737554112552,0.07585189613087359,0.2326496247539806
CCL5,2.545497564935065,4.73334435204177e-13,3.37452818073612e-11
CCL7,0.22136780303030307,0.17819998408712456,0.4217640109203766
CCL8,0.14802007575757578,0.10747591050697199,0.2977786355709426
CCN1,0.18237251082251071,0.04732533574955857,0.15900224873098817
CCN2,0.6068508658008658,1.7419844944099554e-08,1.8448625641885144e-07
CCN3,0.10489837662337656,0.17012559612862388,0.4096187129192484
CCN4,0.08876937229437229,0.08388773988569263,0.25021195440070365
CCN5,0.06360265151515154,0.6679573903796867,0.8529661214852879
CCND2,0.07272040043290053,0.4420608276938772,0.709189791080792
CCNE1,0.33604945887445886,0.05598079772316014,0.18262485685803245
CCS,0.4571115800865806,0.003477891917972973,0.016638098324443535
CCT5,0.30887651515151504,0.000255464561632588,0.0015146509404706991
CD101,-0.053748593073593115,0.6710496966894539,0.8565407263857091
CD109,-0.09508847402597405,0.17278601716839426,0.41397830178952166
CD14,0.1071755952380955,0.32238680231857075,0.6107171893565666
CD160,-0.1767929653679653,0.09015571005400386,0.2629991422034464
CD163,0.09155595238095238,0.19814147349325661,0.45532477043577935
CD164,0.13032537878787886,0.001343461809291189,0.007088337307866688
CD164L2,-0.13898041125541125,0.09342742580051744,0.2690525769605049
CD177,-0.24402597402597404,0.24283037070150637,0.5169651664679557
CD1C,-0.05003836580086578,0.3611785013791684,0.6461020399753858
CD2,0.08516412337662327,0.3350003996176649,0.6229123367299022
CD200,-0.023409740259740297,0.8153046147914853,0.9240540477066738
CD200R1,0.0520244047619049,0.3980187623232748,0.6728796080225172
CD207,0.10515211038961036,0.42215143296961466,0.6947909000958241
CD209,-0.07007245670995671,0.38860323823892773,0.6685622515434878
CD22,-0.00861195887445887,0.989834284409546,0.9976846942514148
CD226,0.3323418831168832,0.00045134238737402606,0.002586811369204467
CD244,-0.023845833333333344,0.5296322136895768,0.770425948411494
CD248,0.022577651515151537,0.56640564535146,0.7921548810346016
CD27,-0.18457088744588734,0.03406656554113726,0.12188074795195131
CD274,-0.0553914502164502,0.8952541288849709,0.9620690510039596
CD276,-0.054838961038961076,0.4941162142860759,0.7506765563192306
CD28,-0.03816764069264075,0.46768721201268604,0.7302616029450221
CD2AP,0.45907445887445886,0.004036954677148114,0.018940639681065713
CD300A,-0.02578582251082251,0.5021961152046566,0.7570496362780872
CD300C,0.015318235930735669,0.9966113466412806,0.9993464721209137
CD300E,0.04085611471861474,0.5408161816573531,0.7785580472367062
CD300LF,0.13271737012986962,0.8484327458897201,0.9372527509272401
CD300LG,-0.14395557359307362,0.23772681541341634,0.511313820054022
CD302,0.22636158008658014,0.00993839554373497,0.04265775355996669
CD33,-0.17318062770562767,0.35673099453946366,0.6420718577825446
CD34,-0.03666466450216452,0.9627382556941022,0.9912236426184786
CD36,0.22674345238095256,0.0023257049923550537,0.011580980737059321
CD38,0.006477489177489026,0.9728957912535633,0.9953522034839796
CD3D,0.03326347402597399,0.6373382289671439,0.8331572644324515
CD3E,0.020836580086580056,0.7436500245368596,0.8930521864097125
CD3G,0.02825037878787895,0.5464520936325097,0.7818303816386813
CD4.y,-0.04196158008658002,0.9492044076239982,0.9859717425319641
CD40,0.2688422077922075,8.546653605963151e-05,0.0005430840976137019
CD40LG,1.2553280844155845,4.299960635026336e-12,1.2825290751206102e-10
CD46,-0.017078030303030345,0.9019766479785182,0.9650357767354352
CD48,-0.10826672077922078,0.10563462048510175,0.2935076004543274
CD5,-0.0717955086580086,0.4370337230234913,0.7049942452525746
CD55,0.026267857142857065,0.69286017704125,0.8665940511303268
CD58,0.021891720779220775,0.5021961152046566,0.7570496362780872
CD59,0.013839177489177457,0.6991393951411515,0.8685016795569851
CD5L,-0.2435530303030303,0.06717777205291098,0.21001136653546393
CD6,-0.007106222943722845,0.9221845086619007,0.9741761181130234
CD63,0.37102402597402606,0.001851364590635197,0.00947730069777002
CD69,1.3445154220779223,1.534283118311427e-12,6.595161110035737e-11
CD7,-0.2795737012987013,0.02206974982059847,0.08510538090449779
CD70,-0.022776136363636457,0.7955807254302163,0.9169883519055687
CD72,-0.06925844155844163,0.8153046147914853,0.9240540477066738
CD74,-0.017699404761904902,0.6132778265119712,0.8204169734070901
CD79B,-0.10301439393939393,0.4781637613617501,0.7391182836913778
CD80,-0.08968084415584426,0.5606679329080964,0.7890405604157393
CD82,-0.0749713203463204,0.09851144725719127,0.2792950042880311
CD83,0.04801520562770566,0.31008327000867275,0.5990571039229018
CD84,0.19257489177489184,0.016223599432722276,0.06586330714145447
CD86,-0.04422873376623371,0.4887673037871233,0.7456507458088525
CD8A,0.028114069264068897,0.7372345691475306,0.8897343706103352
CD93,0.013252543290043384,0.4370337230234913,0.7049942452525746
CD99,0.036267478354978344,0.4887654538410683,0.7456507458088525
CD99L2,0.04346531385281384,0.1360355390521625,0.35188662004377963
CDA,-0.11439269480519473,0.504907297688539,0.7583987827048302
CDAN1,-0.023590638528138586,0.4624970214120131,0.7256461586620044
CDC123,-0.25097256493506503,0.15480426857962448,0.3831438417089266
CDC25A,-0.10669583333333349,0.31414953249445055,0.6025322070087132
CDC26,1.3853528679653682,3.0492973411713224e-13,3.273438465662968e-11
CDC27,0.11989859307359307,0.20717312334809712,0.4676193355571335
CDC37,0.832862662337662,3.54367420633417e-10,5.394874846413947e-09
CDC42BPB,0.45766287878787887,8.250438740150237e-09,9.311209435312411e-08
CDCP1,0.05097499999999977,0.30605191565420764,0.5940170979131799
CDH1,-0.025466504329004352,0.9830579555820083,0.9960063792603848
CDH15,0.1931497835497833,0.07377403471094729,0.22746994035875415
CDH17,-0.24391114718614712,0.2164978042940242,0.4816005189889138
CDH2,0.09117629870129906,0.2864181983517873,0.5722490729885674
CDH22,-0.07770849567099564,0.30605191565420764,0.5940170979131799
CDH23,-0.07348538961038942,0.14285492855899723,0.3640539909906131
CDH3,-0.0999548160173161,0.19814338282391764,0.45532477043577935
CDH4,-0.064167748917749,0.969509452914085,0.9939937323282604
CDH5,0.013036363636363624,0.9356851983007191,0.9781859208272539
CDH6,0.09071558441558447,0.16105392732504198,0.3936125665310181
CDHR1,0.0344965367965368,0.4887673037871233,0.7456507458088525
CDHR2,0.24698820346320327,0.1338186027803898,0.34738168377182893
CDHR5,0.12388457792207795,0.31619369679721776,0.605235409110295
CDK1,-0.01935692640692621,0.8087163030849599,0.9215897676090986
CDK5RAP3,0.17845752164502166,0.09851144725719127,0.2792950042880311
CDKL5,0.01033620129870133,0.5896270163130954,0.8046124036802885
CDKN1A,1.9074745129870132,1.0612568979124063e-12,5.3483688148240746e-11
CDKN2D,2.1760968073593077,4.565776579049799e-12,1.321362865402234e-10
CDNF,0.07860297619047596,0.14285662937606336,0.3640539909906131
CDON,-0.013966937229437204,0.7340325733088839,0.8897343706103352
CDSN,0.010172294372294388,0.9424427302245387,0.9813894194678756
CEACAM1,0.059752543290043536,0.7662399812665202,0.9031138260777327
CEACAM16,0.22422554112554116,0.3747368378685546,0.6566881157612621
CEACAM18,-0.28425887445887427,0.016413495525295262,0.0665418133431873
CEACAM19,0.09710492424242416,0.4172574595163224,0.6910161779978529
CEACAM20,0.09798896103896121,0.2327034229368925,0.5031006695595687
CEACAM21,-0.16124859307359307,0.6132778265119712,0.8204169734070901
CEACAM3,-0.040791017316017336,0.8952541288849709,0.9620690510039596
CEACAM5,-0.10652445887445885,0.6192553319982443,0.8235138013789209
CEACAM6,-0.045231872294372255,0.9154423172339606,0.9712660229672838
CEACAM8,-0.04220616883116868,0.60732592687876,0.8161901996628117
CEBPA,0.13605995670995677,0.1338186027803898,0.34738168377182893
CEBPB,0.03838690476190473,0.5324188901098932,0.770425948411494
CELA2A,-0.18248176406926403,0.4370337230234913,0.7049942452525746
CELA3A,-0.2628534632034629,0.07241402374998926,0.22398538774732127
CELSR2,0.016241341991342084,0.8617637234313373,0.9459013757378142
CEMIP2,0.1579057359307358,0.04925372231212594,0.16416035384075728
CEND1,0.03673246753246728,0.8584266940805148,0.944366287842433
CENPF,0.29082099567099595,0.059911063969961785,0.1922283644173417
CENPJ,0.019452813852813722,0.5549618358542556,0.7878355736775081
CEP112,0.09558008658008654,0.08697683507511222,0.256283557383622
CEP152,0.04961623376623375,0.5606696010891176,0.7890405604157393
CEP164,-0.07886033549783544,0.9019762328894967,0.9650357767354352
CEP170,0.6259568722943724,3.4700049241738895e-09,4.2438595788118325e-08
CEP20,0.6630708333333334,4.159928427703708e-05,0.00027448015336744777
CEP290,-0.27295476190476203,0.07797981416037646,0.23693866610268233
CEP350,-0.014705898268398299,0.7500833253020773,0.8952607431024793
CEP43,0.536326082251082,0.00024713308607916454,0.0014682317288808903
CEP85,0.2712376623376623,0.011504128734735776,0.04831403490177108
CERT,0.6018329545454548,0.000416649800120765,0.0024068525014881346
CES1,0.16258046536796528,0.3020554581044024,0.5909692798120268
CES2,0.07485974025973996,0.9559697449079332,0.9898333561338607
CES3,0.18167662337662333,0.21967216643148701,0.4864407139994216
CETN2,0.8329734307359316,7.157126884228651e-05,0.0004587781114605339
CETN3,1.0912082251082253,2.2848539867124473e-10,3.5714589321713813e-09
CFB,0.07378468614718614,0.4781637613617501,0.7391182836913778
CFC1,0.02711612554112558,0.8285200418107319,0.928590522320847
CFD,-0.014335822510822382,0.8285193233222129,0.928590522320847
CFH,0.07133079004328999,0.36566474093493195,0.6497495670229824
CFHR2,0.07151461038961016,0.69286017704125,0.8665940511303268
CFHR4,0.11388414502164507,0.7500833253020773,0.8952607431024793
CFHR5,0.14143598484848469,0.4420608276938772,0.709189791080792
CFI,0.03950930735930736,0.48344975363490605,0.7453183701871469
CFP,0.03716666666666682,0.8417841854281243,0.9352091121271027
CGA,-0.052364231601731426,0.7630008176552749,0.9003852442862315
CGB3_CGB5_CGB8,-0.046852813852814035,0.8219060114431775,0.9257923974753017
CGN,0.03389448051948063,0.782502831063937,0.9116204763650411
CGREF1,0.05177072510822501,0.4522136815850589,0.7183807561266996
CHAC2,0.1993146645021645,0.08237878506582293,0.24671433273299223
CHAD,0.01557754329004335,0.8021415247722942,0.919113946260061
CHCHD10,0.06858885281385296,0.3634162736483836,0.6493067040795998
CHCHD6,-0.003962770562770501,0.5185670332941656,0.7663151862077079
CHEK2,-0.009948160173160192,0.8285193233222129,0.928590522320847
CHGA,0.1252876082251082,0.5268564656123884,0.7696159165342386
CHGB,-0.20244994588744591,0.11907427044042534,0.3204917978797084
CHI3L1,0.09647175324675344,0.730837371204852,0.8875104428881523
CHIT1,-0.18728479437229445,0.7694861237542385,0.903296361338811
CHL1,-0.02627976190476189,0.782502831063937,0.9116204763650411
CHM,0.3313216991341992,0.0013836694517350557,0.007248146608282379
CHMP1A,1.3721049242424246,6.533862770815658e-12,1.752154209091208e-10
CHMP6,0.6050003787878788,1.7419844944099554e-08,1.8448625641885144e-07
CHP1,-0.12928804112554115,0.30605191565420764,0.5940170979131799
CHRDL1,0.05450156926406924,0.4994962818960309,0.754536243918397
CHRDL2,0.1877445346320347,0.3307637157371567,0.6185683564297563
CHRM1,-0.1213445346320347,0.3307637157371567,0.6185683564297563
CIAPIN1,0.9592975108225108,2.3792490454780998e-11,5.189958925322751e-10
CILP,0.0042750541125538,0.7955807254302163,0.9169883519055687
CINP,-0.041406818181818184,0.51034724707544,0.7587742952905768
CIRBP,2.1159212121212123,1.276443243515216e-12,5.922291429833296e-11
CIT,0.0613138528138526,0.5779614624377551,0.7980072530493899
CKAP4,-0.02633208874458881,0.9966113466412806,0.9993464721209137
CKB,-0.22875027056277053,0.24283037070150637,0.5169651664679557
CKMT1A_CKMT1B,-0.4796398268398261,0.02872531007475566,0.10641835405387932
CLASP1,-0.2409602272727273,0.09177985399200234,0.2658795968469998
CLC,0.013452759740260056,0.45733912163135615,0.7225958121775428
CLEC10A,0.020665746753246617,0.6013999509832053,0.8130860576891347
CLEC11A,0.04858495670995673,0.674150223875841,0.8567570019082971
CLEC12A,0.09568290043290048,0.12733531063635145,0.3359215821209885
CLEC14A,0.062167424242424274,0.27880829795740836,0.5635938139208193
CLEC1A,-0.08178598484848487,0.34793602735558826,0.634446043643409
CLEC1B,0.9178469155844156,2.244738459429164e-11,4.971702239337737e-10
CLEC2L,-0.13988787878787867,0.3980187623232748,0.6728796080225172
CLEC3B,0.06470530303030303,0.07942438149872902,0.24032864091178563
CLEC4A,-0.007970129870130072,0.8153046147914853,0.9240540477066738
CLEC4C,0.13297932900432902,0.45733912163135615,0.7225958121775428
CLEC4D,0.06490524891774907,0.8087163030849599,0.9215897676090986
CLEC4G,0.04619897186147209,0.7404389754443079,0.89286432558734
CLEC4M,-0.05794458874458874,0.412397091054609,0.6849072142912624
CLEC5A,-0.048522889610389586,0.5158213097199362,0.7634155383855057
CLEC6A,0.13771634199134203,0.1338186027803898,0.34738168377182893
CLEC7A,-0.13501975108225103,0.21967216643148701,0.4864407139994216
CLGN,-0.2232440476190476,0.11123929726198636,0.3047352070260414
CLIC5,-0.19170059523809527,0.0786981283507128,0.23887292748611993
CLINT1,0.05519545454545454,0.510349047054832,0.7587742952905768
CLIP2,2.375809632034632,1.9575916803770714e-13,2.86102024087109e-11
CLMP,0.03856120129870129,0.34793602735558826,0.634446043643409
CLNS1A,0.20494669913419894,0.029350858866355578,0.10805108371077753
CLPP,0.8014432359307362,8.530006003992537e-08,8.228781369528114e-07
CLPS,-0.19340443722943734,0.2980938811170427,0.5840002778184422
CLSPN,0.030253354978354977,0.8550933837293739,0.9414078947800227
CLSTN1,0.0717924783549784,0.3182507094774285,0.605235409110295
CLSTN2,0.16907862554112557,0.0450026865331598,0.15331334817765277
CLSTN3,0.08266688311688308,0.47290951878759135,0.7356649938350875
CLTA,0.13572683982683975,0.06591742531936312,0.20762930957042633
CLU,0.0015415043290042674,0.9356851983007191,0.9781859208272539
CLUL1,-0.02192619047619051,0.9154423172339606,0.9712660229672838
CMC1,0.7500426406926407,5.631192716007094e-11,1.0688296304473204e-09
CMIP,0.10286374458874455,0.08542166818902228,0.2527201782555791
CNDP1,-0.027975811688311703,0.9424427302245387,0.9813894194678756
CNGB3,0.27096531385281386,0.012072326388724052,0.05026848657557448
CNP,0.8043770021645025,6.602046721584584e-06,4.860902409871974e-05
CNPY2,0.22239361471861474,0.20413061368100727,0.4636159936205006
CNPY4,0.8267982683982688,5.319505312850243e-11,1.0229548703592936e-09
CNST,0.3782551948051947,1.1144632561184993e-08,1.2200659541701772e-07
CNTF,0.04173300865800855,0.6403721170046321,0.8367490827020742
CNTN1,-0.0060873376623376,0.8751330272467898,0.9537715806482019
CNTN2,-0.10912867965367964,0.22287585792771636,0.4898328156720337
CNTN3,0.12032981601731607,0.09851144725719127,0.2792950042880311
CNTN4,0.047793181818181873,0.354515131129322,0.6412461107310343
CNTN5,-0.04141287878787875,0.5606696010891176,0.7890405604157393
CNTNAP2,0.01848706709956712,0.9830579555820083,0.9960063792603848
CNTNAP4,-0.2518625,0.18940492958756383,0.44184406159971995
COCH,0.2988506493506493,0.000690305348238958,0.003814295903407323
COL15A1,0.007249891774891742,0.6192553319982443,0.8235138013789209
COL18A1,0.10058609307359306,0.1475478625446385,0.3717951743258434
COL1A1,-0.027062012987013023,0.7372345691475306,0.8897343706103352
COL24A1,0.30162213203463206,0.03406580373012528,0.12188074795195131
COL28A1,0.0007880952380952821,0.9559697449079332,0.9898333561338607
COL2A1,0.5058859307359307,4.6425286715004085e-05,0.00030155802903990427
COL3A1,-0.10525952380952378,0.3392801819297282,0.625688310271669
COL4A1,-0.05497451298701328,0.8219060114431775,0.9257923974753017
COL4A4,0.08464150432900436,0.6556396536746179,0.8442443646215454
COL5A1,0.011336904761904854,0.60732592687876,0.8161901996628117
COL6A3,0.05426634199134192,0.3392801819297282,0.625688310271669
COL9A1,0.05885275974025972,0.42707692074844084,0.6966247713792616
COL9A2,-0.018078030303030335,0.5721680575340528,0.7952696206517705
COLEC12,0.04616509740259736,0.354517179247811,0.6412461107310343
COMMD1,0.3343716991341992,0.00044421519880557186,0.0025509646878363193
COMMD9,0.09073658008658009,0.12946868834529043,0.33971003234585634
COMP,0.12479280303030305,0.15235594365292643,0.3796559448401568
COMT,0.5406314935064933,9.072373753332115e-06,6.515613877393064e-05
COPB2,0.3141046536796537,0.03197015939953393,0.11609073872409618
COPE,-0.18794215367965356,0.5158195230677178,0.7634155383855057
COQ7,-0.0634810064935065,0.848433383152062,0.9372527509272401
CORO1A,1.1687458333333336,6.741646648516179e-09,7.758202028981414e-08
CORO6,0.1794876082251082,0.20717312334809712,0.4676193355571335
COX5B,0.9128412337662337,1.0603005600891144e-08,1.1651347883986773e-07
COX6B1,0.19667846320346313,0.02750726863527593,0.10216976013315489
CPA1,-0.12024956709956747,0.3747368378685546,0.6566881157612621
CPA2,-0.1671256493506492,0.45733912163135615,0.7225958121775428
CPA4,0.06116022727272729,0.2902752795613569,0.5764094036398412
CPB1,-0.01434215367965358,0.9087062036483103,0.9683369424950825
CPB2,0.10421731601731604,0.015666765232987566,0.06377988130365272
CPE,0.042549350649350656,0.9627382556941022,0.9912236426184786
CPLX2,0.15694345238095236,0.012072691610007966,0.05026848657557448
CPM,0.16466596320346322,0.1093455616837158,0.3018102708229474
CPOX,-0.019861958874458935,0.7565340556476334,0.8981921383663821
CPPED1,0.25459680735930745,0.05124761400863193,0.1696452726469209
CPQ,-0.0535101190476191,0.3611805450974275,0.6461020399753858
CPTP,-0.056945562770562785,0.3611805450974275,0.6461020399753858
CPVL,0.11291076839826844,0.26400426153022505,0.542675426478796
CPXM1,0.47319978354978365,2.1252661953103967e-05,0.00014480543330751259
CPXM2,0.06582943722943718,0.3747368378685546,0.6566881157612621
CR1,-0.14107429653679632,0.07585189613087359,0.2326496247539806
CR2,-0.18574258658008658,0.2011207452948004,0.46071782013848084
CRACR2A,0.17529247835497852,0.10747740695427453,0.2977786355709426
CRADD,1.1801630952380946,1.0485658646155085e-10,1.8463602543801998e-09
CREB3,0.00212353896103884,0.888539123512752,0.9597930000102639
CREBZF,0.007305086580086523,0.9019766479785182,0.9650357767354352
CREG1,0.024796482683982657,0.6866019901563465,0.8639421511954373
CRELD1,0.09046969696969676,0.31414953249445055,0.6025322070087132
CRELD2,0.2775493506493507,0.0017475681888431407,0.008993207422514965
CRH,0.11321753246753252,0.6866007271322125,0.8639421511954373
CRHBP,0.029360173160173197,0.9289322965480106,0.9760133367396961
CRHR1,0.08599680735930743,0.7117593852512301,0.8759884981428824
CRIM1,-0.028956385281385333,0.7890334710115104,0.9144914346743159
CRIP2,0.02463749999999998,0.9627382556941022,0.9912236426184786
CRISP2,-0.06882916666666677,0.7372345691475306,0.8897343706103352
CRISP3,-0.06498230519480513,0.5955002115928472,0.8080998693063566
CRKL,1.4583545454545457,2.5228660168836644e-13,3.273438465662968e-11
CRLF1,0.08609550865800868,0.38626869890566384,0.666901008211019
CRNN,-0.40061309523809524,0.023075818130982143,0.08828614711630996
CRTAC1,-0.07948057359307353,0.4522136815850589,0.7183807561266996
CRTAM,-0.1478104978354977,0.25502992134383484,0.5313274840256802
CRTAP,-0.0817068722943724,0.6192538405579049,0.8235138013789209
CRX,-0.05934799783549781,0.9221841785257137,0.9741761181130234
CRYBB1,0.8813961038961037,2.0814707005103535e-12,7.703092738718824e-11
CRYBB2,-0.3274753246753246,0.2164978042940242,0.4816005189889138
CRYGD,0.9928604437229442,1.5063753400983413e-05,0.00010458753252036702
CRYM,-0.015383603896103937,0.4270788882352503,0.6966247713792616
CRYZL1,0.9191608766233765,6.091542034247439e-09,7.093855524344727e-08
CSDE1,0.2658172619047619,0.0014890232235869392,0.007772169433115399
CSF1,-0.008642316017316048,0.888539123512752,0.9597930000102639
CSF1R,-0.051644534632034556,0.9627382556941022,0.9912236426184786
CSF2,-0.098499567099567,0.5635324453644356,0.7919256431731948
CSF2RA,0.024145129870129883,0.8153046147914853,0.9240540477066738
CSF2RB,-0.16444172077922084,0.3307637157371567,0.6185683564297563
CSF3,-0.10334426406926395,0.412397091054609,0.6849072142912624
CSF3R,0.06276141774891775,0.5268564656123884,0.7696159165342386
CSH1,0.0772145021645022,0.2676534317761413,0.5474814423244654
CSNK1D,0.7513714826839827,9.072373753332115e-06,6.515613877393064e-05
CSNK2A1,0.6179251082251083,1.9267979454315794e-06,1.5221703768909476e-05
CSPG4,-0.013901352813852796,0.969509452914085,0.9939937323282604
CSPG5,-0.11613165584415586,0.510349047054832,0.7587742952905768
CSRP3,0.27051282467532445,0.10840679725807693,0.30006919354674133
CST1,-0.48948576839826796,0.07797981416037646,0.23693866610268233
CST3,0.02589891774891767,0.4522136815850589,0.7183807561266996
CST5,-0.22492343073593069,0.22287979638857502,0.4898328156720337
CST6,-0.026052867965367876,0.6495140772994294,0.840059166452901
CST7,0.010618939393939403,0.782502831063937,0.9116204763650411
CSTB,0.24891872294372303,0.010185384096149979,0.04339923864875567
CTAG1A_CTAG1B,-0.1891426948051948,0.23942085271845726,0.5126938846124912
CTBS,-0.06185909090909075,0.44712086445544286,0.7133920779493774
CTF1,0.8999175324675327,9.736979218328999e-07,8.179370045435562e-06
CTHRC1,0.04429880952380977,0.6648653789707822,0.8529661214852879
CTLA4,0.13354761904761908,0.11315882547220937,0.30826024870015656
CTNNA1,0.0013893398268398083,1.0,1.0
CTRB1,-0.1172537337662338,0.4075704450855334,0.6811483196026382
CTRC,-0.2198208874458874,0.15235594365292643,0.3796559448401568
CTRL,-0.3591060606060606,0.021102054488974606,0.08224174036169703
CTSB,-0.07832532467532449,0.7180993768482874,0.8800857352316747
CTSC,0.0468039502164502,0.8285200418107319,0.928590522320847
CTSD,0.18805903679653682,0.008565396605752614,0.03731245048973903
CTSE,0.07806471861471859,0.42215143296961466,0.6947909000958241
CTSF,-0.07638517316017313,0.7500833253020773,0.8952607431024793
CTSH,-0.11775817099567054,0.9762828489184295,0.9953522034839796
CTSL,0.12828566017316015,0.07515485848406672,0.23123963299887057
CTSO,0.048410660173160175,0.7890343476731525,0.9144914346743159
CTSS,0.10113998917748919,0.03860845841325225,0.13532057534633915
CTSV,0.10201341991342006,0.23942085271845726,0.5126938846124912
CTSZ,-0.02385422077922078,0.8087155047476673,0.9215897676090986
CUZD1,-0.12187613636363637,0.3747368378685546,0.6566881157612621
CWC15,-0.007361201298701242,0.2445458635268235,0.5194822377099602
CX3CL1,-0.20249534632034621,0.05226963311979686,0.1724425932383366
CXADR,-0.05020470779220776,0.60732592687876,0.8161901996628117
CXCL1,0.7558435064935063,4.62476282130725e-07,4.011329889222876e-06
CXCL10,0.048097727272727264,0.27133712314825253,0.5511594238793205
CXCL11,0.3366363636363635,0.03335557518616259,0.12007185501127249
CXCL12,0.11717727272727285,0.31008327000867275,0.5990571039229018
CXCL13,0.1529724025974028,0.48344975363490605,0.7453183701871469
CXCL14,-0.010922997835497661,0.969509452914085,0.9939937323282604
CXCL16,-0.03577754329004329,0.35673099453946366,0.6420718577825446
CXCL17,-0.03513409090909092,0.9627382556941022,0.9912236426184786
CXCL3,2.834080248917749,1.276443243515216e-12,5.922291429833296e-11
CXCL5,2.104757792207792,1.2943186492862441e-08,1.396049229469997e-07
CXCL6,0.4274076839826839,0.0030743861676779294,0.014853604575409237
CXCL8,-0.3452047619047578,0.8818321073900629,0.9564360853065506
CXCL9,-0.13718252164502198,0.4755307811521997,0.738956126160489
CYB5A,-0.09268674242424246,0.9221845086619007,0.9741761181130234
CYB5R2,0.3570839285714288,0.0004734490001786264,0.002697644108230263
CYP24A1,-0.04449155844155883,0.2864181983517873,0.5722490729885674
CYTH3,-0.06866964285714283,0.6495154691014562,0.840059166452901
CYTL1,0.03589951298701305,0.352316140130296,0.6388462019856422
DAAM1,1.155464989177489,5.363562035317752e-13,3.563111779371316e-11
DAB2,2.097736363636363,1.723658451912891e-13,2.86102024087109e-11
DAG1,0.3165400974025974,3.901642652563184e-06,2.969922258708903e-05
DAND5,0.2442180194805195,0.674150223875841,0.8567570019082971
DAPK2,0.09253587662337637,0.40277763344582707,0.676620127909283
DAPP1,3.2359689935064924,2.3680855068614167e-13,3.273438465662968e-11
DARS1,0.8066648268398268,2.4556151056996996e-08,2.5273813218169796e-07
DBH,0.5207122294372295,0.14518773421096182,0.36743181566981936
DBI,0.7958975649350652,4.4057116286522766e-10,6.53700258403584e-09
DBN1,0.3082565476190475,0.0005045256172838482,0.002858000735117613
DBNL,1.7413214826839831,1.6172216472260785e-13,2.86102024087109e-11
DCBLD2,-0.03649258658008658,0.6525732526227053,0.8428951027026811
DCC,-0.11280952380952378,0.22287782716449145,0.4898328156720337
DCDC2C,-0.10483658008658006,0.969509452914085,0.9939937323282604
DCLRE1C,-0.14104518398268384,0.14518773421096182,0.36743181566981936
DCN,0.01709383116883123,0.6928576957580301,0.8665940511303268
DCTD,1.429498647186147,8.285627084873502e-12,2.0878351697487282e-10
DCTN1,0.5778698593073592,4.980928084762731e-06,3.733141741477298e-05
DCTN2,1.3213030303030306,1.2203814620010572e-09,1.674730053253094e-08
DCTN6,0.6213125541125543,1.1041277291267262e-05,7.852470443400051e-05
DCTPP1,0.012791720779220861,0.9830579555820083,0.9960063792603848
DCUN1D1,-0.054782683982684266,0.7955807254302163,0.9169883519055687
DCUN1D2,-0.2842458874458875,0.15235594365292643,0.3796559448401568
DCXR,0.2149850649350653,0.14518602213840517,0.36743181566981936
DDA1,0.055290692640692606,0.18095385629771277,0.4265549370630762
DDAH1,0.22136461038961058,0.0036231318438332285,0.01722018598296671
DDC,-0.15927808441558455,0.47290951878759135,0.7356649938350875
DDHD2,0.17942554112554115,0.040234826151593114,0.14000761528703176
DDI2,0.41652121212121207,0.02721013679952877,0.1014504375779669
DDR1,-0.0793222402597403,0.39801474614737997,0.6728796080225172
DDT,0.09770438311688301,0.44712086445544286,0.7133920779493774
DDX1,-0.040031655844155856,0.7565340556476334,0.8981921383663821
DDX25,-0.18851818181818175,0.14055435723976775,0.3597551543010868
DDX39A,-0.08252494588744579,0.08697683507511222,0.256283557383622
DDX4,0.2796502164502164,0.09177847200910859,0.2658795968469998
DDX53,-0.16081417748917756,0.24283037070150637,0.5169651664679557
DDX58,0.13320898268398268,0.09509864283867331,0.27225595790151036
DECR1,0.5534502164502163,9.738011549132998e-07,8.179370045435562e-06
DEFA1_DEFA1B,-0.15185844155844125,0.11510435723491985,0.31210578497000996
DEFB103A_DEFB103B,-0.0631422077922078,0.5549618358542556,0.7878355736775081
DEFB104A_DEFB104B,0.10243977272727275,0.6373382289671439,0.8331572644324515
DEFB116,-0.1499040584415584,0.31414953249445055,0.6025322070087132
DEFB118,-0.06818111471861471,0.6679573903796867,0.8529661214852879
DEFB4A_DEFB4B,0.2899127705627704,0.37932461003532403,0.6588032294315223
DENND2B,-0.12081022727272739,0.04455114539220605,0.15195524977671182
DENR,0.8547133658008658,2.1520001384085785e-07,1.965717626427586e-06
DFFA,0.6057455086580086,3.901642652563184e-06,2.969922258708903e-05
DGCR6,0.13998869047619042,0.29416716358058137,0.5801960992888254
DGKA,0.24921147186147197,0.0013836694517350557,0.007248146608282379
DGKZ,0.051460443722943616,0.5578104903735577,0.7890405604157393
DHODH,-0.21479410173160168,0.15480426857962448,0.3831438417089266
DHPS,-0.10889361471861472,0.8952541288849709,0.9620690510039596
DHRS4L2,0.5305916125541128,5.984236950556976e-08,5.990385139204809e-07
DIABLO,2.1939256493506494,2.3511004655530544e-12,8.380813000989729e-11
DIPK1C,-0.10549648268398268,0.60732592687876,0.8161901996628117
DIPK2B,5.784632034638859e-05,0.848433383152062,0.9372527509272401
DKK1,0.5362984307359306,4.475046365124384e-05,0.0002926956217433732
DKK3,-0.023133658008658076,0.8087163030849599,0.9215897676090986
DKK4,0.011734199134199264,0.5380108904868224,0.7758292219501637
DKKL1,-0.046864664502164616,0.6679573903796867,0.8529661214852879
DLG4,0.4145305194805194,3.235033276236715e-07,2.8654552322545204e-06
DLGAP5,-0.18978192640692637,0.3435906963497789,0.6296649563826983
DLK1,0.33644567099567096,0.03941536306565961,0.13781232803938162
DLL1,-0.08709274891774887,0.16360542296643654,0.39785245535016145
DLL4,-0.21630800865800892,0.2731898911980756,0.5545375360916492
DMD,0.08072981601731627,0.18940492958756383,0.44184406159971995
DMP1,-0.12684778138528152,0.8751335543272245,0.9537715806482019
DNAJA1,-0.16247153679653678,0.510349047054832,0.7587742952905768
DNAJA2,1.6429140692640698,4.446100805576662e-13,3.37452818073612e-11
DNAJA4,0.4822543831168842,0.008565396605752614,0.03731245048973903
DNAJB1,1.2014275432900443,6.602046721584584e-06,4.860902409871974e-05
DNAJB14,0.5144756493506494,2.925060985325063e-06,2.2499877000276734e-05
DNAJB2,0.6675877705627706,2.5668916496336687e-05,0.00017328000674085944
DNAJB6,1.4609482142857146,4.1759925343537265e-13,3.2990341021394436e-11
DNAJB8,-0.06178760822510822,0.6679573903796867,0.8529661214852879
DNAJC21,0.12487267316017314,0.026336582608908192,0.09894836885069234
DNAJC6,1.29843566017316,2.162201267844113e-10,3.4162780031936987e-09
DNAJC9,0.9023800324675331,2.2073549022546186e-05,0.0001500487995183779
DNER,-0.08637343073593085,0.40277763344582707,0.676620127909283
DNLZ,-0.28253852813852864,0.20717312334809712,0.4676193355571335
DNM1,1.9330638528138533,1.4080789167273484e-11,3.319205381930677e-10
DNM3,0.4851400432900433,3.310820794292828e-06,2.540033905962713e-05
DNMBP,0.10871569264069267,0.07942438149872902,0.24032864091178563
DNPEP,0.24134172077922078,0.031297579115373245,0.114353529692795
DNPH1,0.6086672619047624,9.170862971888985e-05,0.0005814844352891866
DOC2B,0.038793452380952394,0.5955002115928472,0.8080998693063566
DOCK9,-0.01930270562770567,0.6252581203826834,0.8258605900942537
DOK1,1.3825212121212123,3.590289246509601e-12,1.1532324689612707e-10
DOK2,2.097437012987013,8.283946625064244e-12,2.0878351697487282e-10
DPEP1,-0.07037954545454528,0.5549618358542556,0.7878355736775081
DPEP2,0.08574388528138499,0.08089063243161297,0.24325444300165094
DPP10,-0.16101812770562773,0.12733531063635145,0.3359215821209885
DPP4,0.017792586580086547,0.8285200418107319,0.928590522320847
DPP6,0.04986628787878791,0.759764834997763,0.9003852442862315
DPP7,0.13854220779220772,0.37932461003532403,0.6588032294315223
DPT,0.008004166666666701,0.6132717844406167,0.8204169734070901
DPY30,0.5342164502164501,1.2604192755171365e-06,1.0319903479934425e-05
DRAXIN,-0.046090584415584404,0.7759866120255959,0.9091017502808886
DRG2,0.7019607142857144,8.288608510373193e-13,4.4865930881149707e-11
DSC2,-0.10176293290043287,0.4420608276938772,0.709189791080792
DSCAM,0.004894696969696993,0.4624951165783028,0.7256461586620044
DSG2,-0.1142901515151517,0.11707610255038767,0.3159865630238072
DSG3,-0.05389448051948052,0.730837371204852,0.8875104428881523
DSG4,-0.0639991883116883,0.4781637613617501,0.7391182836913778
DTD1,2.41984935064935,1.8430306248117163e-12,6.996335735486554e-11
DTNB,0.23415303030303025,0.006481642845627389,0.02910267594127321
DTX2,-0.07343089826839827,0.370183525768071,0.6549917952906003
DTX3,0.08893436147186168,0.1112377757807655,0.3047352070260414
DTYMK,1.0719404220779223,7.091523564862735e-09,8.128832698075991e-08
DUOX2,0.017803463203463127,0.7244588389762001,0.8826982852552868
DUSP13,0.31499891774891753,0.1210990688896973,0.32326262864345684
DUSP29,0.216409145021645,0.01178536956179584,0.04928273995583582
DUSP3,0.6945565476190478,0.01679821758188357,0.067819323193157
DUT,1.128654166666667,2.821464940983922e-09,3.55480259590345e-08
DXO,0.7780265692640694,6.431625947663715e-10,9.170557387815141e-09
DYNC1H1,0.07460909090909085,0.5324188901098932,0.770425948411494
DYNLT1,0.05410162337662339,0.4522136815850589,0.7183807561266996
DYNLT3,-0.013229707792207779,0.35673099453946366,0.6420718577825446
EBAG9,1.3760336580086583,5.038788172192022e-13,3.42520414588774e-11
EBI3_IL27,-0.0860689935064935,0.5076225377914791,0.7587742952905768
ECE1,0.03709648268398266,0.5606696010891176,0.7890405604157393
ECHDC3,-0.1463431277056277,0.8818321073900629,0.9564360853065506
ECHS1,0.423907305194805,0.013604432957995736,0.0562457673779654
ECI2,0.29042018398268393,0.003929659814697127,0.01852644457799952
ECM1,0.009177164502164603,0.5808660438129509,0.8003709621156868
ECSCR,0.02547895021645097,0.7117593852512301,0.8759884981428824
EDA2R,0.12262353896103895,0.2603895497108345,0.5382734468209117
EDAR,0.3567794372294372,0.004614383754624294,0.021409275737725098
EDDM3B,0.3861141774891773,0.031297579115373245,0.114353529692795
EDEM2,-0.049401136363636355,0.38860323823892773,0.6685622515434878
EDF1,0.6382023268398269,0.00012992485691957223,0.0008012032843373621
EDIL3,-0.3766029220779221,0.003929659814697127,0.01852644457799952
EDN1,0.06989415584415604,0.4861027403738448,0.7456507458088525
EDNRB,-0.03415243506493503,0.7436500245368596,0.8930521864097125
EEF1D,0.533397619047619,0.00016512698330565652,0.001007653804180447
EFCAB14,0.03703896103896098,0.3747368378685546,0.6566881157612621
EFCAB2,0.25491699134199136,0.0017475681888431407,0.008993207422514965
EFEMP1,-0.1309746753246751,0.22612080897100362,0.49435387032329364
EFHD1,-0.11503030303030326,0.4370317717497634,0.7049942452525746
EFNA1,-0.039969480519480405,0.6312829587664055,0.8289526413124509
EFNA4,-0.02962597402597389,0.5549601517253584,0.7878355736775081
EFNB2,-0.1179270562770563,0.6495154691014562,0.840059166452901
EGF,1.580288474025973,3.247680995697094e-13,3.273438465662968e-11
EGFL7,0.07873598484848499,0.38162936990145524,0.6620193757993791
EGFLAM,-0.015757359307359387,0.9864459400865643,0.9976846942514148
EGFR,-0.07049886363636362,0.01884291680539264,0.07483402964967756
EGLN1,0.11949567099567115,0.13828072522718826,0.354867919086103
EHBP1,0.4927435606060607,7.845038465386853e-09,8.888002881521617e-08
EHD3,2.019810606060606,1.7338877320914142e-12,6.848856541761086e-11
EIF1AX,1.037214880952381,4.046811287701045e-07,3.5309938489403445e-06
EIF2AK2,0.9068209415584411,4.745925125720962e-11,9.436965403049232e-10
EIF2AK3,-0.05296158008658006,0.888539123512752,0.9597930000102639
EIF2S2,0.3662070887445887,1.2903772783310928e-05,9.066761501350444e-05
EIF4B,1.2398620670995675,1.65813553725026e-08,1.7753590386016521e-07
EIF4E,1.774896212121212,4.299960635026336e-12,1.2825290751206102e-10
EIF4EBP1,0.6317278138528146,0.002602469733452512,0.012828025347186665
EIF4G1,1.5855923701298695,1.534283118311427e-12,6.595161110035737e-11
EIF4G3,0.43059296536796543,0.0010271183642579158,0.005508746749955757
EIF5,0.5620589285714286,1.3728440589942409e-06,1.1115853696510154e-05
EIF5A,0.14745882034632024,0.05763869896398758,0.18636937729174302
ELAC1,1.4443194264069261,1.5505234210959943e-10,2.604701126358386e-09
ELAVL4,-0.21557851731601727,0.24111936574685733,0.5159530791201055
ELN,0.16326168831168786,0.06225723078833177,0.19801728573916624
ELOA,0.11070909090909103,0.21967216643148701,0.4864407139994216
ELOB,0.16466666666666668,0.03821193665178711,0.1347327995575075
ENAH,0.19620817099567117,0.06225723078833177,0.19801728573916624
ENDOU,0.0008001623376625022,0.989834284409546,0.9976846942514148
ENG,-0.0037814935064935384,0.8818321073900629,0.9564360853065506
ENO1,1.1107787878787876,9.370910328820554e-11,1.6804399319719313e-09
ENO2,0.9541188852813856,2.2451751474258686e-11,4.971702239337737e-10
ENO3,0.34462987012987034,0.04925372231212594,0.16416035384075728
ENOPH1,-0.09392261904761912,0.6312858636885104,0.8289526413124509
ENOX2,0.026964123376623517,0.6556396536746179,0.8442443646215454
ENPEP,0.018052922077921973,0.9864459400865643,0.9976846942514148
ENPP2,-0.053478409090909076,0.5549618358542556,0.7878355736775081
ENPP5,-0.02314285714285716,0.674150223875841,0.8567570019082971
ENPP6,-0.04947705627705623,0.4420608276938772,0.709189791080792
ENPP7,-0.00947099567099563,0.8818321073900629,0.9564360853065506
ENSA,0.6181067640692641,2.3806734759647008e-05,0.00016145495522609793
ENTPD2,0.035720292207792104,0.9289319948799929,0.9760133367396961
ENTPD5,0.01720638528138535,0.6434134660461421,0.8369833953790919
ENTPD6,0.03222115800865799,0.5240828883033839,0.7696159165342386
ENTR1,-0.1501829004329005,0.5721696928603057,0.7952696206517705
EP300,0.2254722943722943,0.0058451863821378965,0.02644811113775398
EPB41L5,-0.22859307359307357,0.16749599485081068,0.40596251488301793
EPCAM,-0.10797775974025986,0.5635324453644356,0.7919256431731948
EPGN,-0.1340204545454545,0.006481415571034514,0.02910267594127321
EPHA1,0.08878252164502168,0.41239510176874694,0.6849072142912624
EPHA10,-0.0687732683982685,0.8021415247722942,0.919113946260061
EPHA2,0.03595200216450223,0.2568092292616898,0.5338928713598289
EPHA4,-0.08762911255411271,0.504907297688539,0.7583987827048302
EPHB4,-0.012362987012987048,0.9019766479785182,0.9650357767354352
EPHB6,-0.05857180735930739,0.3182507094774285,0.605235409110295
EPHX2,-0.17126141774891773,0.2980938811170427,0.5840002778184422
EPN1,0.008709902597402579,0.7244588389762001,0.8826982852552868
EPO,0.4308797077922078,0.04191715494780382,0.1446562501917716
EPPK1,-0.0700482683982685,0.510349047054832,0.7587742952905768
EPS8L2,-0.04891093073593056,0.7792418669894783,0.9114541725531192
ERBB2,0.15834972943722944,0.01971985351046441,0.07789342136633441
ERBB3,0.01487088744588743,0.4968005345398837,0.7539709047040914
ERBB4,0.012627110389610507,0.9154423172339606,0.9712660229672838
ERBIN,1.3463574134199134,8.79098179773485e-12,2.1236396524610718e-10
ERC2,0.2808045995670996,0.33713593405492803,0.6256814826936855
ERCC1,0.02515075757575755,0.969509452914085,0.9939937323282604
EREG,-0.008984469696969755,0.5021942958400316,0.7570496362780872
ERI1,0.11794215367965363,0.059911063969961785,0.1922283644173417
ERMAP,0.23860692640692638,0.024121479247361213,0.09156764135069718
ERN1,-0.08269886363636364,0.3182507094774285,0.605235409110295
ERP29,1.807109686147186,7.790582743412709e-13,4.296579879055726e-11
ERP44,0.25784653679653685,0.00017083395124762343,0.0010338460445068391
ERVV.1,-0.11025027056277048,0.19814338282391764,0.45532477043577935
ESAM,0.15564821428571424,0.013930610803210083,0.057431841153431695
ESM1,-0.06681130952380948,0.42215143296961466,0.6947909000958241
ESPL1,-0.24121563852813854,0.3770243901684538,0.6588032294315223
ESR1,0.3086335497835496,0.07655671242954576,0.23407455066063
ESYT2,0.815279220779221,5.502579706873867e-09,6.51175728064466e-08
EVI2B,-0.05488820346320347,0.354517179247811,0.6412461107310343
EVI5,0.17070546536796535,0.00824953447342824,0.03620629018893506
EVPL,-0.05323257575757567,0.7500833253020773,0.8952607431024793
EXOSC10,-0.12598625541125552,0.4420608276938772,0.709189791080792
EXTL1,0.019507142857142855,0.9559697449079332,0.9898333561338607
EZR,0.10843663419913413,0.013285020480595256,0.05508101399259565
F10,0.12299632034632028,0.12008175086662785,0.3226093361977511
F11,0.11909161255411255,0.026336582608908192,0.09894836885069234
F11R,0.32218371212121205,7.151050243707077e-06,5.225629965588947e-05
F12,0.01901504329004322,0.8484327458897201,0.9372527509272401
F13B,0.1187357142857143,0.504907297688539,0.7583987827048302
F2,0.018548863636363655,0.8021398755181567,0.919113946260061
F2R,0.3954519480519482,2.0460889017255785e-05,0.00014006365011109755
F3,0.003180681818181652,0.7565330522167851,0.8981921383663821
F7,0.07522445887445878,0.42215143296961466,0.6947909000958241
F9,0.07510319264069261,0.39094229618433063,0.6699290000208457
FABP1,0.00038268398268370696,0.8219060114431775,0.9257923974753017
FABP2,0.09319329004329013,0.6434148783499212,0.8369833953790919
FABP3,0.37465892857142863,0.004146902225712535,0.01936325112740853
FABP4,0.14999788961038965,0.4420608276938772,0.709189791080792
FABP5,0.8421971861471858,2.414293881851969e-10,3.733852389763653e-09
FABP6,-0.16933192640692618,0.2532612087622603,0.5284000127461442
FABP9,0.08688371212121199,0.7694861237542385,0.903296361338811
FADD,1.3327669913419913,5.799731308575975e-12,1.5993032655629786e-10
FAM13A,0.6636356060606062,2.467154036587962e-07,2.225768903995868e-06
FAM171A2,-0.3217590909090915,0.3747368378685546,0.6566881157612621
FAM171B,0.09103950216450216,0.8818311089086497,0.9564360853065506
FAM172A,0.6448947510822511,4.4057116286522766e-10,6.53700258403584e-09
FAM20A,0.1319246212121212,0.1093455616837158,0.3018102708229474
FAM3B,0.1564969696969698,0.05763869896398758,0.18636937729174302
FAM3C,0.02626645021645002,0.60732592687876,0.8161901996628117
FAM3D,0.15436433982683972,0.5324188901098932,0.770425948411494
FAP,0.009309686147186164,0.7372345691475306,0.8897343706103352
FARSA,0.03937191558441558,0.3392801819297282,0.625688310271669
FAS,0.01252164502164501,0.9966113466412806,0.9993464721209137
FASLG,-0.22114669913419913,0.031971619799143834,0.11609073872409618
FBLN2,-0.02550124458874442,0.8885386522253625,0.9597930000102639
FBN2,-0.031139339826839817,0.8952536856490746,0.9620690510039596
FBP1,0.062260876623376676,0.661787079767117,0.8502873117183661
FCAMR,-0.12953944805194795,0.8550933837293739,0.9414078947800227
FCAR,-0.03142202380952383,0.7244588389762001,0.8826982852552868
FCER1A,0.04078225108225107,0.33500245663271067,0.6229123367299022
FCER2,0.12497029220779221,0.352316140130296,0.6388462019856422
FCGR2A,0.05515054112554141,0.7890343476731525,0.9144914346743159
FCGR2B,0.2770764610389611,0.31008327000867275,0.5990571039229018
FCGR3B,-0.05978203463203463,0.3885992003215991,0.6685622515434878
FCN1,0.2189060064935065,0.0215811808036836,0.08366285343390871
FCN2,0.2552082251082251,0.07797854793181712,0.23693866610268233
FCRL1,-0.20480568181818182,0.16880514050209117,0.40879654158045775
FCRL2,-0.37696206709956714,0.009229133783004499,0.04008433588071642
FCRL3,-0.0670239177489178,0.9289322965480106,0.9760133367396961
FCRL5,-0.21533869047619048,0.1865561740282996,0.4365922311326819
FCRL6,-0.020824296536796627,0.8751335543272245,0.9537715806482019
FCRLB,-0.12763306277056274,0.4270788882352503,0.6966247713792616
FDX1,-0.047808928571428544,0.9627382556941022,0.9912236426184786
FDX2,1.1090596861471858,3.4700049241738895e-09,4.2438595788118325e-08
FEN1,0.3530877705627705,0.01530538387109289,0.0623955886404526
FES,0.1780294372294372,0.05330864109064339,0.17488345444214437
FETUB,-0.05885194805194821,0.7955798746984295,0.9169883519055687
FGA,-0.08999031385281389,0.30605191565420764,0.5940170979131799
FGD3,0.2259913961038965,0.06225723078833177,0.19801728573916624
FGF12,-0.07387429653679661,0.5779614624377551,0.7980072530493899
FGF16,0.13592808441558368,0.04106869279552443,0.14223197753710654
FGF19,0.0887463744588744,0.46768721201268604,0.7302616029450221
FGF2,0.3020241883116883,2.3267595272619154e-06,1.8136314928497543e-05
FGF20,-0.06675400432900419,0.30605191565420764,0.5940170979131799
FGF21,0.4026240259740258,0.1038169889388071,0.2901119107725938
FGF23,0.2946140151515151,0.0252079777032983,0.09532072293239448
FGF3,0.013546049783549799,0.8219060114431775,0.9257923974753017
FGF5,-0.158181601731602,0.19228561821459866,0.4467812893809793
FGF6,-0.06522981601731598,0.4522136815850589,0.7183807561266996
FGF7,-0.16936212121212119,0.26400426153022505,0.542675426478796
FGF9,0.13890319264069279,0.3182507094774285,0.605235409110295
FGFBP1,-0.13016417748917752,0.2293953153373186,0.4981593660705663
FGFBP2,0.07039107142857148,0.3435906963497789,0.6296649563826983
FGFBP3,0.04550768398268401,0.31008327000867275,0.5990571039229018
FGFR2,0.018654220779220784,0.6252566482896219,0.8258605900942537
FGFR4,0.00028409090909087276,0.8417835209466066,0.9352091121271027
FGL1,0.0279913961038962,0.8417841854281243,0.9352091121271027
FGR,0.028648863636363653,0.7054392605839808,0.8718811664638375
FH,0.06792559523809519,0.8584266940805148,0.944366287842433
FHIP2A,-0.14801769480519483,0.4887673037871233,0.7456507458088525
FHIT,1.28705762987013,1.1090641579630524e-10,1.9296396034083347e-09
FIS1,0.9125342532467535,6.091542034247439e-09,7.093855524344727e-08
FKBP14,1.2907754329004328,2.8470905769524924e-10,4.380024082332703e-09
FKBP1B,2.706121915584415,6.9343372933338825e-12,1.8260421539112558e-10
FKBP4,0.5951300324675326,8.136178092826519e-08,7.929354797949085e-07
FKBP5,1.6487836580086581,2.6543361204400457e-12,9.021656372146807e-11
FKBP7,0.08645303030303036,0.11707610255038767,0.3159865630238072
FKBPL,0.6634530844155843,4.834530650894748e-07,4.168534835565e-06
FLI1,1.1816063852813858,5.319505312850243e-11,1.0229548703592936e-09
FLRT2,-0.10560600649350652,0.16232857110913013,0.3950761143646856
FLT1,0.04179767316017308,0.3956500751794134,0.6728796080225172
FLT3,-0.09712803030303027,0.3932919185950491,0.6699290000208457
FLT3LG,-0.0160455086580088,0.8451067541501545,0.9372527509272401
FLT4,-0.041495346320346224,0.32655780733082984,0.6154277697150327
FMNL1,0.20868149350649348,0.1360355390521625,0.35188662004377963
FMR1,0.16548419913419918,0.03552747166298082,0.12664243862304017
FN1,0.05744464285714235,0.352316140130296,0.6388462019856422
FNDC1,0.15655698051948047,0.18373920080264938,0.4320753692245729
FNTA,0.24824020562770568,0.0008827658918978317,0.00477837907780993
FOLH1,0.18240162337662333,0.8219060114431775,0.9257923974753017
FOLR1,-0.10355730519480519,0.2497514728011071,0.5263327721684471
FOLR2,-0.13421769480519485,0.14518773421096182,0.36743181566981936
FOLR3,1.1361476731601736,0.2864181983517873,0.5722490729885674
FOS,0.025822619047618955,0.9255574172719444,0.9760133367396961
FOSB,-0.055101352813852866,0.42215143296961466,0.6947909000958241
FOXJ3,0.08375876623376624,0.34793602735558826,0.634446043643409
FOXO1,0.7191169372294373,1.4300482880539071e-09,1.9351996046210973e-08
FOXO3,0.7098407467532467,0.01530538387109289,0.0623955886404526
FRMD4B,0.05877532467532469,0.40277763344582707,0.676620127909283
FRMD7,0.10185795454545452,0.9627382556941022,0.9912236426184786
FRZB,-0.016710389610389592,0.6991381771516476,0.8685016795569851
FSHB,-0.15841401515151526,0.3307637157371567,0.6185683564297563
FST,-0.1652211580086579,0.2676534317761413,0.5474814423244654
FSTL1,0.007180627705627718,0.8952541288849709,0.9620690510039596
FSTL3,-0.0035656926406926748,0.9593534611960814,0.9912236426184786
FTCD,-0.015865909090909125,0.6252581203826834,0.8258605900942537
FUCA1,-0.45313879870129864,0.008146948190344836,0.0358098188877864
FUOM,0.08083874458874485,0.3932939322736131,0.6699290000208457
FURIN,0.04572050865800864,0.6556396536746179,0.8442443646215454
FUS,0.17453479437229424,0.005129091253800358,0.023609974385603853
FUT1,-0.07423852813852796,0.2568092292616898,0.5338928713598289
FUT3_FUT5,-0.09137353896103895,0.43452865514410255,0.7044521680455972
FUT8,0.17145844155844173,0.4148210813226667,0.6885417494072429
FXN,1.4071059523809522,1.0612568979124063e-12,5.3483688148240746e-11
FXYD5,0.8551830086580088,4.651361057099796e-10,6.7641434676132854e-09
FYB1,2.1847316017316016,9.081201430448607e-14,2.86102024087109e-11
FZD10,-0.18905459956709963,0.1338186027803898,0.34738168377182893
FZD8,0.08469778138528145,0.58378066754384,0.8003709621156868
GABARAP,-0.11993436147186143,0.32238680231857075,0.6107171893565666
GABARAPL1,-0.1416871212121213,0.3307637157371567,0.6185683564297563
GABRA4,-0.1399752705627706,0.7630017961330808,0.9003852442862315
GAD1,-0.03698809523809521,0.4624970214120131,0.7256461586620044
GAD2,-0.0738262445887446,0.3839467695675344,0.6632839287505337
GADD45B,-0.09583311688311694,0.4270788882352503,0.6966247713792616
GADD45GIP1,0.7430795454545454,5.183416804293655e-10,7.500558078688294e-09
GAGE2A,-0.05608436147186148,0.1338186027803898,0.34738168377182893
GAL,-0.04811277056277055,0.6013999509832053,0.8130860576891347
GALNT10,0.1150591450216451,0.08237878506582293,0.24671433273299223
GALNT2,0.02438143939393944,0.9289322965480106,0.9760133367396961
GALNT3,-0.05627115800865806,0.9762828489184295,0.9953522034839796
GALNT5,-0.007824675324675456,0.8918951999501619,0.9620690510039596
GALNT7,-0.01494464285714281,0.8952541288849709,0.9620690510039596
GAMT,0.07221682900432896,0.9830579555820083,0.9960063792603848
GAPDH,0.6745814393939394,0.0004887706143842616,0.0027741291375634886
GART,-0.02959312770562761,0.56640564535146,0.7921548810346016
GAS2,-0.14647916666666677,0.5955002115928472,0.8080998693063566
GAS6,-0.03496796536796526,0.5549584675774559,0.7878355736775081
GASK1A,0.04524561688311696,0.8285200418107319,0.928590522320847
GAST,-0.018672186147186215,0.8021415247722942,0.919113946260061
GATA3,0.03663717532467536,0.5324188901098932,0.770425948411494
GATD3,0.4696936147186148,0.00017083395124762343,0.0010338460445068391
GBA,0.058002002164502145,0.4861027403738448,0.7456507458088525
GBP1,0.07044761904761909,0.06975557234434113,0.21737264175107582
GBP2,0.5272332792207793,0.0021976783136719597,0.011113864551666328
GBP4,0.03877911255411255,0.12946868834529043,0.33971003234585634
GBP6,0.054502976190476254,0.31414953249445055,0.6025322070087132
GC,0.04795757575757574,0.42215143296961466,0.6947909000958241
GCC1,1.831429058441558,1.723658451912891e-13,2.86102024087109e-11
GCG,-0.13103262987012942,0.6132778265119712,0.8204169734070901
GCHFR,0.03312218614718632,0.7117593852512301,0.8759884981428824
GCLM,0.21118360389610394,0.06225723078833177,0.19801728573916624
GCNT1,0.04703652597402591,0.3501196877805418,0.6376323036651238
GDF15,0.14170151515151463,0.33713593405492803,0.6256814826936855
GDF2,-0.1075763528138528,0.6434148783499212,0.8369833953790919
GDNF,-0.0466870670995671,0.5158213097199362,0.7634155383855057
GET3,0.27418928571428625,0.0215811808036836,0.08366285343390871
GFAP,0.2338290584415585,0.20413061368100727,0.4636159936205006
GFER,-0.07847467532467531,0.6803652140431975,0.8590529246860762
GFOD2,0.0335050324675325,0.6434120537256185,0.8369833953790919
GFRA1,0.08857002164502165,0.208704722965818,0.4703499654811766
GFRA2,0.05399155844155844,0.22612080897100362,0.49435387032329364
GFRA3,-0.023051461038961024,0.9492044076239982,0.9859717425319641
GFRAL,-0.15579540043290047,0.7117593852512301,0.8759884981428824
GGA1,-0.2003951298701298,0.10472119615344531,0.2918017696439663
GGACT,0.7790780844155845,5.0237711733622675e-11,9.857208851739285e-10
GGCT,0.7442439935064936,6.741646648516179e-09,7.758202028981414e-08
GGH,-0.036058441558441595,0.9087062036483103,0.9683369424950825
GGT1,0.045866991341991126,0.848433383152062,0.9372527509272401
GGT5,0.014888365800865777,0.60732592687876,0.8161901996628117
GH1,0.3178823593073591,0.31619369679721776,0.605235409110295
GH2,-0.0006271103896109409,0.7054392605839808,0.8718811664638375
GHR,0.20887007575757574,0.010695812378074475,0.04537570331075717
GHRHR,-0.21924193722943724,0.3611805450974275,0.6461020399753858
GHRL,0.16048749999999945,0.6013999509832053,0.8130860576891347
GID8,-0.11360606060606061,0.4420608276938772,0.709189791080792
GIGYF2,0.5301785714285715,4.814867532721917e-05,0.000311368535357216
GIMAP7,-0.015638365800865778,0.8351462519765688,0.9320857176508249
GIMAP8,0.08443192640692639,0.9966113466412806,0.9993464721209137
GIP,0.05920681818181825,0.6866019901563465,0.8639421511954373
GIPC2,0.03109545454545437,0.41239510176874694,0.6849072142912624
GIPC3,2.043247564935064,4.1759925343537265e-13,3.2990341021394436e-11
GIPR,0.0406470238095238,0.7372345691475306,0.8897343706103352
GIT1,0.4411681818181819,0.0028294566467225203,0.013876680836191152
GJA8,-0.10481320346320322,0.3839467695675344,0.6632839287505337
GKN1,0.030733928571428648,0.44712086445544286,0.7133920779493774
GLA,0.2430691017316016,0.00031124802770148463,0.001826863423637429
GLB1,0.1977065476190475,0.08855342006700256,0.2591047160212635
GLI2,-0.04928917748917744,0.35894939059429953,0.6456671192043923
GLIPR1,0.0011214826839825442,0.5578037854035673,0.7890405604157393
GLO1,0.43073869047619073,0.0073645297705315525,0.032764871414404456
GLOD4,0.5576777597402596,1.3565306118798692e-09,1.8442506876859803e-08
GLP1R,0.026402110389610295,0.674150223875841,0.8567570019082971
GLRX,0.4912963744588743,0.004493240649374663,0.020880353605917553
GLRX5,0.885809090909091,7.064649161299706e-08,6.929519965932564e-07
GLT8D2,0.06525281385281381,0.7500833253020773,0.8952607431024793
GLYR1,0.10388149350649353,0.3182486498005115,0.605235409110295
GM2A,-0.03219972943722926,0.8021415247722942,0.919113946260061
GMFG,1.128423538961039,1.8430306248117163e-12,6.996335735486554e-11
GMPR,0.7955808982683985,3.383268421851343e-07,2.97904459831474e-06
GMPR2,1.0022755411255415,1.6746746921886713e-09,2.2049883447150838e-08
GNAS,0.03914058441558442,0.9559697449079332,0.9898333561338607
GNE,0.12661412337662353,0.012817947777313564,0.05329567760040903
GNGT1,-0.1286601731601732,0.13828072522718826,0.354867919086103
GNLY,0.03724718614718622,0.8351462519765688,0.9320857176508249
GNPDA1,0.15254209956709974,0.03627695746783733,0.12868916019427679
GNPDA2,0.2532175865800867,0.003074134706311348,0.014853604575409237
GOLGA3,0.10105854978354978,0.15979040242195397,0.39085133579863723
GOLM2,0.040432738095238285,0.4547704141551917,0.721266370361164
GOPC,1.542571915584416,3.176344765354164e-11,6.679464567719584e-10
GORASP2,0.5750612554112552,1.286494865209102e-09,1.757207706077666e-08
GOT1,0.1102282467532466,0.026917078257816827,0.10074087035543994
GP1BA,0.14838928571428567,0.0646788973747446,0.20482818746086506
GP1BB,0.2447828463203464,0.04925372231212594,0.16416035384075728
GP2,-0.17377462121212117,0.37932461003532403,0.6588032294315223
GP5,0.5233862554112552,3.901642652563184e-06,2.969922258708903e-05
GP6,0.7612384199134199,2.018989615475478e-08,2.122844117278713e-07
GPA33,0.15842689393939394,0.6312858636885104,0.8289526413124509
GPC1,0.052313041125541165,0.3634162736483836,0.6493067040795998
GPC5,0.07689437229437221,0.3307637157371567,0.6185683564297563
GPD1,0.12705941558441552,0.18095199976767729,0.4265549370630762
GPHA2,-0.058278679653679666,0.7694861237542385,0.903296361338811
GPI,0.6362102272727272,1.6746746921886713e-09,2.2049883447150838e-08
GPIHBP1,-0.1164435064935065,0.2603895497108345,0.5382734468209117
GPKOW,-0.024886471861471852,0.69286017704125,0.8665940511303268
GPNMB,0.1256944264069264,0.031971619799143834,0.11609073872409618
GPR101,-0.16003154761904761,0.09177847200910859,0.2658795968469998
GPR158,-0.02083446969696967,0.888539123512752,0.9597930000102639
GPR15L,0.06892099567099597,0.43203969644351725,0.700805789514096
GPR37,0.06485156926406899,0.5721696928603057,0.7952696206517705
GPRC5C,0.2730693181818182,0.044552052363545,0.15195524977671182
GRAP2,2.5567060064935068,3.6832240498853277e-13,3.2754433747053e-11
GRHPR,0.5715576298701304,8.249241034337806e-05,0.0005253641537971856
GRIK2,0.032660281385281265,0.7500833253020773,0.8952607431024793
GRIN2B,-0.023409199134199143,0.45991211461968695,0.7256461586620044
GRK5,0.45635465367965367,0.00012551571203267027,0.0007756499498340279
GRN,-0.03659935064935066,0.5158213097199362,0.7634155383855057
GRP,-0.00988019480519492,0.8617631410103956,0.9459013757378142
GRPEL1,0.2156738095238092,0.023075818130982143,0.08828614711630996
GRSF1,0.32181677489177524,0.0013633644124258777,0.007180385905442956
GSAP,-0.006996320346320251,0.661787079767117,0.8502873117183661
GSN,-0.05384015151515151,0.5213220867657471,0.76689966888481
GSR,0.011767803030303059,0.4172574595163224,0.6910161779978529
GSTA1,-0.10957494588744565,0.9356851983007191,0.9781859208272539
GSTA3,-0.11153392857142841,0.9492044076239982,0.9859717425319641
GSTM4,-0.17296287878787886,0.9154423172339606,0.9712660229672838
GSTP1,0.39555059523809527,0.02721079133120973,0.1014504375779669
GSTT2B,0.24807045454545484,0.2980938811170427,0.5840002778184422
GTF2IRD1,-0.14255903679653684,0.5721680575340528,0.7952696206517705
GTPBP2,0.2701275974025974,0.004146902225712535,0.01936325112740853
GUCA2A,-0.03303771645021669,0.5779614624377551,0.7980072530493899
GUCY2C,0.0837038961038965,1.0,1.0
GUK1,0.019376136363636404,0.9762828489184295,0.9953522034839796
GUSB,0.2576091991341992,0.14518773421096182,0.36743181566981936
GYS1,0.9958379870129876,7.971416444931327e-10,1.1202139552179936e-08
GZMA,-0.001091341991342032,0.36566474093493195,0.6497495670229824
GZMB,0.2564541666666667,0.045459921799416825,0.15415549492167638
GZMH,0.5132047077922086,0.0037734198452185545,0.01787634717597056
H2AP,-0.08786996753246767,0.4522136815850589,0.7183807561266996
HADH,0.014450216450216713,0.7180982282789059,0.8800857352316747
HAGH,0.5558728896103897,0.00993839554373497,0.04265775355996669
HAO1,0.17611287878787885,0.2497514728011071,0.5263327721684471
HARS1,0.9543785173160173,3.3803078137632414e-12,1.0978488599588839e-10
HAVCR1,-0.007087500000000024,0.8087163030849599,0.9215897676090986
HAVCR2,-0.06620330086580095,0.7565340556476334,0.8981921383663821
HBEGF,0.8711882575757572,3.9220156727569443e-13,3.2754433747053e-11
HBQ1,0.11358284632034654,0.2212678839310549,0.489603349531017
HBZ,0.29502472943722924,0.32655780733082984,0.6154277697150327
HCG22,0.01584972943722946,0.5955002115928472,0.8080998693063566
HCLS1,1.4657100108225107,1.9575916803770714e-13,2.86102024087109e-11
HDAC8,0.05850340909090907,1.0,1.0
HDAC9,-0.1774073051948052,0.3932939322736131,0.6699290000208457
HDDC2,0.2833942099567097,0.0023257049923550537,0.011580980737059321
HDGF,1.1643558982683984,6.906176799576428e-05,0.0004436649403332286
HDGFL2,0.37246185064935067,6.429038957089572e-05,0.00041392248615799163
HEBP1,0.23811066017316024,0.07241402374998926,0.22398538774732127
HEG1,0.10317927489177481,0.10202429828522597,0.2870231221248465
HEPACAM2,-0.06591336580086593,0.60732592687876,0.8161901996628117
HEPH,0.014053463203463207,0.9728957912535633,0.9953522034839796
HEXIM1,0.48496536796536804,1.626901218725949e-05,0.00011242156648548341
HGF,0.1848227813852813,0.04546084044559871,0.15415549492167638
HGFAC,0.0030457792207792406,0.9154423172339606,0.9712660229672838
HGS,1.3227313852813842,3.7423147536596297e-10,5.667764779765335e-09
HHEX,0.9021442099567101,1.0975876400661362e-09,1.5204970009067848e-08
HIF1A,-0.042763744588744546,0.9966113466412806,0.9993464721209137
HIP1,-0.1668934523809524,0.08542166818902228,0.2527201782555791
HIP1R,0.017227110389610306,0.3392801819297282,0.625688310271669
HJV,0.1867271645021645,0.10025633385690731,0.28313938537559424
HK2,0.2698263528138528,0.19814338282391764,0.45532477043577935
HLA.A,0.0036805735930735273,0.9289322965480106,0.9760133367396961
HLA.DRA,-0.06896693722943703,0.7565340556476334,0.8981921383663821
HLA.E,-0.024750919913419933,0.8120080100946737,0.9240540477066738
HMBS,0.17271796536796424,0.3392801819297282,0.625688310271669
HMCN2,0.08722326839826844,0.4887673037871233,0.7456507458088525
HMGCL,0.05252510822510822,0.12733531063635145,0.3359215821209885
HMGCS1,0.022883062770562845,0.4994962818960309,0.754536243918397
HMMR,-0.16374372294372289,0.03335557518616259,0.12007185501127249
HMOX1,-0.09272635281385255,0.8617637234313373,0.9459013757378142
HMOX2,0.05520551948051963,0.20413061368100727,0.4636159936205006
HNF1A,-0.11712115800865797,0.8021415247722942,0.919113946260061
HNMT,-0.0789445887445887,0.8021415247722942,0.919113946260061
HNRNPK,1.319887878787879,4.745925125720962e-11,9.436965403049232e-10
HNRNPUL1,0.38283858225108225,0.000416649800120765,0.0024068525014881346
HPCAL1,1.2444939393939394,2.3108115544393306e-11,5.078573062876814e-10
HPGDS,-0.014682900432900409,0.5955002115928472,0.8080998693063566
HPSE,2.7554211580086587,2.4982099489909068e-12,8.693175810595739e-11
HRAS,-0.30166141774891797,0.9154423172339606,0.9712660229672838
HRC,-0.009902705627705639,0.9627382556941022,0.9912236426184786
HRG,-0.033867207792207754,0.7054392605839808,0.8718811664638375
HS1BP3,1.0025627705627702,9.912976726511895e-11,1.766806766560626e-09
HS3ST3B1,0.3125807900432902,0.04106869279552443,0.14223197753710654
HS6ST1,-0.05520800865800862,0.35673099453946366,0.6420718577825446
HS6ST2,0.0514936147186148,0.4624970214120131,0.7256461586620044
HSBP1,0.97363354978355,4.829612585371122e-08,4.884760410740412e-07
HSD11B1,-0.2049330086580087,0.03860928562566394,0.13532057534633915
HSD17B14,-0.025047240259740366,0.8351462519765688,0.9320857176508249
HSD17B3,0.06063820346320346,0.6991393951411515,0.8685016795569851
HSDL2,0.07265091991341999,0.15480426857962448,0.3831438417089266
HSP90B1,0.18509756493506502,0.7180993768482874,0.8800857352316747
HSPA1A,0.7190958874458871,5.960721668684731e-11,1.1168711177926583e-09
HSPA2,0.22747429653679663,0.03627695746783733,0.12868916019427679
HSPB1,1.8214421536796532,5.799731308575975e-12,1.5993032655629786e-10
HSPB6,0.14661417748917754,0.31414953249445055,0.6025322070087132
HSPG2,0.051744047619047606,0.11315882547220937,0.30826024870015656
HTR1A,0.0003712662337662376,0.58378066754384,0.8003709621156868
HTR1B,-0.049455519480519516,0.9221845086619007,0.9741761181130234
HTRA2,0.2219257575757574,0.0021976783136719597,0.011113864551666328
HYAL1,0.04174377705627699,0.8252107438240746,0.928590522320847
HYOU1,-0.05239485930735924,0.2694807677198574,0.5504654887698563
ICA1,0.2776231601731603,0.05652861352714764,0.18400468791481392
ICAM1,-0.07812337662337673,0.5268564656123884,0.7696159165342386
ICAM2,-0.0184818181818181,0.6803639288875719,0.8590529246860762
ICAM3,-0.12300622294372285,0.022565612489342714,0.08678853329782732
ICAM4,-0.06374696969696964,0.5721696928603057,0.7952696206517705
ICAM5,0.07560476190476195,0.4781637613617501,0.7391182836913778
ICOSLG,-0.045181547619047635,0.28259588451950446,0.5688896490706002
ID4,-0.16893403679653662,0.0985128804040233,0.2792950042880311
IDI2,0.0410242965367965,0.7890343476731525,0.9144914346743159
IDO1,-0.5308128246753219,0.4370337230234913,0.7049942452525746
IDS,-0.017539502164502167,0.529630461787097,0.770425948411494
IDUA,0.07516693722943735,0.47290951878759135,0.7356649938350875
IFI30,0.11303576839826834,0.1475478625446385,0.3717951743258434
IFIT1,-0.20540752164502166,0.14055435723976775,0.3597551543010868
IFIT3,0.04696379870129863,0.4270788882352503,0.6966247713792616
IFNAR1,0.043278517316017284,0.4099755603642672,0.68399793804128
IFNG,0.23468474025974026,0.1499354690844136,0.3755496532643011
IFNGR1,-0.059370292207792136,0.4650861914160064,0.7289259718546846
IFNGR2,0.0211809523809523,0.9627382556941022,0.9912236426184786
IFNL1,-0.03355173160173153,0.6991393951411515,0.8685016795569851
IFNL2,-0.15459237012987004,0.22612080897100362,0.49435387032329364
IFNLR1,0.23355827922077915,0.14993720333884344,0.3755496532643011
IFNW1,-0.014152705627705542,0.510349047054832,0.7587742952905768
IFT20,0.1781444805194804,0.021102054488974606,0.08224174036169703
IGBP1,1.0179101190476194,1.4241364619385218e-07,1.3257168402058277e-06
IGDCC3,0.12010292207792195,0.5324188901098932,0.770425948411494
IGDCC4,0.05285595238095239,0.2532612087622603,0.5284000127461442
IGF1R,0.10020930735930744,0.01862808226579802,0.0742836077256857
IGF2BP3,0.27298982683982687,0.0030742604354527317,0.014853604575409237
IGF2R,0.01963051948051936,0.3932939322736131,0.6699290000208457
IGFBP1,-0.35088106060606084,0.3747368378685546,0.6566881157612621
IGFBP2,-0.2233241883116882,0.1475478625446385,0.3717951743258434
IGFBP3,0.04910378787878787,0.6991393951411515,0.8685016795569851
IGFBP4,0.06309166666666688,0.5185670332941656,0.7663151862077079
IGFBP6,0.010549837662337802,0.9221845086619007,0.9741761181130234
IGFBP7,-0.008059307359307266,0.7372345691475306,0.8897343706103352
IGFBPL1,0.12705957792207784,0.08542166818902228,0.2527201782555791
IGFL4,-0.07452938311688317,0.17278601716839426,0.41397830178952166
IGHMBP2,0.023579058441558436,0.5779614624377551,0.7980072530493899
IGLC2,-0.0641024350649351,0.10025633385690731,0.28313938537559424
IGLON5,-0.18935248917748915,0.6495154691014562,0.840059166452901
IGSF21,0.08047997835497833,0.33500451362962924,0.6229123367299022
IGSF3,0.14833246753246757,0.05330864109064339,0.17488345444214437
IGSF8,0.06042949134199138,0.13827736922991657,0.354867919086103
IGSF9,0.4528016233766234,0.07797981416037646,0.23693866610268233
IKBKG,0.28065324675324677,0.0008562449667692546,0.004643421220531598
IKZF2,0.5785620670995671,0.11315882547220937,0.30826024870015656
IL10,-0.24334783549783545,0.9762828489184295,0.9953522034839796
IL10RA,0.14755557359307356,0.10472119615344531,0.2918017696439663
IL10RB,-0.032316666666666605,0.9966113466412806,0.9993464721209137
IL11,-0.02900021645021611,0.848433383152062,0.9372527509272401
IL12A_IL12B,-0.058342478354978355,0.7244588389762001,0.8826982852552868
IL12B,-0.08840541125541129,0.510349047054832,0.7587742952905768
IL12RB1,-0.20788798701298705,0.045459921799416825,0.15415549492167638
IL12RB2,0.05693441558441554,0.9830579555820083,0.9960063792603848
IL13,0.14288327922077793,0.6192553319982443,0.8235138013789209
IL13RA1,0.05969653679653679,0.3182486498005115,0.605235409110295
IL13RA2,-0.036202543290043354,0.6991393951411515,0.8685016795569851
IL15,0.032728246753246815,0.3793225815303618,0.6588032294315223
IL15RA,-0.004314285714285604,0.8818321073900629,0.9564360853065506
IL16,0.15348327922077917,0.09679372214868749,0.27629692367247416
IL17A,-0.5118055194805197,0.2011207452948004,0.46071782013848084
IL17C,-0.17384036796536811,0.7244588389762001,0.8826982852552868
IL17D,-0.07808988095238101,0.46768721201268604,0.7302616029450221
IL17F,-0.1772093073593074,0.17819998408712456,0.4217640109203766
IL17RA,0.03007678571428571,0.8751330272467898,0.9537715806482019
IL17RB,0.038870346320345917,0.7054392605839808,0.8718811664638375
IL18,0.15650497835497842,0.2532632288256408,0.5284000127461442
IL18BP,-0.05132132034632042,0.9019766479785182,0.9650357767354352
IL18R1,0.17744366883116885,0.01679821758188357,0.067819323193157
IL18RAP,0.018047456709955778,0.8351462519765688,0.9320857176508249
IL19,-0.024231547619047777,1.0,1.0
IL1A,0.001702002164502163,0.58378066754384,0.8003709621156868
IL1B,0.774925216450217,1.3154769680713386e-06,1.0740612228135539e-05
IL1R1,-0.027435822510822494,0.9932227255610709,0.9993464721209137
IL1R2,0.040516071428571415,0.6252581203826834,0.8258605900942537
IL1RAP,-0.13197213203463204,0.1951983876996347,0.4510394365581283
IL1RL1,-0.020477922077922317,0.9762828489184295,0.9953522034839796
IL1RL2,-0.11006850649350652,0.4781637613617501,0.7391182836913778
IL1RN,0.16172505411255444,0.0347904705633877,0.1241667221694533
IL2,-0.0386972943722943,0.8751335543272245,0.9537715806482019
IL20,0.08606877705627705,0.3980187623232748,0.6728796080225172
IL20RA,0.041071590909090794,1.0,1.0
IL20RB,-0.08353614718614719,0.19228561821459866,0.4467812893809793
IL21R,-0.14467997835497837,0.05763869896398758,0.18636937729174302
IL22,-0.1877712121212124,0.37932461003532403,0.6588032294315223
IL22RA1,-0.06529366883116883,0.4370298204561375,0.7049942452525746
IL24,0.11717224025974025,0.6192553319982443,0.8235138013789209
IL25,0.028127380952380918,0.5268564656123884,0.7696159165342386
IL2RA,-0.14668430735930735,0.3501196877805418,0.6376323036651238
IL2RB,0.010215800865800817,0.7117593852512301,0.8759884981428824
IL2RG,0.03579864718614714,0.5779582255724809,0.7980072530493899
IL3,0.059370454545454754,0.7890343476731525,0.9144914346743159
IL31,-0.1355098484848485,0.4522136815850589,0.7183807561266996
IL31RA,-0.0399698593073593,0.4887673037871233,0.7456507458088525
IL32,-0.12874864718614717,0.504907297688539,0.7583987827048302
IL33,0.04668966450216447,0.294165108762678,0.5801960992888254
IL34,-0.0451188852813853,0.6772536763177304,0.8590529246860762
IL36A,-0.1600367965367965,0.58378066754384,0.8003709621156868
IL36G,-0.009961417748917789,0.888539123512752,0.9597930000102639
IL3RA,-0.028152976190475854,0.782502831063937,0.9116204763650411
IL4,-0.42114745670995657,0.9356851983007191,0.9781859208272539
IL4R,-0.036269967532467584,0.7244588389762001,0.8826982852552868
IL5,-0.27111341991341986,0.21024840639415288,0.470924208344911
IL5RA,-0.15840032467532456,0.10291607449334784,0.289253543984669
IL6,0.9631458874458876,0.15728236118062883,0.3863330602781328
IL6R,0.04145064935064936,0.7372345691475306,0.8897343706103352
IL6ST,-0.012973809523809443,1.0,1.0
IL7,0.9197604978354978,3.5430663869089726e-10,5.394874846413947e-09
IL7R,0.16171190476190475,0.4270788882352503,0.6966247713792616
IL9,-0.07419572510822511,0.7244588389762001,0.8826982852552868
ILKAP,0.43380395021645013,0.0023257049923550537,0.011580980737059321
IMMT,0.020649621212121216,0.36566474093493195,0.6497495670229824
IMPA1,0.4130514069264069,1.1082273211217747e-06,9.228912990424351e-06
IMPACT,0.5185832792207785,0.0011754651572672174,0.006269862508562183
IMPG1,-0.0700960497835497,0.7180993768482874,0.8800857352316747
ING1,0.1690150974025974,0.04638520189464712,0.15638286636453694
INHBB,-0.025280140692640687,0.9019766479785182,0.9650357767354352
INHBC,0.09299485930735935,0.2902752795613569,0.5764094036398412
INPP1,0.22398170995670996,0.0015558490596611885,0.008063380853527756
INPP5D,0.39357662337662336,0.031971619799143834,0.11609073872409618
INPP5J,0.11567711038961037,0.6587091232095037,0.8478233232678904
INPPL1,0.7533892316017312,2.6792802479470977e-09,3.3902753959953967e-08
INSL3,0.17282321428571432,0.6991393951411515,0.8685016795569851
INSL4,0.07427721861471864,0.3656627005365932,0.6497495670229824
INSL5,0.19087970779220775,0.36566474093493195,0.6497495670229824
INSR,-0.01252451298701307,0.730837371204852,0.8875104428881523
IPCEF1,0.9903441017316017,4.969163201882666e-09,5.977310304157626e-08
IQGAP2,0.43472857142857135,0.000537465875364035,0.002998115942154722
IRAG2,-0.150639502164502,0.3839467695675344,0.6632839287505337
IRAK1,0.3963339826839827,1.1937905596814385e-05,8.449031007140059e-05
IRAK4,1.5007946969696966,1.2523759724869048e-13,2.86102024087109e-11
ISLR2,0.014403300865800911,0.7565340556476334,0.8981921383663821
ISM1,0.11873739177489179,0.5158213097199362,0.7634155383855057
ISM2,0.02561114718614721,0.47290951878759135,0.7356649938350875
IST1,2.1215081709956713,3.247680995697094e-13,3.273438465662968e-11
ITGA11,0.008336417748917746,0.8219060114431775,0.9257923974753017
ITGA2,-0.05079188311688308,0.646460800575992,0.8398244089260554
ITGA5,0.1101275974025974,0.09509864283867331,0.27225595790151036
ITGA6,0.4489360389610385,1.626901218725949e-05,0.00011242156648548341
ITGAL,0.18310054112554075,0.1038169889388071,0.2901119107725938
ITGAM,-0.026277922077922067,0.69286017704125,0.8665940511303268
ITGAV,-0.02220459956709961,0.8087163030849599,0.9215897676090986
ITGAX,-0.4499939393939395,0.0033383706786089865,0.01604943666706261
ITGB1,0.0014604978354978426,0.9019766479785182,0.9650357767354352
ITGB1BP1,0.8399211038961041,4.592790472012819e-06,3.46892158906808e-05
ITGB1BP2,2.500885119047619,7.790582743412709e-13,4.296579879055726e-11
ITGB2,-0.0006186147186147684,0.7923039788584598,0.9169883519055687
ITGB5,0.095460606060606,0.2293953153373186,0.4981593660705663
ITGB6,0.10368701298701305,0.2293953153373186,0.4981593660705663
ITGB7,-0.17646796536796533,0.06975557234434113,0.21737264175107582
ITGBL1,0.0743524891774891,0.1865561740282996,0.4365922311326819
ITIH1,0.010755898268398303,0.6102971360716549,0.8186776175940557
ITIH3,-0.2530161796536796,0.054364844116844196,0.17774993216279147
ITIH4,-0.1363886363636365,0.1951983876996347,0.4510394365581283
ITIH5,-0.022013906926406923,0.3932939322736131,0.6699290000208457
ITM2A,0.05573479437229423,0.8885386522253625,0.9597930000102639
ITPA,0.055499512987013055,0.6803652140431975,0.8590529246860762
ITPR1,0.17603257575757555,0.2532632288256408,0.5284000127461442
ITPRIP,-0.08272451298701304,0.11907427044042534,0.3204917978797084
IVD,-0.07541212121212121,0.9762828489184295,0.9953522034839796
IZUMO1,-0.22114269480519483,0.01178536956179584,0.04928273995583582
JAM2,0.00291910173160162,0.646460800575992,0.8398244089260554
JAM3,0.1965196428571429,0.03406656554113726,0.12188074795195131
JCHAIN,-0.14707981601731607,0.15480251260736097,0.3831438417089266
JMJD1C,0.24217196969696908,0.04365863973475036,0.1497819295125297
JPT2,1.4616310606060607,6.466215547164179e-13,3.780149608872179e-11
JUN,0.1469503246753247,0.37473480507523016,0.6566881157612621
KAZALD1,0.07541856060606061,0.6373382289671439,0.8331572644324515
KAZN,0.5541736471861476,1.7709807518679591e-06,1.4066784613342512e-05
KCNC4,-0.11540546536796531,0.43203969644351725,0.700805789514096
KCNH2,-0.07674464285714289,0.5955002115928472,0.8080998693063566
KCNIP4,-0.18360838744588748,0.18095385629771277,0.4265549370630762
KCTD5,0.017693235930735907,0.42955316793867104,0.6998795484307333
KDM3A,0.1601511904761905,0.6373382289671439,0.8331572644324515
KDR,0.03501093073593075,0.3611764576420673,0.6461020399753858
KEL,0.09953003246753246,0.24627388139920292,0.5216366342970074
KHDC3L,-0.22149426406926398,0.7054392605839808,0.8718811664638375
KHK,0.18394523809523822,0.2327034229368925,0.5031006695595687
KIAA0319,-0.04055292207792205,0.8285200418107319,0.928590522320847
KIAA1549,0.22574848484848486,0.12946868834529043,0.33971003234585634
KIAA1549L,-0.0700859848484848,0.412397091054609,0.6849072142912624
KIAA2013,-0.010518398268398302,0.18095385629771277,0.4265549370630762
KIF1C,0.04601910173160184,0.782502831063937,0.9116204763650411
KIF20B,-0.4836649891774891,0.00599878531066667,0.02701764169965898
KIF22,0.7594592532467531,0.00013447966856887643,0.000827545413109107
KIFBP,2.239607088744589,1.4431172393246841e-12,6.391260137190988e-11
KIR2DL2,-0.20273809523809527,0.26400426153022505,0.542675426478796
KIR2DL3,-0.07131255411255422,0.3980187623232748,0.6728796080225172
KIR2DS4,-0.6590277056277052,0.11510435723491985,0.31210578497000996
KIR3DL1,0.19887397186147193,0.6132778265119712,0.8204169734070901
KIR3DL2,-0.24440259740259745,0.07797854793181712,0.23693866610268233
KIRREL1,-0.04473836580086579,0.848433383152062,0.9372527509272401
KIRREL2,-0.18128755411255387,0.025766936574731118,0.09705767475249878
KIT,-0.0045670995670995815,0.7436500245368596,0.8930521864097125
KITLG,-0.1545314935064935,0.34793602735558826,0.634446043643409
KLB,-0.05689653679653667,0.27880829795740836,0.5635938139208193
KLF4,0.034965097402597234,0.36566474093493195,0.6497495670229824
KLHL41,0.3985491341991342,0.0022607635847789217,0.011374351488011789
KLK1,-0.28521428571428564,0.4624970214120131,0.7256461586620044
KLK10,0.029561796536796525,0.69286017704125,0.8665940511303268
KLK11,-0.05787050865800866,0.2864181983517873,0.5722490729885674
KLK12,0.43369729437229476,0.23942085271845726,0.5126938846124912
KLK13,0.08434853896103878,0.3435906963497789,0.6296649563826983
KLK14,-0.05087142857142868,0.9424427302245387,0.9813894194678756
KLK15,-0.012809036796536888,0.979670132435072,0.9960063792603848
KLK3,0.2665673160173163,0.3307637157371567,0.6185683564297563
KLK4,-0.12969063852813847,0.2864181983517873,0.5722490729885674
KLK6,-0.04017375541125544,0.9762828489184295,0.9953522034839796
KLK7,0.05767532467532468,0.28259588451950446,0.5688896490706002
KLK8,0.03204485930735933,0.5436305033528391,0.7785580472367062
KLKB1,0.04834529220779218,0.4941162142860759,0.7506765563192306
KLRB1,-0.09432359307359316,0.22612080897100362,0.49435387032329364
KLRC1,-0.07724897186147187,0.07377403471094729,0.22746994035875415
KLRD1,0.1275491341991346,0.34793602735558826,0.634446043643409
KLRF1,-0.06504491341991342,0.22775188964939452,0.496805054809836
KLRK1,0.015426406926406955,0.8952541288849709,0.9620690510039596
KRT14,0.059325054112554114,0.16232857110913013,0.3950761143646856
KRT17,0.025418560606060514,0.8952541288849709,0.9620690510039596
KRT18,-0.07017375541125526,0.9830579555820083,0.9960063792603848
KRT19,-0.00637591991341957,0.7694851704348422,0.903296361338811
KRT5,-0.10361926406926414,0.888539123512752,0.9597930000102639
KRT6C,-0.04963950216450208,0.22287979638857502,0.4898328156720337
KRT8,-0.1886134740259744,0.5324188901098932,0.770425948411494
KYAT1,0.7356431277056271,3.7009250365242027e-07,3.2388634376527675e-06
KYNU,0.18504101731601774,0.10025633385690731,0.28313938537559424
L1CAM,-0.02873024891774894,0.6556396536746179,0.8442443646215454
L3HYPDH,0.658717261904762,1.2393864967230821e-07,1.1724034724665272e-06
LACRT,-0.177820238095238,0.674150223875841,0.8567570019082971
LACTB2,0.8318735930735928,1.4930089869250033e-11,3.491252215025428e-10
LAG3,-0.09939242424242428,0.5268564656123884,0.7696159165342386
LAIR1,0.009917694805194666,0.7500833253020773,0.8952607431024793
LAIR2,0.04325584415584394,0.9154423172339606,0.9712660229672838
LAMA1,-0.054395887445887435,0.3435906963497789,0.6296649563826983
LAMA4,0.06184659090909089,0.16232857110913013,0.3950761143646856
LAMB1,0.041112121212121225,0.38860323823892773,0.6685622515434878
LAMP1,0.04597467532467525,0.352316140130296,0.6388462019856422
LAMP2,0.0020940476190477453,0.9830578113896843,0.9960063792603848
LAMP3,-0.10982851731601742,0.4270788882352503,0.6966247713792616
LAMTOR5,0.14969940476190471,0.03406656554113726,0.12188074795195131
LAP3,0.7692687770562769,2.9816948042279945e-05,0.0001998966493751933
LARP1,0.2283793831168831,0.004036954677148114,0.018940639681065713
LAT,2.42793446969697,7.984307439931355e-14,2.86102024087109e-11
LAT2,0.8882943722943722,4.4057116286522766e-10,6.53700258403584e-09
LATS1,1.39130303030303,1.959904525378299e-09,2.5237008491985765e-08
LAYN,-0.06173912337662357,0.6556396536746179,0.8442443646215454
LBP,0.08319502164502168,0.37932461003532403,0.6588032294315223
LBR,0.650334090909091,2.6792802479470977e-09,3.3902753959953967e-08
LCAT,0.10113901515151513,0.13492189136396437,0.3499349498286316
LCN15,0.30145762987013003,0.4781637613617501,0.7391182836913778
LCN2,-0.10586325757575751,0.11315882547220937,0.30826024870015656
LCP1,-0.10818679653679653,0.5721696928603057,0.7952696206517705
LDLR,0.3005866883116884,0.04828144215012611,0.16165710813839476
LDLRAP1,1.1140489718614717,6.128822326055398e-08,6.093383557503377e-07
LECT2,-0.19795817099567092,0.6132778265119712,0.8204169734070901
LEFTY2,-0.0069501623376623245,0.989834284409546,0.9976846942514148
LEG1,-0.3811806277056278,0.026917078257816827,0.10074087035543994
LELP1,-0.2504555194805196,0.08697683507511222,0.256283557383622
LEO1,0.004140367965367944,0.27880829795740836,0.5635938139208193
LEP,0.07069913419913432,0.6013999509832053,0.8130860576891347
LEPR,-0.09530178571428566,0.2071711900648049,0.4676193355571335
LETM1,0.25615627705627686,0.009460368502053632,0.040845874640329044
LGALS1,0.11084020562770547,0.2497514728011071,0.5263327721684471
LGALS3,0.048170400432900384,0.5492826199977975,0.7847278095080948
LGALS3BP,0.2877864177489177,0.012972255614854492,0.05386065790088023
LGALS4,0.050526028138528245,0.56640564535146,0.7921548810346016
LGALS7_LGALS7B,0.001967748917748934,0.6495154691014562,0.840059166452901
LGALS8,0.5880650432900432,2.2528169285686053e-07,2.0450260503745446e-06
LGALS9,0.01386569264069254,0.7890343476731525,0.9144914346743159
LGMN,0.1535099025974025,0.09015571005400386,0.2629991422034464
LHB,-0.3160388528138528,0.11707610255038767,0.3159865630238072
LHPP,0.43711466450216485,0.0036231318438332285,0.01722018598296671
LIF,0.2850625,0.23942085271845726,0.5126938846124912
LIFR,0.066748051948052,0.2603895497108345,0.5382734468209117
LILRA2,0.07192386363636372,0.510349047054832,0.7587742952905768
LILRA3,-0.22611699134199117,0.3724538351656246,0.6566881157612621
LILRA4,-0.22695070346320356,0.022317051881682374,0.08594564249032619
LILRA5,0.05957705627705623,0.3567289478206971,0.6420718577825446
LILRA6,0.20172857142857145,0.674150223875841,0.8567570019082971
LILRB1,-0.04326888528138527,0.7180993768482874,0.8800857352316747
LILRB2,-0.06935735930735926,0.6102956161490289,0.8186776175940557
LILRB4,0.03028349567099542,0.7436500245368596,0.8930521864097125
LILRB5,0.05405773809523812,0.5721696928603057,0.7952696206517705
LIPF,0.20187927489177482,0.2902752795613569,0.5764094036398412
LMNB1,0.07212370129870127,0.5896270163130954,0.8046124036802885
LMNB2,0.03630746753246755,0.4370337230234913,0.7049942452525746
LMOD1,0.03210297619047653,0.782502831063937,0.9116204763650411
LMOD2,0.008731709956709854,0.5549618358542556,0.7878355736775081
LONP1,0.23248230519480528,0.002076141195144022,0.010554018632010394
LPA,-0.4050512987012991,0.3701814890108188,0.6549917952906003
LPCAT2,0.019006222943722978,0.4547704141551917,0.721266370361164
LPL,-0.47658149350649354,0.0073645297705315525,0.032764871414404456
LPO,-0.1435885822510824,0.39094229618433063,0.6699290000208457
LPP,0.33222570346320346,0.0033843461436947097,0.016243750046009257
LRCH4,0.758553246753247,1.6351985341891268e-07,1.5125586441249423e-06
LRFN2,-0.19039009740259744,0.03861011284257504,0.13532057534633915
LRG1,-0.06141120129870142,0.5324188901098932,0.770425948411494
LRIG1,0.11968170995670994,0.2676534317761413,0.5474814423244654
LRIG3,-0.009393073593073453,0.8550933837293739,0.9414078947800227
LRP1,0.05618771645021614,0.27133712314825253,0.5511594238793205
LRP11,0.04733284632034629,0.29027322655518306,0.5764094036398412
LRP2,-0.025588961038960967,0.8818321073900629,0.9564360853065506
LRP2BP,-0.4877608766233763,0.040234826151593114,0.14000761528703176
LRPAP1,0.26263133116883114,0.0023257049923550537,0.011580980737059321
LRRC25,0.003959090909090933,0.782502831063937,0.9116204763650411
LRRC37A2,0.11555254329004327,0.4320377368948195,0.700805789514096
LRRC38,-0.12750817099567102,0.40277763344582707,0.676620127909283
LRRC59,0.15877619047619046,0.0030740089802537857,0.014853604575409237
LRRFIP1,0.04715205627705625,0.524084654361659,0.7696159165342386
LRRN1,0.17518728354978355,0.10202429828522597,0.2870231221248465
LRTM1,-0.15837213203463205,0.9559695577023917,0.9898333561338607
LRTM2,-0.08351001082251089,0.23772681541341634,0.511313820054022
LSM1,0.4015757034632035,0.0005207530507874613,0.002927233014330287
LSM8,0.1107156926406927,0.42215143296961466,0.6947909000958241
LSP1,0.09341482683982688,0.4099775530100317,0.68399793804128
LTA,-0.09999518398268398,0.7054392605839808,0.8718811664638375
LTA4H,0.032884577922077995,0.5213238597585075,0.76689966888481
LTB,-0.07052521645021648,0.31414953249445055,0.6025322070087132
LTBP2,-0.033400865800865764,0.9627382556941022,0.9912236426184786
LTBP3,-0.2982805735930736,0.08542166818902228,0.2527201782555791
LTBR,-0.035028030303030255,0.7244588389762001,0.8826982852552868
LTO1,0.14336071428571412,0.21967216643148701,0.4864407139994216
LUZP2,0.024393452380952363,0.8153046147914853,0.9240540477066738
LXN,0.31653214285714215,0.1338186027803898,0.34738168377182893
LY6D,0.0229688852813853,0.7372345691475306,0.8897343706103352
LY75,0.09584242424242431,0.31414953249445055,0.6025322070087132
LY9,-0.12741650432900425,0.05124761400863193,0.1696452726469209
LY96,-0.17459345238095247,0.05024237850163885,0.16688462768214815
LYAR,0.3368747294372294,0.0007343768828154254,0.0040198195289690795
LYN,1.130317857142857,7.80877030195996e-12,2.0199146542149524e-10
LYPD1,-0.03424929653679665,0.7630017961330808,0.9003852442862315
LYPD3,-0.04358035714285714,0.3203123319216704,0.6083644874639653
LYPD8,-0.6787179653679655,0.3307637157371567,0.6185683564297563
LYPLA2,-0.13259182900432898,0.969509452914085,0.9939937323282604
LYSMD3,0.36374209956710013,0.02750858748709986,0.10216976013315489
LYVE1,0.03155568181818182,0.3909402798099644,0.6699290000208457
LYZL2,-0.06043501082251085,0.5436322184092088,0.7785580472367062
LZTFL1,1.2478046536796534,8.79098179773485e-12,2.1236396524610718e-10
M6PR,0.026315367965367875,0.31008327000867275,0.5990571039229018
MAD1L1,0.08327591991341991,0.2621905716638341,0.5416134565182947
MAEA,-0.02385779220779216,0.9424427302245387,0.9813894194678756
MAG,-0.04578322510822516,0.868443936316295,0.9493125003188221
MAGEA3,0.21897445887445893,0.8219060114431775,0.9257923974753017
MAGED1,0.1123983766233767,0.029350858866355578,0.10805108371077753
MAMDC2,-0.03973955627705636,0.6495154691014562,0.840059166452901
MAMDC4,0.0997194264069264,0.5606696010891176,0.7890405604157393
MAN1A2,0.09095752164502169,0.07515485848406672,0.23123963299887057
MAN2B2,-0.3175035173160173,0.06717660813249915,0.21001136653546393
MANEAL,-0.09573809523809523,0.44712086445544286,0.7133920779493774
MANF,2.713201785714286,6.075966140551809e-13,3.700010214340195e-11
MANSC1,-0.06299101731601736,0.5268564656123884,0.7696159165342386
MANSC4,0.11966109307359313,0.370183525768071,0.6549917952906003
MAP1LC3A,0.15533955627705612,0.1294670571292428,0.33971003234585634
MAP1LC3B2,-0.2844193181818182,0.2497514728011071,0.5263327721684471
MAP2,0.23655757575757588,0.0007120243552242201,0.0039268814911705575
MAP2K1,0.5532210497835497,2.9564645071288756e-07,2.6346785836395436e-06
MAP2K6,0.9452398809523808,2.2848539867124473e-10,3.5714589321713813e-09
MAP3K5,0.39087581168831165,0.0031602300359701847,0.015218043484581301
MAP4K5,1.2755805735930736,3.8130444865361765e-12,1.1984439821661553e-10
MAPK13,0.08508327922077932,0.8087163030849599,0.9215897676090986
MAPK9,0.3316109848484849,3.5901166945186076e-05,0.00023849797950177025
MAPKAPK2,0.7976598484848485,5.77470366955029e-10,8.274244522595833e-09
MAPRE3,-0.23952662337662342,0.7890343476731525,0.9144914346743159
MAPT,-0.3740159090909093,0.17819998408712456,0.4217640109203766
MARCO,-0.0733124458874459,0.3980187623232748,0.6728796080225172
MARS1,0.5497273809523808,1.2392340749163239e-07,1.1724034724665272e-06
MASP1,0.015128246753246671,0.646460800575992,0.8398244089260554
MATN2,-0.008037770562770608,0.9525864476051021,0.9887820264025972
MATN3,0.06961158008657997,0.20261968619062964,0.4634251508100239
MAVS,0.4707896103896103,1.0615479087723018e-06,8.865441535261253e-06
MAX,1.814211417748917,1.2203814620010572e-09,1.674730053253094e-08
MB,0.3236481060606062,0.010695812378074475,0.04537570331075717
MBL2,-0.38103046536796525,0.15235594365292643,0.3796559448401568
MCAM,-0.04007673160173153,0.7955798746984295,0.9169883519055687
MCEE,-0.217945183982684,0.6803652140431975,0.8590529246860762
MCEMP1,0.9205069264069266,2.7070140084548008e-08,2.77635156025031e-07
MCFD2,0.2999162337662337,0.0001212478832942449,0.000750863480654826
MCTS1,0.14470135281385282,0.002260861517117636,0.011374351488011789
MDGA1,-0.030999134199134137,0.782502831063937,0.9116204763650411
MDH1,0.3969378787878788,2.2788628034984803e-06,1.781047052039053e-05
MDK,0.14538160173160175,0.18940492958756383,0.44184406159971995
MDM1,0.08990649350649338,0.4270788882352503,0.6966247713792616
MECR,1.21633658008658,7.45903388622539e-09,8.483562665150512e-08
MED18,0.809289393939394,3.085532191765022e-11,6.583219413524934e-10
MED21,0.019180681818181833,0.6991393951411515,0.8685016795569851
MEGF10,0.023983225108225203,0.7630017961330808,0.9003852442862315
MEGF11,-0.008672943722943735,0.7759866120255959,0.9091017502808886
MEGF9,0.03597099567099582,0.5130777914786848,0.7624435101638005
MELTF,0.04745286796536795,0.4994962818960309,0.754536243918397
MENT,-0.022062608225108277,0.674150223875841,0.8567570019082971
MEP1A,-0.0367884740259741,0.7500833253020773,0.8952607431024793
MEP1B,-0.09291282467532502,0.6192553319982443,0.8235138013789209
MEPE,0.03978279220779221,0.8153046147914853,0.9240540477066738
MERTK,-0.013051028138528209,0.7244588389762001,0.8826982852552868
MESD,1.7112480519480513,4.73334435204177e-13,3.37452818073612e-11
MET,-0.054627489177489164,0.40277763344582707,0.676620127909283
METAP1,0.014258008658008636,0.8550933837293739,0.9414078947800227
METAP1D,0.7409588203463202,6.128822326055398e-08,6.093383557503377e-07
METAP2,0.9964674783549781,1.5074440858286547e-09,2.0212197536133748e-08
MFAP3,-0.23660719696969712,0.5268564656123884,0.7696159165342386
MFAP3L,-0.09484388528138532,0.9966113466412806,0.9993464721209137
MFAP4,-0.03493382034632034,0.8818321073900629,0.9564360853065506
MFAP5,-0.034267911255410954,0.5779614624377551,0.7980072530493899
MFGE8,0.2328086038961039,0.09509864283867331,0.27225595790151036
MGLL,1.9721471861471864,5.038788172192022e-13,3.42520414588774e-11
MGMT,2.070539826839827,1.9988432074970907e-11,4.529161779468214e-10
MIA,0.010831601731601692,0.9424424856820928,0.9813894194678756
MICALL2,0.26293647186147184,0.02086544195749373,0.08153701449432375
MICB_MICA,-0.38218728354978354,0.868443936316295,0.9493125003188221
MIF,1.0460579004329,3.2950528353451577e-09,4.081742898725016e-08
MILR1,-0.010518777056276907,0.8617637234313373,0.9459013757378142
MINDY1,0.9745616341991343,7.064649161299706e-08,6.929519965932564e-07
MINK1,2.072667316017316,1.6310926315880036e-12,6.810976803045335e-11
MITD1,1.4819331168831167,3.364597054142463e-11,6.925857175534098e-10
MKI67,-0.008134090909090966,0.4781637613617501,0.7391182836913778
MLLT1,-0.2115103896103896,0.3392801819297282,0.625688310271669
MLN,-4.962121212059856e-05,0.7372345691475306,0.8897343706103352
MME,0.25258436147186125,0.17012377809240953,0.4096187129192484
MMP1,0.8083336580086582,0.00010925056095496374,0.0006808942210476738
MMP10,-0.23870010822510832,0.14518773421096182,0.36743181566981936
MMP12,-0.00014155844155838704,0.6013999509832053,0.8130860576891347
MMP13,-0.24883771645021657,0.03861011284257504,0.13532057534633915
MMP15,-0.09577965367965366,0.2445458635268235,0.5194822377099602
MMP3,-0.016513257575757723,0.9289322965480106,0.9760133367396961
MMP7,0.049134307359306684,0.56640564535146,0.7921548810346016
MMP8,0.344336038961039,0.13828072522718826,0.354867919086103
MMP9,0.10423955627705572,0.6252581203826834,0.8258605900942537
MMUT,-0.13241244588744594,0.4887673037871233,0.7456507458088525
MN1,-0.1777144480519481,0.504907297688539,0.7583987827048302
MNAT1,0.05418701298701298,0.58378066754384,0.8003709621156868
MNDA,0.051860281385281315,0.969509452914085,0.9939937323282604
MOCS2,0.10920860389610404,0.09342742580051744,0.2690525769605049
MOG,0.037570508658008595,0.6373382289671439,0.8331572644324515
MORC3,0.013772997835497874,0.8087163030849599,0.9215897676090986
MORF4L1,0.1636891774891775,0.2164978042940242,0.4816005189889138
MORF4L2,-0.04481044372294357,0.8021407001503797,0.919113946260061
MORN4,-0.050477867965367934,0.5955002115928472,0.8080998693063566
MPHOSPH8,0.6774744047619048,2.3385651396137626e-08,2.432607082950544e-07
MPI,1.0437207792207794,1.3870553121850386e-10,2.357187603207481e-09
MPIG6B,2.0255114177489175,1.723658451912891e-13,2.86102024087109e-11
MPO,0.23627370129870134,0.08542166818902228,0.2527201782555791
MPRIP,0.3168037878787879,0.011504128734735776,0.04831403490177108
MRC1,-0.20094329004328998,0.04106869279552443,0.14223197753710654
MRI1,0.367996645021645,0.014950936755892104,0.06120670607489162
MRPL24,0.17745124458874464,0.004374986220429002,0.020363192232984034
MRPL28,-0.07784978354978354,0.3932939322736131,0.6699290000208457
MRPL46,0.17144253246753247,0.0069101909393426975,0.030979276251071632
MRPL52,0.07281845238095232,0.21024646551465664,0.470924208344911
MRPL58,0.45778398268398257,0.00023122902418022624,0.0013793519136302067
MRPS16,0.0021987012987013527,0.7890343476731525,0.9144914346743159
MSLN,0.06610968614718615,0.7955807254302163,0.9169883519055687
MSLNL,-0.14580102813852813,0.27692546911373994,0.5609515912816784
MSMB,-0.033775649350649306,0.5549618358542556,0.7878355736775081
MSR1,0.15698717532467543,0.09177985399200234,0.2658795968469998
MSRA,0.8849612554112554,2.998413365406398e-11,6.444384019913899e-10
MST1,0.04095481601731599,0.60732592687876,0.8161901996628117
MSTN,0.11422121212121215,0.21649584882672868,0.4816005189889138
MTDH,2.292724567099567,1.8369700169279985e-13,2.86102024087109e-11
MTHFD2,0.16311536796536796,0.14055435723976775,0.3597551543010868
MTHFSD,0.19744556277056285,0.05330762678164272,0.17488345444214437
MTIF3,1.9999938311688306,8.283946625064244e-12,2.0878351697487282e-10
MTPN,0.2946641774891775,4.236592473628102e-05,0.00027890900451385
MTR,0.07561314935064933,0.8153046147914853,0.9240540477066738
MTSS1,1.3731570887445885,8.869272248741894e-10,1.23451822776536e-08
MTSS2,0.5379234307359306,0.0002162893266524188,0.001292870555838487
MTUS1,0.02819009740259748,0.6803652140431975,0.8590529246860762
MUC13,-0.12690146103896116,0.5380108904868224,0.7758292219501637
MUC16,0.28516856060606055,0.19228561821459866,0.4467812893809793
MUC2,-0.2425209415584417,0.2532632288256408,0.5284000127461442
MUCL3,-0.127778841991342,0.5866988749384472,0.8039947545452795
MVK,0.43829999999999986,0.002602469733452512,0.012828025347186665
MXRA8,-0.09091661255411243,0.5837774651127747,0.8003709621156868
MYBPC1,0.5088850649350651,0.019277027534274255,0.076350611765154
MYBPC2,0.6108012445887445,0.0021976783136719597,0.011113864551666328
MYCBP2,0.1909293290043292,0.10025633385690731,0.28313938537559424
MYDGF,1.1879385281385282,1.7649369529219218e-09,2.31341287595999e-08
MYH4,0.0485157467532468,0.989834284409546,0.9976846942514148
MYH7B,-0.15390946969696973,0.6834796280789832,0.8626126739528791
MYH9,0.3669823051948051,0.0008562012882131982,0.004643421220531598
MYL1,-0.05914231601731579,0.34793602735558826,0.634446043643409
MYL3,0.5261832792207793,0.005405430298727538,0.024649099474540706
MYL4,0.35216704545454514,0.08542166818902228,0.2527201782555791
MYL6B,-0.019435227272727396,0.759764834997763,0.9003852442862315
MYLPF,0.3556982683982684,0.001798778389853342,0.009224261813230382
MYO6,-0.018812987012986893,0.6282674310545318,0.8289526413124509
MYO9B,0.006076731601731562,0.20717312334809712,0.4676193355571335
MYOC,0.08797559523809545,0.5549618358542556,0.7878355736775081
MYOM1,0.22481466450216453,0.0024605288309563233,0.012190043682856496
MYOM2,0.23548333333333327,0.10202429828522597,0.2870231221248465
MYOM3,0.31001569264069256,0.28259588451950446,0.5688896490706002
MZB1,-0.05892613636363628,0.9966113466412806,0.9993464721209137
MZT1,0.4091200757575758,8.721094631240552e-06,6.2942616313867e-05
NAA10,0.37218463203463215,0.0459192130721189,0.15552938564287783
NAA80,0.9479490259740256,1.0603005600891144e-08,1.1651347883986773e-07
NAAA,-0.2958128787878789,0.09177985399200234,0.2658795968469998
NACC1,0.052690097402597225,0.6679573903796867,0.8529661214852879
NADK,0.07624734848484838,0.3611805450974275,0.6461020399753858
NAGA,0.20937748917748905,0.09342742580051744,0.2690525769605049
NAGK,0.28926596320346315,0.008353552459320028,0.03655304466855156
NAGPA,-0.019993722943722814,0.8219060114431775,0.9257923974753017
NAMPT,-0.09125876623376616,0.7955807254302163,0.9169883519055687
NAP1L4,0.682674025974026,1.2604192755171365e-06,1.0319903479934425e-05
NAPRT,0.30360968614718653,0.0073645297705315525,0.032764871414404456
NARS1,0.7475608766233768,2.6788657245046724e-09,3.3902753959953967e-08
NBL1,0.010283333333333255,0.3435906963497789,0.6296649563826983
NBN,0.17869242424242426,0.13828072522718826,0.354867919086103
NCAM1,-0.028831006493506478,0.4994962818960309,0.754536243918397
NCAM2,0.006817045454545534,0.8384631038842237,0.9350735034924021
NCAN,-0.12503695887445895,0.23772681541341634,0.511313820054022
NCF2,0.21402040043289983,0.17819998408712456,0.4217640109203766
NCK2,1.7264296536796537,5.708864330804424e-13,3.700010214340195e-11
NCLN,0.17101823593073595,0.9019762328894967,0.9650357767354352
NCR1,-0.05413176406926408,0.352316140130296,0.6388462019856422
NCR3LG1,-0.033329329004328945,0.6373382289671439,0.8331572644324515
NCS1,0.06052619047619068,0.4624951165783028,0.7256461586620044
NDRG1,-0.047204978354978354,0.9356851983007191,0.9781859208272539
NDST1,0.04474058441558443,0.7792418669894783,0.9114541725531192
NDUFA5,0.04492797619047609,0.5213238597585075,0.76689966888481
NDUFB7,0.8405286796536796,5.630140607212896e-11,1.0688296304473204e-09
NDUFS6,1.4206424783549783,6.426561314390179e-08,6.367741939648303e-07
NEB,0.27900346320346314,0.04191715494780382,0.1446562501917716
NECAP2,0.41189253246753244,0.00035456672343753097,0.002072797065215806
NECTIN1,-0.07466509740259736,0.37473480507523016,0.6566881157612621
NECTIN2,-0.036771807359307296,0.9356851983007191,0.9781859208272539
NECTIN4,-0.038661038961038965,0.595497079896883,0.8080998693063566
NEDD4L,0.2934932900432906,0.023075818130982143,0.08828614711630996
NEDD9,0.0006942099567098792,0.8285200418107319,0.928590522320847
NEFL,-0.07309724025973985,0.5721696928603057,0.7952696206517705
NEK7,0.4390260822510822,0.0058449767219185475,0.02644811113775398
NELL1,0.15159247835497844,0.13828072522718826,0.354867919086103
NELL2,-0.1166798701298703,0.16232857110913013,0.3950761143646856
NENF,-0.2713051948051948,0.7054392605839808,0.8718811664638375
NEO1,-0.059136850649350675,0.2980938811170427,0.5840002778184422
NEXN,1.6839534090909096,6.075966140551809e-13,3.700010214340195e-11
NFASC,0.12863262987012986,0.08855477636169766,0.2591047160212635
NFAT5,0.053958549783549664,0.04828144215012611,0.16165710813839476
NFATC1,0.263816341991342,3.333548461308408e-05,0.0002229739622975853
NFATC3,0.16271390692640686,0.17278601716839426,0.41397830178952166
NFE2,0.6964298701298703,4.4057116286522766e-10,6.53700258403584e-09
NFIC,0.034211525974026005,0.37932461003532403,0.6588032294315223
NFKB1,0.2172752164502165,0.010826584660538575,0.04586392313442646
NFKB2,-0.25543852813852785,0.059911063969961785,0.1922283644173417
NFKBIE,0.35051910173160167,0.023593622382771597,0.08979708102192889
NFU1,1.797446212121212,1.935884697776233e-10,3.161224006480407e-09
NFX1,0.18339864718614723,0.2902752795613569,0.5764094036398412
NFYA,0.04293777056277048,0.4172574595163224,0.6910161779978529
NGF,-0.04991596320346322,0.11412678763767127,0.31060763525597124
NGFR,0.023591666666666664,0.5664006895566518,0.7921548810346016
NGRN,0.12093311688311688,0.006998219649139731,0.031325874478461614
NHLRC3,-0.08621087662337668,0.4941162142860759,0.7506765563192306
NID1,0.06780681818181819,0.20412868819044405,0.4636159936205006
NID2,0.24910265151515162,0.018417380502646352,0.07354372023119575
NINJ1,0.16853912337662352,0.1865561740282996,0.4365922311326819
NIT1,0.6192737012987017,3.9362680562399526e-05,0.0002603102155744204
NIT2,0.9112535173160176,5.3136081221432964e-08,5.337345890386547e-07
NLGN1,-0.17385546536796545,0.30605191565420764,0.5940170979131799
NLGN2,-0.06662624458874442,0.412397091054609,0.6849072142912624
NME1,-0.04619529220779228,0.5721696928603057,0.7952696206517705
NME3,-0.1015491883116883,0.4887673037871233,0.7456507458088525
NMI,0.10452370129870148,0.2676534317761413,0.5474814423244654
NMNAT1,0.08688555194805198,0.5721696928603057,0.7952696206517705
NMRK2,-0.08583874458874456,0.17547558740450653,0.41802812816993384
NMT1,0.8365218614718612,8.530006003992537e-08,8.228781369528114e-07
NOMO1,0.04419751082251075,0.2902752795613569,0.5764094036398412
NOP56,-0.22448111471861473,0.510349047054832,0.7587742952905768
NOS1,0.22605703463203453,0.11123929726198636,0.3047352070260414
NOS2,-0.11559783549783556,0.6991381771516476,0.8685016795569851
NOS3,0.14707700216450237,0.5436322184092088,0.7785580472367062
NOTCH1,-0.07736542207792207,0.04732439355599365,0.15900224873098817
NOTCH2,-0.05115952380952385,0.6252566482896219,0.8258605900942537
NOTCH3,-0.12720784632034635,0.17819998408712456,0.4217640109203766
NPC2,0.056245725108225064,0.33287769697061853,0.622123726499436
NPDC1,0.02893923160173162,0.4994962818960309,0.754536243918397
NPHS1,0.07006271645021646,0.17012559612862388,0.4096187129192484
NPHS2,-0.24909929653679655,0.11707610255038767,0.3159865630238072
NPL,0.23489577922077898,0.07655671242954576,0.23407455066063
NPM1,0.16431152597402598,0.5955002115928472,0.8080998693063566
NPPB,0.07354231601731653,0.9221845086619007,0.9741761181130234
NPPC,0.1972004870129871,0.12109748577414166,0.32326262864345684
NPR1,-0.035154978354978245,0.12314751427860389,0.3275427753330887
NPTN,0.42076055194805206,0.15480426857962448,0.3831438417089266
NPTX1,0.1129141233766233,0.5436322184092088,0.7785580472367062
NPTX2,0.058004329004328836,0.4075704450855334,0.6811483196026382
NPTXR,-0.022253625541125574,0.6803626437164655,0.8590529246860762
NPY,0.17565010822510807,0.5808660438129509,0.8003709621156868
NRCAM,-0.0633823051948052,0.29809182476902407,0.5840002778184422
NRGN,1.05798354978355,1.0485658646155085e-10,1.8463602543801998e-09
NRN1,-0.05044891774891777,0.6803626437164655,0.8590529246860762
NRP1,0.09470784632034623,0.05278498419451928,0.17394645862523095
NRP2,0.03142294372294374,0.2071711900648049,0.4676193355571335
NRTN,-0.01468528138528138,0.9087062036483103,0.9683369424950825
NRXN3,-0.06967267316017316,0.3839467695675344,0.6632839287505337
NSFL1C,0.8932160173160177,2.581581874013862e-07,2.3218350208438523e-06
NT5C,0.7597852813852815,6.028702129193793e-07,5.15260126422031e-06
NT5C1A,0.13070665584415575,0.039822462106068254,0.1390693628865442
NT5C3A,1.7152572510822515,1.276443243515216e-12,5.922291429833296e-11
NT5E,-0.07142429653679644,0.7694861237542385,0.903296361338811
NTF3,0.019062012987013044,0.7404389754443079,0.89286432558734
NTF4,-0.09447332251082247,0.20261776465768933,0.4634251508100239
NTproBNP,-0.15877402597402593,0.31008327000867275,0.5990571039229018
NTRK2,0.02151471861471868,0.9019766479785182,0.9650357767354352
NTRK3,-0.006650757575757393,0.9830578834863065,0.9960063792603848
NUB1,0.7084062770562769,8.138236193584417e-08,7.929354797949085e-07
NUBP1,-0.09777635281385293,0.5606679329080964,0.7890405604157393
NUCB2,0.135438365800866,0.0252079777032983,0.09532072293239448
NUDC,0.6414297619047619,2.3385651396137626e-08,2.432607082950544e-07
NUDT10,0.0384203463203463,0.5606696010891176,0.7890405604157393
NUDT15,0.24602067099567093,0.023332884987360483,0.08915297100399305
NUDT16,1.0914460497835499,1.8768118648265188e-07,1.7305744734662193e-06
NUDT2,1.1641812770562767,6.533862770815658e-12,1.752154209091208e-10
NUDT5,0.6223086038961038,1.959904525378299e-09,2.5237008491985765e-08
NUMB,1.0719636904761904,1.6391723159011266e-10,2.737886102502282e-09
NUP50,-0.03507911255411256,0.8285193233222129,0.928590522320847
NXPE4,-0.055186147186147186,0.47290951878759135,0.7356649938350875
NXPH1,-0.07958717532467538,0.3980187623232748,0.6728796080225172
NXPH3,-0.13002413419913422,0.2750553939346121,0.5575498727259856
OBP2B,-0.17623430735930712,0.1038169889388071,0.2901119107725938
OCLN,-0.0005616341991339091,0.6991393951411515,0.8685016795569851
ODAM,-0.3189216450216452,0.032312175824973914,0.11718174930074288
OFD1,-0.04004810606060606,0.21024840639415288,0.470924208344911
OGA,0.1902344155844155,0.01530538387109289,0.0623955886404526
OGFR,0.07743344155844178,0.48344975363490605,0.7453183701871469
OGN,-0.05371082251082254,0.4887673037871233,0.7456507458088525
OGT,-0.1672602272727272,0.44712086445544286,0.7133920779493774
OLFM4,0.3678110930735929,0.04925372231212594,0.16416035384075728
OLR1,0.13380492424242424,0.5436322184092088,0.7785580472367062
OMD,0.013488744588744772,0.9289322965480106,0.9760133367396961
OMG,0.05415995670995673,0.989834284409546,0.9976846942514148
OMP,-0.03401001082251104,0.9661234048716694,0.993658941745211
OPHN1,0.6100701298701299,1.1293403920778187e-07,1.0752644840532456e-06
OPLAH,-0.06328858225108225,0.4547704141551917,0.721266370361164
OPTC,0.001875595238095204,0.5955002115928472,0.8080998693063566
ORM1,-8.024891774892698e-05,0.8087163030849599,0.9215897676090986
OSBPL2,0.010321212121212137,0.4968005345398837,0.7539709047040914
OSCAR,0.13710595238095227,0.1823407235071084,0.4294777879220611
OSM,0.18499653679653683,0.58378066754384,0.8003709621156868
OSMR,-0.02301087662337662,0.3770243901684538,0.6588032294315223
OSTN,0.03498858225108226,0.60732592687876,0.8161901996628117
OTOA,-0.09242256493506497,0.6312858636885104,0.8289526413124509
OTUD6B,0.956900865800866,3.247680995697094e-13,3.273438465662968e-11
OTUD7B,0.6264609307359311,5.229258062074915e-09,6.213463949367877e-08
OXCT1,0.2505821428571428,0.009460368502053632,0.040845874640329044
OXT,0.37673863636363636,0.31008327000867275,0.5990571039229018
P4HB,0.33436704545454565,0.025766936574731118,0.09705767475249878
PACS2,0.5956841450216455,1.2075818253737174e-06,9.94299063540106e-06
PADI2,0.30751271645021605,0.2980938811170427,0.5840002778184422
PADI4,0.05374426406926407,0.7890343476731525,0.9144914346743159
PAEP,-0.3335521645021644,0.6252581203826834,0.8258605900942537
PAFAH1B3,-0.30131277056277067,0.37932055300617173,0.6588032294315223
PAFAH2,0.11773068181818186,0.21807887521586278,0.48474870893989874
PAG1,0.19675259740259743,0.007179771574965688,0.03208940720737723
PAGR1,0.1805482683982683,0.1210990688896973,0.32326262864345684
PAIP2B,0.10592240259740249,0.35673099453946366,0.6420718577825446
PAK4,0.5099737554112549,0.0011239476176027555,0.006006030870663353
PALLD,0.08515183982684005,0.8451067541501545,0.9372527509272401
PALM,0.029405248917748927,0.5606696010891176,0.7890405604157393
PALM2,0.039991233766233814,0.13828072522718826,0.354867919086103
PALM3,-0.24295670995670995,0.34793602735558826,0.634446043643409
PAM,0.0467301948051948,0.42215143296961466,0.6947909000958241
PAMR1,0.01566098484848484,0.9762828489184295,0.9953522034839796
PAPPA,0.29451883116883126,0.06529516593229528,0.20655602816028043
PARD3,-0.09124345238095266,0.6803639288875719,0.8590529246860762
PARK7,0.8100190476190483,3.4700049241738895e-09,4.2438595788118325e-08
PARP1,0.2628989718614719,0.004146902225712535,0.01936325112740853
PAXX,0.1763839285714287,0.027507928058579677,0.10216976013315489
PBK,-0.03604366883116894,0.8219060114431775,0.9257923974753017
PBLD,0.10397738095238102,0.30404726757022715,0.5940170979131799
PBXIP1,0.08078268398268401,0.32238680231857075,0.6107171893565666
PCARE,-0.09364112554112569,0.9661234048716694,0.993658941745211
PCBD1,-0.012655411255411239,0.5779614624377551,0.7980072530493899
PCBP2,0.7571479978354981,1.9219461209149196e-08,2.0281041557524585e-07
PCDH1,-0.026807683982684044,0.6192553319982443,0.8235138013789209
PCDH12,0.06852132034632034,0.22287979638857502,0.4898328156720337
PCDH17,-0.07373701298701299,0.7117593852512301,0.8759884981428824
PCDH7,-0.144252380952381,0.3182486498005115,0.605235409110295
PCDH9,-0.02312683982683994,0.989834284409546,0.9976846942514148
PCDHB15,-0.1565550865800866,0.14993720333884344,0.3755496532643011
PCNA,-0.08767424242424243,0.023593622382771597,0.08979708102192889
PCOLCE,0.01830064935064929,0.9356851983007191,0.9781859208272539
PCSK7,0.1053936688311688,0.18514185384808357,0.43502382540028
PCSK9,0.05081504329004327,0.3839467695675344,0.6632839287505337
PCYT2,1.1387762445887448,1.7327672415039076e-10,2.8777719584749558e-09
PDAP1,1.7875368506493505,3.364597054142463e-11,6.925857175534098e-10
PDCD1,-0.16042180735930722,0.5324188901098932,0.770425948411494
PDCD1LG2,0.056772997835497885,0.2532612087622603,0.5284000127461442
PDCD5,0.686450703463203,1.4948801789423366e-06,1.2037285848618318e-05
PDCD6,-0.037980032467532454,0.8717870580547076,0.9526106806332375
PDCL2,-0.014495454545454478,0.6252581203826834,0.8258605900942537
PDE1C,-0.11963262987012982,0.9087062036483103,0.9683369424950825
PDE4D,-0.033288149350649276,0.3611805450974275,0.6461020399753858
PDE5A,0.862944480519481,5.469433822361262e-10,7.875445843725107e-09
PDGFA,1.5806051948051945,1.6310926315880036e-12,6.810976803045335e-11
PDGFB,2.4426991341991338,6.075966140551809e-13,3.700010214340195e-11
PDGFC,0.13604962121212116,0.29416716358058137,0.5801960992888254
PDGFRA,-0.06323977272727266,0.46249321172464763,0.7256461586620044
PDGFRB,-0.005968668831169033,0.9356851983007191,0.9781859208272539
PDIA2,-0.2316718073593074,0.0136040338873444,0.0562457673779654
PDIA3,0.06886536796536785,0.37932461003532403,0.6588032294315223
PDIA4,0.5424699675324673,1.3727023941439814e-06,1.1115853696510154e-05
PDIA5,0.3972551406926408,0.0015110457709422893,0.007845091986615118
PDLIM5,1.0075288961038962,3.774433695198904e-11,7.661576174351665e-10
PDLIM7,1.9571159090909092,8.817846325530736e-13,4.686284510822971e-11
PDP1,0.8068352272727273,4.476050048555861e-05,0.0002926956217433732
PDRG1,0.04703647186147197,0.6102971360716549,0.8186776175940557
PDXDC1,-0.401333225108225,0.07655671242954576,0.23407455066063
PDZD2,0.33375622294372276,0.00018908812627420183,0.0011349170289517289
PDZK1,0.1803444805194806,0.1210990688896973,0.32326262864345684
PEAR1,-0.02626920995670995,0.45733912163135615,0.7225958121775428
PEBP1,0.6603613636363637,2.3576333469162272e-07,2.133548691342456e-06
PECAM1,0.027820833333333378,0.5955002115928472,0.8080998693063566
PECR,0.05839632034632039,0.011503424153513084,0.04831403490177108
PENK,0.05601839826839833,0.26400426153022505,0.542675426478796
PEPD,-0.03171985930735943,0.7212744254389629,0.8826982852552868
PER3,0.2690648268398269,0.3932939322736131,0.6699290000208457
PF4,1.4492431277056277,3.176344765354164e-11,6.679464567719584e-10
PFDN2,0.1509901515151515,0.17012559612862388,0.4096187129192484
PFDN4,-0.14981304112554114,0.20717312334809712,0.4676193355571335
PFDN6,-0.041052543290043264,0.3435906963497789,0.6296649563826983
PFKFB2,0.6612004870129871,0.00010925056095496374,0.0006808942210476738
PGA4,0.16043338744588753,0.32655780733082984,0.6154277697150327
PGD,0.5053169913419914,2.2788628034984803e-06,1.781047052039053e-05
PGF,0.0526422619047619,0.5324171454282487,0.770425948411494
PGLYRP1,-0.022966071428571433,0.9087062036483103,0.9683369424950825
PGLYRP2,0.004025919913419912,0.6866019901563465,0.8639421511954373
PGLYRP4,-0.1138199134199134,0.5021961152046566,0.7570496362780872
PGM2,0.3296850108225107,0.04064909176903231,0.14128096937084594
PGR,0.398431277056277,0.019277027534274255,0.076350611765154
PHACTR2,1.2718586038961037,2.0456279419196064e-10,3.267991028131446e-09
PHLDB1,0.2562492965367965,0.011228860279959754,0.04743057600913636
PHLDB2,-0.16556190476190463,0.7890343476731525,0.9144914346743159
PHOSPHO1,-0.05690422077922072,0.5352077338885213,0.7733155139037539
PHYKPL,0.08166964285714282,0.08855206377173297,0.2591047160212635
PI16,0.040040638528138606,0.5103454470763853,0.7587742952905768
PI3,-0.1430641233766235,0.24283037070150637,0.5169651664679557
PIBF1,0.5493576298701298,4.3149201529880704e-05,0.00028342722712773323
PIGR,-0.11501964285714306,0.22612080897100362,0.49435387032329364
PIK3AP1,0.31534448051948116,0.13162971889225036,0.3444527021683508
PIK3IP1,-0.060807575757576005,0.23604523544834932,0.5091957366904244
PIKFYVE,0.1118422077922078,0.12839530492621512,0.3384125124430359
PILRA,0.0060261363636364695,0.9830578834863065,0.9960063792603848
PILRB,0.03547175324675328,0.8021415247722942,0.919113946260061
PINLYP,-0.1099975649350649,0.5606696010891176,0.7890405604157393
PITHD1,-0.22018425324675314,0.32655780733082984,0.6154277697150327
PKD1,0.003494426406926404,0.2532632288256408,0.5284000127461442
PKD2,-0.02688825757575769,0.5606696010891176,0.7890405604157393
PKLR,0.35176893939394027,0.04278040579409032,0.1471142660425012
PKN3,-0.16896461038961041,0.888539123512752,0.9597930000102639
PLA2G10,-0.3391866883116884,0.021580623800685966,0.08366285343390871
PLA2G15,-0.00219962121212125,0.8550933837293739,0.9414078947800227
PLA2G1B,-0.260900487012987,0.007944665158406822,0.035132006441789924
PLA2G2A,-0.15000465367965365,0.5779614624377551,0.7980072530493899
PLA2G4A,1.3293912878787881,1.8369700169279985e-13,2.86102024087109e-11
PLA2G7,0.0947787878787878,0.23942085271845726,0.5126938846124912
PLAT,0.2489727272727273,0.03406656554113726,0.12188074795195131
PLAU,-0.014297943722943685,0.9087058167955532,0.9683369424950825
PLAUR,-0.0006627705627704206,0.9492044076239982,0.9859717425319641
PLB1,0.035038961038961064,0.7694861237542385,0.903296361338811
PLCB1,-0.08250903679653687,0.9830579555820083,0.9960063792603848
PLCB2,1.9232284090909086,3.458725940618997e-13,3.2754433747053e-11
PLEKHO1,0.28209237012987,2.872395479222032e-05,0.00019345649736788017
PLG,0.048076082251082286,0.8318309478487413,0.9319439864169685
PLIN1,0.12759756493506497,0.21024840639415288,0.470924208344911
PLIN3,0.2772664502164503,8.249816852306129e-05,0.0005253641537971856
PLPBP,0.8807131493506495,1.959596213576478e-09,2.5237008491985765e-08
PLSCR3,0.24042164502164504,0.0010585543133985163,0.005666949190593156
PLTP,-0.06418463203463196,0.3656627005365932,0.6497495670229824
PLXDC1,0.18982846320346322,0.22775188964939452,0.496805054809836
PLXDC2,0.1584588744588742,0.12315070478654275,0.3275427753330887
PLXNA4,0.7546996212121212,5.1466277787626465e-12,1.4464993266656938e-10
PLXNB2,0.016384794372294315,0.4941162142860759,0.7506765563192306
PLXNB3,0.14715438311688311,0.007746631011577124,0.034308185525515046
PM20D1,0.11154015151515151,0.989834284409546,0.9976846942514148
PMCH,-0.09050227272727351,0.2532632288256408,0.5284000127461442
PMM2,0.11067472943722942,0.36566474093493195,0.6497495670229824
PMS1,-0.04582543290043284,0.8153046147914853,0.9240540477066738
PMVK,3.2542202922077927,7.984307439931355e-14,2.86102024087109e-11
PNLIP,-0.23660395021645023,0.14285662937606336,0.3640539909906131
PNLIPRP1,-0.0533049783549783,0.9356851983007191,0.9781859208272539
PNLIPRP2,-0.6471388528138529,0.6192538405579049,0.8235138013789209
PNMA1,0.5013955086580084,7.441667738689747e-06,5.424437606032452e-05
PNMA2,0.057569372294372326,0.6991393951411515,0.8685016795569851
PNPT1,0.3497118506493509,0.008353552459320028,0.03655304466855156
PODXL,0.07368712121212122,0.10563462048510175,0.2935076004543274
PODXL2,-0.1352114718614719,0.054363817590690464,0.17774993216279147
POF1B,-0.1721121212121211,0.20717312334809712,0.4676193355571335
POLR2A,0.09277857142857142,0.17547742499641084,0.41802812816993384
POLR2F,0.12896390692640713,0.011643640340193183,0.04882978581690771
POMC,-0.02846341991341994,0.9830579555820083,0.9960063792603848
PON1,0.01996406926406913,0.7500822971284152,0.8952607431024793
PON2,0.06900470779220784,0.7630017961330808,0.9003852442862315
PON3,-0.16256260822510807,0.04278040579409032,0.1471142660425012
POSTN,0.026013474025973954,0.9762828489184295,0.9953522034839796
PPBP,2.3319470238095237,2.995833004183443e-12,9.839123450818206e-11
PPCDC,0.3315123376623381,0.0015110457709422893,0.007845091986615118
PPIB,1.5114209415584416,6.932920593758506e-12,1.8260421539112558e-10
PPIE,-0.023561309523809526,0.9559695577023917,0.9898333561338607
PPIF,0.49326953463203443,4.814867532721917e-05,0.000311368535357216
PPL,-0.05052521645021646,0.7085956313817126,0.8754121008151926
PPM1A,0.10256899350649343,0.05763869896398758,0.18636937729174302
PPM1B,0.3489136363636364,0.08388905758217229,0.25021195440070365
PPM1F,0.4321856601731602,8.929631237919035e-07,7.543731823247786e-06
PPME1,0.7299768398268407,0.00017672606078441547,0.001065093351902776
PPP1CC,0.659013041125541,8.530006003992537e-08,8.228781369528114e-07
PPP1R12A,1.9054911255411255,1.517249715397498e-13,2.86102024087109e-11
PPP1R12B,0.23499448051948035,0.001798778389853342,0.009224261813230382
PPP1R14A,1.2713464826839826,1.6746746921886713e-09,2.2049883447150838e-08
PPP1R14D,-0.19883798701298738,0.25502992134383484,0.5313274840256802
PPP1R2,0.9454969696969696,8.79098179773485e-12,2.1236396524610718e-10
PPP1R9B,1.9076652597402597,3.247680995697094e-13,3.273438465662968e-11
PPP2R5A,1.624785227272727,2.0459882249334748e-10,3.267991028131446e-09
PPP3R1,0.16541374458874425,0.1093455616837158,0.3018102708229474
PPT1,-0.05610492424242425,0.412397091054609,0.6849072142912624
PPY,-0.40534767316017317,0.14518773421096182,0.36743181566981936
PQBP1,0.04485708874458849,0.17012377809240953,0.4096187129192484
PRAME,0.015488203463203676,0.577959844014384,0.7980072530493899
PRAP1,0.2061990800865801,0.010185384096149979,0.04339923864875567
PRC1,-0.00969567099567098,0.370183525768071,0.6549917952906003
PRCP,-0.021456709956709882,0.6495140772994294,0.840059166452901
PRDX1,0.00948208874458878,0.9762828489184295,0.9953522034839796
PRDX2,0.285241287878788,0.03941536306565961,0.13781232803938162
PRDX3,0.7639199134199135,2.9564645071288756e-07,2.6346785836395436e-06
PRDX5,1.4283567640692645,3.563754523993812e-11,7.284513617925813e-10
PRDX6,0.3319255411255422,0.020171537112093237,0.07935585865228605
PREB,0.0338060064935064,0.5896254326356974,0.8046124036802885
PRELP,-0.032685173160173164,0.9830579555820083,0.9960063792603848
PRG2,-0.01958387445887455,0.8285200418107319,0.928590522320847
PRG3,0.09607629870129869,0.5296322136895768,0.770425948411494
PRKAB1,0.15704123376623377,0.02206974982059847,0.08510538090449779
PRKAG3,-0.1255839285714284,0.4420608276938772,0.709189791080792
PRKAR1A,1.9075415043290045,2.4982099489909068e-12,8.693175810595739e-11
PRKAR2A,0.5440775432900432,4.642183021524745e-05,0.00030155802903990427
PRKCQ,0.025848647186147183,0.888539123512752,0.9597930000102639
PRKD2,-0.0028782467532467437,0.6679573903796867,0.8529661214852879
PRKG1,2.6590620129870124,3.247680995697094e-13,3.273438465662968e-11
PRKRA,0.14554561688311676,0.11123929726198636,0.3047352070260414
PRL,0.14381033549783556,0.504907297688539,0.7583987827048302
PRND,0.07888998917748896,0.5721696928603057,0.7952696206517705
PROC,0.06856498917748916,0.5896270163130954,0.8046124036802885
PROCR,-0.015270238095238114,0.7500833253020773,0.8952607431024793
PROK1,-0.026811417748917765,0.5896270163130954,0.8046124036802885
PROS1,0.11526450216450213,0.06717777205291098,0.21001136653546393
PRR4,-0.34597732683982685,0.08542166818902228,0.2527201782555791
PRR5,-0.07396066017316014,0.5896254326356974,0.8046124036802885
PRRT3,-0.0700134199134197,0.8351462519765688,0.9320857176508249
PRSS2,-0.09549810606060588,0.6373382289671439,0.8331572644324515
PRSS22,-0.1487713203463203,0.6192553319982443,0.8235138013789209
PRSS27,-0.18648273809523816,0.11123929726198636,0.3047352070260414
PRSS53,-0.05207505411255414,0.6192553319982443,0.8235138013789209
PRSS8,0.14206823593073592,0.26400426153022505,0.542675426478796
PRTFDC1,2.4145238095238093,8.79098179773485e-12,2.1236396524610718e-10
PRTG,0.08750373376623383,0.20413061368100727,0.4636159936205006
PRTN3,0.07499177489177483,0.5213238597585075,0.76689966888481
PRUNE2,0.028294047619047635,0.6013999509832053,0.8130860576891347
PSAP,0.048465909090909254,0.15480426857962448,0.3831438417089266
PSAPL1,0.1327060064935065,0.2676534317761413,0.5474814423244654
PSCA,0.18524794372294356,0.7565340556476334,0.8981921383663821
PSG1,-0.34320643939393947,0.06225723078833177,0.19801728573916624
PSIP1,0.3299827922077922,0.0007573797504343292,0.004122571714189095
PSMA1,0.03838544372294368,0.7662409472024554,0.9031138260777327
PSMC3,-0.029102110389610414,0.8087163030849599,0.9215897676090986
PSMD1,0.4095273809523807,0.0208648980743288,0.08153701449432375
PSMD5,0.04840865800865801,0.6312858636885104,0.8289526413124509
PSMD9,0.39578625541125523,0.01884291680539264,0.07483402964967756
PSME1,0.38027467532467507,0.00017083395124762343,0.0010338460445068391
PSME2,0.267528733766234,0.010185384096149979,0.04339923864875567
PSMG3,0.49211369047619025,0.0026762125083491955,0.013169308353374912
PSMG4,0.5655067640692637,0.0023921450071910226,0.011871883927764271
PSPN,0.3620270562770563,0.1338186027803898,0.34738168377182893
PSRC1,0.7297508658008658,7.45903388622539e-09,8.483562665150512e-08
PSTPIP2,2.167008279220779,2.2124969337552738e-12,8.083910671708332e-11
PTEN,0.6616944805194804,1.6905582033699104e-05,0.0001165448497276002
PTGDS,0.010278354978354887,0.7694851704348422,0.903296361338811
PTGES2,0.4412942099567099,0.00010188440432263641,0.0006377047405461804
PTGR1,-0.09402326839826852,0.9188123389307001,0.9737811699399698
PTH,-0.08663674242424257,0.88183160815252,0.9564360853065506
PTH1R,0.04489047619047615,0.848433383152062,0.9372527509272401
PTK7,0.07515622294372298,0.4781637613617501,0.7391182836913778
PTN,0.24675286796536805,0.15728236118062883,0.3863330602781328
PTP4A3,0.06036888528138529,0.29027322655518306,0.5764094036398412
PTPN1,0.5747232142857143,2.4552802665772424e-08,2.5273813218169796e-07
PTPN6,2.3311833333333336,1.6172216472260785e-13,2.86102024087109e-11
PTPN9,0.10557743506493514,0.17012559612862388,0.4096187129192484
PTPRB,0.07855611471861468,0.2676534317761413,0.5474814423244654
PTPRC,-0.019874350649350725,0.979670132435072,0.9960063792603848
PTPRF,0.03921082251082253,0.6434148783499212,0.8369833953790919
PTPRH,0.08596325757575757,0.8153046147914853,0.9240540477066738
PTPRK,0.013172510822511141,0.4941162142860759,0.7506765563192306
PTPRM,0.08259745670995658,0.15603782123493515,0.3848932923795067
PTPRN2,-0.03787830086580088,0.7727334339329803,0.9067442101108396
PTPRR,0.04098912337662333,0.5779614624377551,0.7980072530493899
PTPRS,-0.06189761904761903,0.5158213097199362,0.7634155383855057
PTPRZ1,-0.06974621212121213,0.6073243976354576,0.8161901996628117
PTRHD1,1.0963503246753248,8.79098179773485e-12,2.1236396524610718e-10
PTS,0.07463457792207828,0.31414953249445055,0.6025322070087132
PTTG1,-0.10767072510822509,0.11028770336999083,0.3041235442929087
PTX3,0.04505979437229443,0.42955316793867104,0.6998795484307333
PVALB,1.5687069805194807,4.182257459997986e-08,4.244700887352123e-07
PVR,-0.035531006493506656,0.868443381506113,0.9493125003188221
PXDNL,-0.10188214285714287,0.5268564656123884,0.7696159165342386
PXN,0.24773203463203441,0.04365863973475036,0.1497819295125297
PYDC1,-0.0019207792207793228,0.5606696010891176,0.7890405604157393
PYY,0.30800459956709925,0.3161916371060274,0.605235409110295
PZP,-0.003258982683982836,1.0,1.0
QDPR,0.4587001623376624,5.186589419635348e-06,3.86744920244748e-05
QPCT,0.036585876623376534,0.5268529475886152,0.7696159165342386
QSOX1,-0.009562067099567098,0.8952541288849709,0.9620690510039596
RAB10,0.33001915584415575,1.1040326273521788e-05,7.852470443400051e-05
RAB11FIP3,1.6396128246753248,4.73334435204177e-13,3.37452818073612e-11
RAB27B,2.3328985389610386,1.3351795017351673e-13,2.86102024087109e-11
RAB2B,0.5231333874458874,3.235033276236715e-07,2.8654552322545204e-06
RAB33A,0.19655281385281378,0.014263673280005065,0.058639545706687494
RAB37,0.6315341991341992,1.3943925348712547e-05,9.704308046258755e-05
RAB39B,-0.09657251082251095,0.848433383152062,0.9372527509272401
RAB3GAP1,-0.007831493506493564,0.8021415247722942,0.919113946260061
RAB44,0.14186590909090824,0.3932939322736131,0.6699290000208457
RAB6A,0.10866661255411256,0.4887673037871233,0.7456507458088525
RAB6B,-0.010445346320346882,0.69286017704125,0.8665940511303268
RABEP1,0.4167278138528139,0.0023257049923550537,0.011580980737059321
RABEPK,0.018803625541125496,0.6252581203826834,0.8258605900942537
RABGAP1L,0.4582837662337659,0.010695812378074475,0.04537570331075717
RAC3,-0.18973582251082255,0.3392801819297282,0.625688310271669
RAD23B,0.8982458874458877,7.0665929011241e-11,1.2829596925456983e-09
RAD51,-0.04985784632034631,0.6434148783499212,0.8369833953790919
RALB,0.1966556818181821,0.04638520189464712,0.15638286636453694
RALY,0.07794859307359311,0.09177985399200234,0.2658795968469998
RANBP1,0.6795969696969704,0.000537465875364035,0.002998115942154722
RANBP2,-0.03467072510822511,0.7500833253020773,0.8952607431024793
RANGAP1,0.2701028679653681,0.020631682711362002,0.08084180389791948
RAP1A,-0.29213511904761913,0.0565296646416363,0.18400468791481392
RAPGEF2,0.316217261904762,0.0023922475653277986,0.011871883927764271
RARRES1,-0.026527543290043365,0.8417841854281243,0.9352091121271027
RARRES2,0.12791028138528138,0.11123929726198636,0.3047352070260414
RASA1,-0.04519512987012987,0.9424427302245387,0.9813894194678756
RASGRF1,0.07254518398268389,0.5380108904868224,0.7758292219501637
RASSF2,0.14510454545454565,0.1338186027803898,0.34738168377182893
RBFOX3,-0.03045027056277072,0.8285200418107319,0.928590522320847
RBKS,0.21714583333333293,0.12733531063635145,0.3359215821209885
RBM17,0.5928179653679654,1.4914399217213726e-07,1.3839615527592292e-06
RBM19,0.13699415584415608,0.6679560617521647,0.8529661214852879
RBM25,0.03156239177489176,0.7565340556476334,0.8981921383663821
RBP1,-0.06758046536796539,0.6073243976354576,0.8161901996628117
RBP2,0.06923208874458875,0.6803652140431975,0.8590529246860762
RBP5,0.09643317099567095,0.2532612087622603,0.5284000127461442
RBP7,0.17866066017316018,0.05330864109064339,0.17488345444214437
RBPMS,-0.03163722943722941,0.6495154691014562,0.840059166452901
RBPMS2,1.7563386904761902,4.299960635026336e-12,1.2825290751206102e-10
RCC1,-0.047336201298701336,0.9154423172339606,0.9712660229672838
RCOR1,-0.03687521645021645,0.5896270163130954,0.8046124036802885
RECK,0.025519264069264067,0.51034724707544,0.7587742952905768
REEP4,0.20758847402597397,0.005265623464192284,0.024086725173449213
REG1A,-0.3440549242424241,0.04638520189464712,0.15638286636453694
REG1B,-0.3819979437229437,0.07107460853667802,0.22054254856975566
REG3A,-0.47513414502164586,0.009460368502053632,0.040845874640329044
REG3G,-0.2305263528138528,0.2980938811170427,0.5840002778184422
REG4,0.009803950216449975,0.8021415247722942,0.919113946260061
RELB,-0.2810127164502165,0.014950936755892104,0.06120670607489162
RELT,-0.03518614718614693,0.6803652140431975,0.8590529246860762
REN,0.21234209956709957,0.06717777205291098,0.21001136653546393
REPS1,0.14016396103896106,0.19228561821459866,0.4467812893809793
REST,-0.15734226190476164,0.24283037070150637,0.5169651664679557
RET,0.23182245670995671,0.009343811861439798,0.04052219891838061
RETN,0.0005412337662337174,0.9154416001631447,0.9712660229672838
REXO2,-0.14460200216450214,0.5296322136895768,0.770425948411494
RFC4,-0.0299629329004329,0.9728957912535633,0.9953522034839796
RGCC,1.5965767857142859,4.847681543875357e-12,1.375706131334725e-10
RGL2,0.20340005411255402,0.08697683507511222,0.256283557383622
RGMA,-0.02146222943722942,0.8351462519765688,0.9320857176508249
RGMB,-0.12112391774891756,0.13715291638946586,0.35446328435579905
RGS10,1.242295508658009,4.847681543875357e-12,1.375706131334725e-10
RGS8,-0.05993430735930727,0.5549618358542556,0.7878355736775081
RHOC,1.9506285173160174,3.364597054142463e-11,6.925857175534098e-10
RICTOR,-0.12469696969696974,0.352316140130296,0.6388462019856422
RIDA,0.07945162337662348,0.13828072522718826,0.354867919086103
RILP,0.6655986471861461,6.871305692840468e-06,5.033791112825235e-05
RILPL2,1.7083248917748914,1.1286994111212092e-12,5.5918447096733804e-11
RIPK4,-0.20956969696969702,0.33500451362962924,0.6229123367299022
RLN1,-0.3492804653679653,0.23942085271845726,0.5126938846124912
RLN2,-0.2291727272727293,0.7533055220790239,0.8981921383663821
RNASE1,-0.03407467532467534,0.868443936316295,0.9493125003188221
RNASE10,0.10119258658008654,0.3307637157371567,0.6185683564297563
RNASE3,0.40131553030303035,0.07942438149872902,0.24032864091178563
RNASE4,0.041788744588744486,0.5158213097199362,0.7634155383855057
RNASE6,0.0014500000000000624,0.7630017961330808,0.9003852442862315
RNASEH2A,0.2787234848484848,9.498882620537832e-05,0.0006009790887409541
RNASET2,-0.024098647186147182,0.9559697449079332,0.9898333561338607
RNF149,0.01871006493506494,0.989834284409546,0.9976846942514148
RNF168,0.01607153679653678,0.9830579555820083,0.9960063792603848
RNF31,-0.022974404761904932,0.58378066754384,0.8003709621156868
RNF4,-0.11587586580086584,0.24627388139920292,0.5216366342970074
RNF41,0.21970189393939404,0.005265623464192284,0.024086725173449213
RNF43,0.051323755411255556,0.1210990688896973,0.32326262864345684
RNF5,0.388293668831169,9.83795929827934e-05,0.000618416237180011
ROBO1,-0.015121969696969655,0.8417841854281243,0.9352091121271027
ROBO2,-0.03299621212121215,0.7372345691475306,0.8897343706103352
ROBO4,-0.004615205627705621,0.6803626437164655,0.8590529246860762
ROR1,-0.0021873917748916893,0.8351462519765688,0.9320857176508249
RP2,0.3662792207792207,5.186589419635348e-06,3.86744920244748e-05
RPA2,0.03232987012987007,0.7630017961330808,0.9003852442862315
RPE,0.24244209956709983,0.007553541888652616,0.033503798088818815
RPGR,-0.1102328463203463,0.17278601716839426,0.41397830178952166
RPL14,0.3301691558441558,0.0007229689502289087,0.003979733034875895
RPS10,-0.05952061688311691,0.412397091054609,0.6849072142912624
RRAS,0.8748626082251088,6.870687248201181e-06,5.033791112825235e-05
RRM2,-0.2408442640692643,0.370183525768071,0.6549917952906003
RRM2B,0.408583170995671,0.0002390277252338697,0.0014229695333169068
RRP15,-0.17590497835497834,0.2902752795613569,0.5764094036398412
RSPO1,0.09668084415584421,0.2164978042940242,0.4816005189889138
RSPO3,0.05991179653679657,0.48344975363490605,0.7453183701871469
RTBDN,0.045763906926406916,0.7694861237542385,0.903296361338811
RTKN2,0.18907283549783543,0.9221845086619007,0.9741761181130234
RTN4IP1,1.329892316017316,1.5889167010724201e-09,2.1207321996505406e-08
RTN4R,0.05519085497835497,0.4270788882352503,0.6966247713792616
RUVBL1,-0.47766174242424236,0.024121479247361213,0.09156764135069718
RWDD1,1.2061923701298705,1.2003428014780242e-12,5.847670014533775e-11
RYR1,-0.05944826839826841,0.8484327458897201,0.9372527509272401
S100A11,0.02456471861471865,0.9019766479785182,0.9650357767354352
S100A12,0.39582316017315944,0.059911063969961785,0.1922283644173417
S100A13,0.05063890692640671,0.4994962818960309,0.754536243918397
S100A14,-0.16402694805194806,0.2497514728011071,0.5263327721684471
S100A16,-0.276362283549784,0.06717777205291098,0.21001136653546393
S100A3,-0.07864426406926406,0.577959844014384,0.7980072530493899
S100A4,0.6509270562770568,2.6922588285810292e-06,2.08739325091309e-05
S100G,-0.25717213203463196,0.06717777205291098,0.21001136653546393
S100P,0.21055611471861457,0.05763869896398758,0.18636937729174302
SAA4,0.07287581168831171,0.6312858636885104,0.8289526413124509
SAFB2,0.03525146103896103,0.6252581203826834,0.8258605900942537
SAG,0.006328787878787906,0.868443936316295,0.9493125003188221
SAMD9L,0.8182589826839828,5.0247147413929304e-11,9.857208851739285e-10
SAP18,-0.2223395021645022,0.1951983876996347,0.4510394365581283
SARG,1.6711274891774892,2.82001967958429e-12,9.474617843017103e-11
SART1,0.16867094155844153,0.14993720333884344,0.3755496532643011
SAT1,0.0049563852813852005,0.6556396536746179,0.8442443646215454
SAT2,-0.16915275974025967,0.3307637157371567,0.6185683564297563
SATB1,0.05786130952380941,0.4075704450855334,0.6811483196026382
SBSN,-0.07188701298701301,0.4887673037871233,0.7456507458088525
SCAMP3,0.7924422619047616,8.409354099458286e-10,1.1761024896036635e-08
SCARA5,0.03098419913419903,0.6434134660461421,0.8369833953790919
SCARB1,-0.2535516774891775,0.2603895497108345,0.5382734468209117
SCARB2,-0.059419047619047705,0.9458226206143459,0.9842079718815309
SCARF1,0.13155113636363633,0.10654987568099257,0.29576950295872867
SCARF2,-0.05159301948051953,0.6679573903796867,0.8529661214852879
SCG2,-0.03942245670995681,0.8087163030849599,0.9215897676090986
SCG3,-0.1216964285714286,0.2750553939346121,0.5575498727259856
SCGB1A1,-0.1293082792207792,0.4445848006830322,0.7124568927612407
SCGB2A2,0.0016455086580086653,0.33076165761507637,0.6185683564297563
SCGB3A1,0.057702272727272796,0.60732592687876,0.8161901996628117
SCGB3A2,-0.0373709956709955,0.69286017704125,0.8665940511303268
SCGN,-0.18969042207792203,0.15979040242195397,0.39085133579863723
SCIN,0.1520128246753247,0.15235594365292643,0.3796559448401568
SCLY,0.03001001082251073,0.6866019901563465,0.8639421511954373
SCN2A,-0.0029223484848484027,0.9627382556941022,0.9912236426184786
SCN2B,-0.15187813852813853,0.0347904705633877,0.1241667221694533
SCN3A,0.05150330086580088,0.8021415247722942,0.919113946260061
SCN3B,0.09951044372294374,0.2864181983517873,0.5722490729885674
SCN4B,0.007099512987012987,0.8351462519765688,0.9320857176508249
SCP2,-0.06812472943722947,0.5779614624377551,0.7980072530493899
SCPEP1,0.5252819805194806,0.00011311936575738793,0.0007020125395092249
SCRG1,0.1834092532467534,0.005405430298727538,0.024649099474540706
SCRIB,-0.8439597943722943,0.2603895497108345,0.5382734468209117
SCRN1,0.9759764069264067,1.4663029260182423e-10,2.477458643208857e-09
SCT,0.034190584415584396,0.6434148783499212,0.8369833953790919
SDC1,-0.047745183982684125,0.9424427302245387,0.9813894194678756
SDC4,1.207922564935065,9.370910328820554e-11,1.6804399319719313e-09
SDCCAG8,0.3212314393939396,0.001285106329955678,0.006792704886908584
SDHB,0.33556964285714286,0.0011931745749671056,0.006352730933750181
SDK2,-0.023695346320346297,0.9932226967169596,0.9993464721209137
SEC31A,0.8896285714285713,6.741646648516179e-09,7.758202028981414e-08
SEL1L,-0.10345876623376626,0.354517179247811,0.6412461107310343
SELE,-0.030120562770562798,0.9830579555820083,0.9960063792603848
SELENOP,0.028407413419913596,0.7180982282789059,0.8800857352316747
SELL,-0.08689734848484845,0.2864181983517873,0.5722490729885674
SELP,0.4235604978354978,6.602046721584584e-06,4.860902409871974e-05
SELPLG,0.12747711038961035,0.03781888606158265,0.13350797579469334
SEMA3F,0.023802976190476277,0.7565340556476334,0.8981921383663821
SEMA3G,-0.08191428571428583,0.28259588451950446,0.5688896490706002
SEMA4C,0.06365735930735916,0.3747368378685546,0.6566881157612621
SEMA4D,-0.021290746753246728,0.7694861237542385,0.903296361338811
SEMA6C,-0.04580048701298717,0.7565340556476334,0.8981921383663821
SEMA7A,-0.07260275974025959,0.5268564656123884,0.7696159165342386
SEPTIN3,-0.19786574675324672,0.1951983876996347,0.4510394365581283
SEPTIN7,-0.08212251082251099,0.6312858636885104,0.8289526413124509
SEPTIN8,0.17109155844155877,0.06591857655879427,0.20762930957042633
SEPTIN9,0.21375562770562767,3.4597075909844295e-05,0.00023088413900565038
SERPINA1,-0.020882738095238083,0.18655242437880626,0.4365922311326819
SERPINA11,-0.08362878787878791,0.3839406978376383,0.6632839287505337
SERPINA12,0.037583116883115775,0.674150223875841,0.8567570019082971
SERPINA3,-0.04629588744588746,0.26400426153022505,0.542675426478796
SERPINA4,-0.03165432900432896,0.9695093232073471,0.9939937323282604
SERPINA5,-0.01738787878787887,0.9627382556941022,0.9912236426184786
SERPINA6,-0.005298538961038934,0.8952541288849709,0.9620690510039596
SERPINA7,-0.06533252164502162,0.705438065489576,0.8718811664638375
SERPINA9,-0.07134588744588748,0.5549618358542556,0.7878355736775081
SERPINB1,0.7469801406926405,1.8315770248529986e-10,3.007696429014222e-09
SERPINB5,0.0350505411255414,0.7565340556476334,0.8981921383663821
SERPINB6,0.4302312770562769,5.520354439169545e-07,4.745881184027229e-06
SERPINB8,0.14515827922077945,0.37932461003532403,0.6588032294315223
SERPINB9,0.5040771103896102,1.2314986050377275e-08,1.338167443317947e-07
SERPINC1,-0.003502380952380868,0.7955790239560234,0.9169883519055687
SERPIND1,0.19946347402597403,0.03703988440116478,0.13092175175408738
SERPINE1,1.4618767316017318,2.97190295550045e-09,3.7123386063794086e-08
SERPINE2,0.7564845779220779,1.959904525378299e-09,2.5237008491985765e-08
SERPINF1,0.08838003246753248,0.008044431695676776,0.035519446897980686
SERPINF2,0.028045454545454512,0.3747368378685546,0.6566881157612621
SERPING1,-0.009674025974025974,0.9966113466412806,0.9993464721209137
SERPINH1,1.921730519480519,2.97190295550045e-09,3.7123386063794086e-08
SERPINI1,-0.007755248917748928,0.7372345691475306,0.8897343706103352
SERPINI2,-0.09213392857142855,0.5213238597585075,0.76689966888481
SESTD1,-0.03395606060606063,0.29416716358058137,0.5801960992888254
SETMAR,0.08171617965367955,0.37932461003532403,0.6588032294315223
SEZ6,-0.006534253246753274,0.7630017961330808,0.9003852442862315
SEZ6L,-0.10158787878787881,0.17012559612862388,0.4096187129192484
SEZ6L2,0.026096266233766263,0.7372345691475306,0.8897343706103352
SF3B4,1.3254336038961039,7.0665929011241e-11,1.2829596925456983e-09
SFRP1,-0.2557713203463202,0.01994405242482908,0.07867269262857678
SFRP4,0.16053100649350646,0.09015571005400386,0.2629991422034464
SFTPA1,-0.20550303030303024,0.33500451362962924,0.6229123367299022
SFTPA2,0.10667364718614722,0.6803652140431975,0.8590529246860762
SFTPD,0.2557503787878789,0.1781981369470299,0.4217640109203766
SGSH,0.1323113095238095,0.22612080897100362,0.49435387032329364
SH2B3,0.38382537878787804,0.00473847714609868,0.021915456800706393
SH2D1A,0.40854193722943716,0.000458627602892253,0.0026182978188555774
SH3BGRL2,-0.003153030303030305,0.2922148152421604,0.5798668736950678
SH3BP1,0.4873966991341991,5.400367632995901e-06,4.0166093107498777e-05
SH3GL3,-0.05660178571428587,0.9627382556941022,0.9912236426184786
SH3GLB2,0.5870028679653683,0.009938079985295728,0.04265775355996669
SHBG,-0.3580161796536797,0.017190359805458546,0.06911802706626657
SHC1,-0.34303392857142856,0.037041494594810216,0.13092175175408738
SHD,-0.14922732683982692,0.14518773421096182,0.36743181566981936
SHH,0.0685776515151515,0.9830579555820083,0.9960063792603848
SHISA5,-0.007444480519480379,0.5380108904868224,0.7758292219501637
SHMT1,0.9433235389610394,1.4948801789423366e-06,1.2037285848618318e-05
SHPK,-0.1247761363636364,0.09851144725719127,0.2792950042880311
SIAE,0.36614686147186143,1.0167638049443576e-06,8.515761036826239e-06
SIGLEC1,-0.15053041125541128,0.2676534317761413,0.5474814423244654
SIGLEC10,-0.07345010822510817,0.4887673037871233,0.7456507458088525
SIGLEC15,-0.08494058441558444,0.31414747289810174,0.6025322070087132
SIGLEC5,0.3781365800865802,0.9087062036483103,0.9683369424950825
SIGLEC6,-0.03512667748917758,0.8550933837293739,0.9414078947800227
SIGLEC7,0.10525086580086584,0.33713593405492803,0.6256814826936855
SIGLEC8,-0.005085281385281304,0.8384631038842237,0.9350735034924021
SIGLEC9,0.06312586580086585,0.5213238597585075,0.76689966888481
SIL1,-0.061354870129870176,0.4624970214120131,0.7256461586620044
SIRPA,-0.0746566017316018,0.8219060114431775,0.9257923974753017
SIRPB1,-0.1419136904761905,0.2980938811170427,0.5840002778184422
SIRT1,0.2362725649350649,0.208704722965818,0.4703499654811766
SIRT2,1.4275374458874457,4.299960635026336e-12,1.2825290751206102e-10
SIRT5,-0.03776856060606057,0.3747368378685546,0.6566881157612621
SIT1,0.06058961038961039,0.616261897586813,0.8235138013789209
SKAP1,0.2950412337662338,0.044552052363545,0.15195524977671182
SKAP2,2.2331820887445883,1.517249715397498e-13,2.86102024087109e-11
SKIV2L,0.09374036796536789,0.7276446334607376,0.88621052650239
SLA2,1.8609940476190465,1.4080789167273484e-11,3.319205381930677e-10
SLAMF1,0.03119637445887441,0.48344975363490605,0.7453183701871469
SLAMF6,-0.08370573593073583,0.3392801819297282,0.625688310271669
SLAMF7,-0.3538545995670995,0.003525752751457651,0.016812031472285015
SLAMF8,0.031465043290043404,0.510349047054832,0.7587742952905768
SLC12A2,-0.027418668831168808,0.5692792551138128,0.7952696206517705
SLC13A1,0.389382683982684,0.0003906885240139818,0.0022703430530673337
SLC16A1,0.009490151515151313,0.6991393951411515,0.8685016795569851
SLC1A4,-0.0663396103896104,0.3435906963497789,0.6296649563826983
SLC27A4,0.33245200216450216,0.0012662612517962935,0.006705220360508272
SLC28A1,0.043812716450216435,0.7117593852512301,0.8759884981428824
SLC34A3,-0.085689880952381,0.4445848006830322,0.7124568927612407
SLC39A14,-0.02417889610389612,0.6252581203826834,0.8258605900942537
SLC39A5,0.2862129329004328,0.1210990688896973,0.32326262864345684
SLC44A4,-0.14329015151515143,0.08089063243161297,0.24325444300165094
SLC4A1,0.39108863636363655,0.03335557518616259,0.12007185501127249
SLC51B,-0.019081655844155554,0.661787079767117,0.8502873117183661
SLC9A3R1,1.0270053030303026,5.960721668684731e-11,1.1168711177926583e-09
SLC9A3R2,0.1310255411255411,0.524084654361659,0.7696159165342386
SLIRP,-0.10693939393939392,0.07797981416037646,0.23693866610268233
SLIT2,0.05223614718614725,0.575060503259731,0.7980072530493899
SLITRK1,-0.04850681818181829,0.7054392605839808,0.8718811664638375
SLITRK2,0.10468739177489181,0.44712086445544286,0.7133920779493774
SLITRK6,-0.1316171536796537,0.09594177215623845,0.27440097848599315
SLK,0.10386547619047623,0.9356851983007191,0.9781859208272539
SLMAP,0.20954480519480514,0.15603782123493515,0.3848932923795067
SLURP1,0.021359090909090855,0.7180993768482874,0.8800857352316747
SMAD2,0.17461482683982674,0.002790179639880394,0.013707050567009061
SMAD3,0.5600845238095239,1.4241364619385218e-07,1.3257168402058277e-06
SMAD5,0.10972781385281391,0.035900151592872666,0.1278150342338207
SMARCA2,-0.11877656926407099,0.9492044076239982,0.9859717425319641
SMC3,-0.13753089826839826,0.5213238597585075,0.76689966888481
SMNDC1,0.228212824675325,0.025207356784104903,0.09532072293239448
SMOC1,0.1100354437229436,0.08089063243161297,0.24325444300165094
SMOC2,0.26168262987012997,0.005265623464192284,0.024086725173449213
SMPD1,-0.1281586580086581,0.2445458635268235,0.5194822377099602
SMPD3,0.17732272727272738,0.3435886425272564,0.6296649563826983
SMPDL3A,-0.18049291125541134,0.05876576192664041,0.18938514014506053
SMPDL3B,-0.04937132034632033,0.6866019901563465,0.8639421511954373
SMS,-0.1326920995670996,0.3747368378685546,0.6566881157612621
SMTN,0.35201975108225114,0.000690305348238958,0.003814295903407323
SNAP23,1.9602565476190477,7.984307439931355e-14,2.86102024087109e-11
SNAP25,0.0020403679653679674,0.8417841854281243,0.9352091121271027
SNAP29,1.9496121212121207,6.162265145628085e-14,2.86102024087109e-11
SNAPIN,0.07234805194805227,0.6679573903796867,0.8529661214852879
SNCA,1.2144468073593053,1.3414234811779255e-05,9.357949488026435e-05
SNCG,0.17597186147186145,0.10472119615344531,0.2918017696439663
SNED1,0.028330465367965463,0.9390631569169141,0.9813663237998356
SNRPB2,0.13675146103896094,0.03063718115561671,0.11222115353116247
SNU13,-0.11274329004329005,0.4320377368948195,0.700805789514096
SNX15,0.5625561147186147,1.241187673291807e-05,8.742148359113137e-05
SNX18,0.13693614718614716,0.12733531063635145,0.3359215821209885
SNX2,0.400473538961039,0.0015110457709422893,0.007845091986615118
SNX5,0.17851801948051943,0.0009381069033538992,0.005059200144840309
SNX9,0.6569735930735935,5.789780044997277e-09,6.824002851422194e-08
SOD1,0.577340530303031,8.382835997519412e-06,6.065106341769614e-05
SOD2,0.02565898268398259,0.4624970214120131,0.7256461586620044
SOD3,0.1127406926406927,0.69286017704125,0.8665940511303268
SORBS1,0.10432256493506503,0.02998809208778528,0.11025810461961807
SORCS2,-0.039686958874459,0.730837371204852,0.8875104428881523
SORD,0.4188300865800866,0.05876576192664041,0.18938514014506053
SORT1,0.2543791666666667,0.001905359867929788,0.00973665540901883
SOST,0.044297727272727405,0.45221175716138007,0.7183807561266996
SOWAHA,-0.22307440476190465,0.07107340640594327,0.22054254856975566
SOX2,-0.06794540043290044,0.35231409072860165,0.6388462019856422
SOX9,-0.10572743506493504,0.142853227735756,0.3640539909906131
SPACA5_SPACA5B,0.09678208874458893,0.2327034229368925,0.5031006695595687
SPAG1,0.32482056277056237,0.014263673280005065,0.058639545706687494
SPARC,0.9461954004329006,1.2943186492862441e-08,1.396049229469997e-07
SPARCL1,-0.06471423160173162,0.5492826199977975,0.7847278095080948
SPART,0.6962595238095238,2.162201267844113e-10,3.4162780031936987e-09
SPESP1,-0.04906574675324665,0.5408144590528361,0.7785580472367062
SPINK1,-0.16162878787878776,0.12946868834529043,0.33971003234585634
SPINK2,-0.0648640692640694,0.7117593852512301,0.8759884981428824
SPINK4,-0.21140589826839828,0.1951983876996347,0.4510394365581283
SPINK5,-0.07986114718614716,0.4370337230234913,0.7049942452525746
SPINK6,-0.02690476190476182,0.7436500245368596,0.8930521864097125
SPINK8,0.028061255411255405,0.7054392605839808,0.8718811664638375
SPINT1,-0.02638430735930722,0.848433383152062,0.9372527509272401
SPINT2,0.40162895021645006,0.020631143153814462,0.08084180389791948
SPINT3,0.5886455627705629,0.2864181983517873,0.5722490729885674
SPOCK1,0.02112830086580081,0.9458228508433869,0.9842079718815309
SPON1,-0.024727218614718716,0.9289322965480106,0.9760133367396961
SPON2,0.05190903679653691,0.15480426857962448,0.3831438417089266
SPP1,0.031881926406926414,0.8550933837293739,0.9414078947800227
SPRED2,0.1187490800865801,0.5324188901098932,0.770425948411494
SPRING1,-0.18522835497835494,0.14993720333884344,0.3755496532643011
SPRR1B,-0.15228901515151516,0.15979040242195397,0.39085133579863723
SPRR3,-0.22172548701298714,0.03335557518616259,0.12007185501127249
SPRY2,1.4450574134199132,6.78688335141288e-10,9.630126231155266e-09
SPTBN2,0.03851563852813844,0.6434148783499212,0.8369833953790919
SPTLC1,-0.04434166666666671,0.4861008845397109,0.7456507458088525
SRC,2.064412229437229,3.6832240498853277e-13,3.2754433747053e-11
SRP14,0.44597954545454543,0.0001391846199615062,0.0008546988322426105
SRPK2,0.3177832792207792,4.685705643654162e-06,3.52997876195905e-05
SRPX,0.07119680735930733,0.29416716358058137,0.5801960992888254
SSB,0.20800211038961033,0.20413061368100727,0.4636159936205006
SSBP1,0.10011390692640695,0.18373733504478107,0.4320753692245729
SSC4D,0.7370445887445887,0.02811127576900405,0.10427570948324726
SSC5D,0.2465869047619047,0.03335557518616259,0.12007185501127249
SSH3,0.014634956709956737,0.532415400727222,0.770425948411494
SSNA1,0.47317716450216435,4.6425286715004085e-05,0.00030155802903990427
ST13,0.5770667207792206,9.83795929827934e-05,0.000618416237180011
ST3GAL1,-0.03363479437229455,0.9188123389307001,0.9737811699399698
ST6GAL1,0.09560248917748916,0.17547742499641084,0.41802812816993384
ST8SIA1,-0.1359616883116883,0.4370337230234913,0.7049942452525746
STAB2,0.05443652597402582,0.6648667183307861,0.8529661214852879
STAM,0.14945930735930746,0.16232678349684992,0.3950761143646856
STAMBP,0.5108795454545453,8.382835997519412e-06,6.065106341769614e-05
STAT2,0.18102115800865806,0.044552052363545,0.15195524977671182
STAT5B,1.750793939393939,3.9220156727569443e-13,3.2754433747053e-11
STAU1,0.12801742424242413,0.033354823994431904,0.12007185501127249
STC1,0.06447023809523802,0.510349047054832,0.7587742952905768
STC2,0.04237911255411255,0.6252551761792591,0.8258605900942537
STEAP4,0.18315919913419904,0.19228561821459866,0.4467812893809793
STIP1,0.7781307900432899,1.7419844944099554e-08,1.8448625641885144e-07
STK11,0.731695562770563,4.721672902864808e-09,5.7030784690387737e-08
STK24,0.39710102813852827,0.0003906885240139818,0.0022703430530673337
STK4,1.1409725108225106,1.3572721856678329e-12,6.103548613395501e-11
STOML2,-0.20948468614718635,0.9762828489184295,0.9953522034839796
STX16,-0.07133814935064908,0.7244588389762001,0.8826982852552868
STX1B,0.01699334415584411,0.6991393951411515,0.8685016795569851
STX3,0.15098376623376616,0.008146948190344836,0.0358098188877864
STX4,0.3876036255411256,3.620343208473844e-08,3.687199720686079e-07
STX5,0.10077413419913417,0.1475478625446385,0.3717951743258434
STX6,0.5684970779220779,0.011228860279959754,0.04743057600913636
STX7,0.46983170995671,0.0005724011290724199,0.003186911429102254
STX8,0.2396737554112554,0.0007343768828154254,0.0040198195289690795
STXBP1,1.6365159632034632,9.893937696819947e-12,2.370490154738091e-10
STXBP3,0.8403142316017316,1.3870553121850386e-10,2.357187603207481e-09
SUGP1,0.2076225108225108,0.004995766587374946,0.023032532704884808
SUGT1,1.1019710497835498,2.0459882249334748e-10,3.267991028131446e-09
SULT1A1,1.344827002164502,3.653429964941182e-09,4.431110285279285e-08
SULT2A1,-0.1051458874458876,0.7565340556476334,0.8981921383663821
SUMF1,-0.24331617965367985,0.28259588451950446,0.5688896490706002
SUMF2,0.23038349567099564,0.029350858866355578,0.10805108371077753
SUOX,-0.06785811688311685,0.5606679329080964,0.7890405604157393
SUSD1,0.973585173160173,7.0665929011241e-11,1.2829596925456983e-09
SUSD2,-0.053360606060606,0.42215143296961466,0.6947909000958241
SUSD4,-0.05559832251082251,0.7500822971284152,0.8952607431024793
SUSD5,-0.14031742424242416,0.20413061368100727,0.4636159936205006
SV2A,0.20649924242424247,0.06345852006982367,0.2011814036486926
SWAP70,0.3145220238095239,0.000537465875364035,0.002998115942154722
SYAP1,0.591479166666667,1.3602476477011516e-08,1.461766130231789e-07
SYNGAP1,-0.1906233225108226,0.09509864283867331,0.27225595790151036
SYT1,0.1325994047619048,0.1112377757807655,0.3047352070260414
SYTL4,0.6930487554112553,4.4237878186652767e-07,3.848432081535299e-06
TAB2,0.6191655844155846,1.1568787430552053e-06,9.55241967782589e-06
TACC3,1.6629408008658007,1.5829497352892894e-11,3.6432772253941677e-10
TACSTD2,-0.1303066558441559,0.05876576192664041,0.18938514014506053
TADA3,0.22626006493506517,0.0058451863821378965,0.02644811113775398
TAFA5,0.04618062770562781,0.5352094713059508,0.7733155139037539
TAGLN3,-0.11862705627705628,0.2980938811170427,0.5840002778184422
TALDO1,0.36686093073593096,1.9697252731603414e-05,0.0001351527458555793
TANK,-0.026804816017316033,0.9424427302245387,0.9813894194678756
TAP1,0.03003506493506458,0.989834284409546,0.9976846942514148
TARBP2,0.5269545995670998,4.592790472012819e-06,3.46892158906808e-05
TARM1,-0.31185930735930756,0.08542033762154001,0.2527201782555791
TARS1,0.5198266774891775,2.120198963601952e-08,2.2212693801464179e-07
TAX1BP1,0.04414707792207789,0.3747368378685546,0.6566881157612621
TBC1D17,0.18073181818181838,0.20111882778971224,0.46071782013848084
TBC1D23,0.9728428030303033,4.651361057099796e-10,6.7641434676132854e-09
TBC1D5,0.19302348484848475,0.22287979638857502,0.4898328156720337
TBCA,1.3536341991341991,1.998452494101051e-11,4.529161779468214e-10
TBCB,1.691912121212121,9.977735199621087e-13,5.2080214265165066e-11
TBCC,1.1541752705627704,4.299960635026336e-12,1.2825290751206102e-10
TBL1X,0.5743820887445887,3.5901166945186076e-05,0.00023849797950177025
TBR1,-0.05351060606060606,0.6252566482896219,0.8258605900942537
TCL1A,0.5124146645021644,0.036277751625071526,0.12868916019427679
TCL1B,0.09591498917748925,0.6312858636885104,0.8289526413124509
TCN1,-0.059630519480519534,0.3932939322736131,0.6699290000208457
TCN2,-0.013884740259740291,0.9356851983007191,0.9781859208272539
TCOF1,0.035450487012986975,0.30604985710211496,0.5940170979131799
TCP11,-0.09888744588744558,0.17957114418529974,0.4246654162246207
TCTN3,0.036543127705627454,0.6991393951411515,0.8685016795569851
TDGF1,-0.07445275974025967,0.7180993768482874,0.8800857352316747
TDO2,-0.10575541125541116,0.868443381506113,0.9493125003188221
TDP1,-0.12718630952380952,0.44712086445544286,0.7133920779493774
TDRKH,0.53999420995671,4.980928084762731e-06,3.733141741477298e-05
TEF,-0.08533111471861488,0.56640564535146,0.7921548810346016
TEK,-0.012999675324675386,0.8851841018651243,0.9597155525785454
TERF1,-0.027590259740259804,0.5436322184092088,0.7785580472367062
TET2,-0.5509265151515151,0.03861011284257504,0.13532057534633915
TEX101,-0.01937656926406911,1.0,1.0
TEX33,-0.09651672077922074,0.35673099453946366,0.6420718577825446
TF,0.09920551948051948,0.05175551672304045,0.17113277758082265
TFAP2A,-0.03259669913419915,0.7662409472024554,0.9031138260777327
TFF1,0.13368560606060603,0.7955807254302163,0.9169883519055687
TFF2,0.0723129870129865,0.9019766479785182,0.9650357767354352
TFF3,-0.08198544372294381,0.3611785013791684,0.6461020399753858
TFPI,0.14484935064935073,0.025766306162327602,0.09705767475249878
TFPI2,-0.09839123376623371,0.3307637157371567,0.6185683564297563
TFRC,0.06847137445887444,0.7117593852512301,0.8759884981428824
TG,0.21999247835497857,0.40277763344582707,0.676620127909283
TGFA,0.1427497294372294,0.11510281092332982,0.31210578497000996
TGFB1,0.20063019480519473,0.0034310347546838713,0.01644084358678845
TGFB2,0.14962900432900422,0.5268564656123884,0.7696159165342386
TGFBI,0.07933084415584413,0.17819998408712456,0.4217640109203766
TGFBR1,-0.11495232683982687,0.17547558740450653,0.41802812816993384
TGFBR2,-0.02720043290043285,0.9087062036483103,0.9683369424950825
TGFBR3,0.010205790043290038,0.9087062036483103,0.9683369424950825
TGM2,0.4237209415584422,0.014950936755892104,0.06120670607489162
TGOLN2,-0.06844567099567095,0.4755307811521997,0.738956126160489
THAP12,-0.37292137445887436,0.11315882547220937,0.30826024870015656
THBD,-0.0031928571428571084,0.9864459400865643,0.9976846942514148
THBS2,-0.0834269480519482,0.7630017961330808,0.9003852442862315
THBS4,0.18576780303030305,0.26948892043437034,0.5504654887698563
THOP1,0.04412689393939384,0.58378066754384,0.8003709621156868
THPO,0.2179542748917749,0.00367237003260407,0.017425872735879377
THRAP3,-0.14918501082251096,0.40277763344582707,0.676620127909283
THSD1,-0.047677056277056235,0.9966113466412806,0.9993464721209137
THTPA,0.6464654220779218,2.8260126560316193e-07,2.5338757649019704e-06
THY1,0.02574740259740256,0.510349047054832,0.7587742952905768
TIA1,1.6231416666666663,1.3870553121850386e-10,2.357187603207481e-09
TIE1,-0.08810541125541127,0.3611805450974275,0.6461020399753858
TIGAR,-0.05403804112554106,0.4172574595163224,0.6910161779978529
TIGIT,0.03189751082251069,0.6192553319982443,0.8235138013789209
TIMD4,-0.2321550865800866,0.06717777205291098,0.21001136653546393
TIMM10,0.1115425865800866,0.010184741160501592,0.04339923864875567
TIMM8A,0.42294502164502157,1.241187673291807e-05,8.742148359113137e-05
TIMP1,0.06633739177489179,0.010185384096149979,0.04339923864875567
TIMP2,-0.03339280303030301,0.9289322965480106,0.9760133367396961
TIMP3,0.7356985930735932,4.592790472012819e-06,3.46892158906808e-05
TIMP4,0.10890687229437238,0.28259588451950446,0.5688896490706002
TINAGL1,-0.03414128787878773,0.5436322184092088,0.7785580472367062
TJAP1,0.3255875,7.839117119549084e-07,6.641663576939702e-06
TJP3,-0.09816125541125548,0.21024646551465664,0.470924208344911
TK1,-0.036631493506493445,0.9627382556941022,0.9912236426184786
TLR1,-0.11740346320346323,0.17547742499641084,0.41802812816993384
TLR2,-0.10668966450216448,0.2603895497108345,0.5382734468209117
TLR3,-0.19037949134199134,0.40277763344582707,0.676620127909283
TLR4,0.19239496753246751,0.3244658819934455,0.614257625043291
TMCO5A,0.5488465367965367,1.3414234811779255e-05,9.357949488026435e-05
TMED1,-0.07094837662337658,0.69286017704125,0.8665940511303268
TMED10,-0.2355486471861472,0.33500451362962924,0.6229123367299022
TMED4,0.08307213203463198,0.5896270163130954,0.8046124036802885
TMED8,1.4386448593073593,1.7338877320914142e-12,6.848856541761086e-11
TMEM106A,1.1776143398268402,7.0665929011241e-11,1.2829596925456983e-09
TMEM132A,0.04708722943722943,0.7955807254302163,0.9169883519055687
TMEM25,-0.2493335497835498,0.08388905758217229,0.25021195440070365
TMOD4,0.03189978354978362,0.8952541288849709,0.9620690510039596
TMPRSS11B,-0.22640898268398268,0.13162971889225036,0.3444527021683508
TMPRSS11D,-0.16569843073593077,0.11510435723491985,0.31210578497000996
TMPRSS15,0.02286580086580081,0.4781637613617501,0.7391182836913778
TMPRSS5,-0.10398820346320345,0.2532632288256408,0.5284000127461442
TMSB10,0.7417010822510819,7.50474035872989e-07,6.376847694351009e-06
TNC,0.016896590909090792,0.9661234048716694,0.993658941745211
TNF,-0.6586154220779223,0.7436500245368596,0.8930521864097125
TNFAIP2,0.0770156385281385,0.3414290303649349,0.6292541335162072
TNFAIP8,0.769574945887446,0.0004887706143842616,0.0027741291375634886
TNFAIP8L2,1.1227109307359309,2.081916956410493e-12,7.703092738718824e-11
TNFRSF10A,0.02411785714285708,0.9087062036483103,0.9683369424950825
TNFRSF10B,0.051810173160173,0.4270788882352503,0.6966247713792616
TNFRSF10C,-0.07907088744588749,0.22287979638857502,0.4898328156720337
TNFRSF11A,-0.03853955627705627,0.9087062036483103,0.9683369424950825
TNFRSF11B,-0.08516975108225106,0.56640564535146,0.7921548810346016
TNFRSF12A,0.052350162337662265,0.36566474093493195,0.6497495670229824
TNFRSF13B,-0.29882175324675325,0.00028204994556791795,0.001665618929313927
TNFRSF13C,-0.034908982683982695,0.7500833253020773,0.8952607431024793
TNFRSF14,0.058620129870129906,0.14285662937606336,0.3640539909906131
TNFRSF17,-0.30225270562770545,0.01679821758188357,0.067819323193157
TNFRSF19,0.018429437229437018,0.5436305033528391,0.7785580472367062
TNFRSF1A,-0.00911520562770568,0.7890343476731525,0.9144914346743159
TNFRSF1B,-0.12860865800865806,0.2902752795613569,0.5764094036398412
TNFRSF21,-0.045927056277056344,0.7244588389762001,0.8826982852552868
TNFRSF4,-0.10485990259740263,0.26400426153022505,0.542675426478796
TNFRSF6B,0.01365963203463201,0.9289322965480106,0.9760133367396961
TNFRSF8,-0.34363425324675323,0.05226963311979686,0.1724425932383366
TNFRSF9,-0.1609319264069265,0.15480426857962448,0.3831438417089266
TNFSF10,-0.0004920995670995576,0.9762828489184295,0.9953522034839796
TNFSF11,0.20766352813852812,0.2603895497108345,0.5382734468209117
TNFSF12,0.09253809523809514,0.1038155177021308,0.2901119107725938
TNFSF13,0.21512830086580098,0.031971619799143834,0.11609073872409618
TNFSF13B,0.14331482683982683,0.2532632288256408,0.5284000127461442
TNFSF14,0.3035248917748917,0.0022607635847789217,0.011374351488011789
TNFSF8,-0.04986601731601725,0.6073243976354576,0.8161901996628117
TNFSF9,-0.011474025974025942,0.9898342411458825,0.9976846942514148
TNIP1,0.4140938311688309,6.201890886405235e-05,0.0004001794053192605
TNN,0.0033064935064934797,0.6679573903796867,0.8529661214852879
TNNI3,0.7293758658008658,0.03063718115561671,0.11222115353116247
TNPO1,-0.035020508658008674,0.510349047054832,0.7587742952905768
TNR,-0.07870887445887445,0.6373382289671439,0.8331572644324515
TNXB,-0.06487862554112554,0.38860323823892773,0.6685622515434878
TOM1L2,0.9517963203463203,2.2528169285686053e-07,2.0450260503745446e-06
TOMM20,0.4155716450216453,2.925060985325063e-06,2.2499877000276734e-05
TOP1,0.03238858225108221,0.8351462519765688,0.9320857176508249
TOP1MT,-0.18897694805194803,0.17547558740450653,0.41802812816993384
TOP2B,0.5876337121212122,0.00014404430949941505,0.0008826866177500842
TOR1AIP1,0.2796746212121215,0.06345852006982367,0.2011814036486926
TP53,0.20462575757575766,0.06591857655879427,0.20762930957042633
TP53BP1,0.08550703463203457,0.3932919185950491,0.6699290000208457
TP53I3,0.5535267857142856,1.1566367445480358e-06,9.55241967782589e-06
TP53INP1,0.035949080086580265,0.6013984032898323,0.8130860576891347
TP73,0.05983793290043291,0.6102971360716549,0.8186776175940557
TPBGL,-0.039815854978354714,0.4650861914160064,0.7289259718546846
TPD52L2,2.494481601731602,7.80877030195996e-12,2.0199146542149524e-10
TPK1,0.032193614718614816,0.3770243901684538,0.6588032294315223
TPM3,0.2199075216450217,0.22287979638857502,0.4898328156720337
TPMT,0.5369373917748916,0.0009523878886750907,0.00512675837679059
TPP1,0.1297963744588745,0.15235594365292643,0.3796559448401568
TPPP2,-0.3278448051948052,0.0007343768828154254,0.0040198195289690795
TPPP3,0.09408484848484835,0.7180993768482874,0.8800857352316747
TPR,0.15755140692640696,0.040234826151593114,0.14000761528703176
TPRKB,0.23752489177489178,0.0985128804040233,0.2792950042880311
TPSAB1,0.06518436147186152,0.4270788882352503,0.6966247713792616
TPSD1,0.07874426406926405,0.29416716358058137,0.5801960992888254
TPSG1,0.03314237012987015,0.6312858636885104,0.8289526413124509
TPT1,-0.060784523809523816,0.6013999509832053,0.8130860576891347
TRAF2,0.21584626623376657,0.12522938386332919,0.3318635440004635
TRAF3,0.06985849567099561,0.3392801819297282,0.625688310271669
TRAF3IP2,0.08013668831168833,0.8550933837293739,0.9414078947800227
TRDMT1,0.533208658008658,0.00018908812627420183,0.0011349170289517289
TREH,0.3054611471861474,0.2532632288256408,0.5284000127461442
TREM2,0.20929496753246746,0.3020554581044024,0.5909692798120268
TREML1,0.8184420995670998,4.651361057099796e-10,6.7641434676132854e-09
TREML2,-0.12251893939393944,0.15603782123493515,0.3848932923795067
TRIAP1,0.65310183982684,2.4556151056996996e-08,2.5273813218169796e-07
TRIM21,0.2471194805194804,0.017190833279909615,0.06911802706626657
TRIM24,-0.044201298701298714,0.868443936316295,0.9493125003188221
TRIM25,0.2656897727272728,0.07377403471094729,0.22746994035875415
TRIM26,-0.08283852813852818,0.5436322184092088,0.7785580472367062
TRIM40,0.13217196969696968,0.30605191565420764,0.5940170979131799
TRIM5,0.19375470779220771,0.06107481628675527,0.19531913348597993
TRIM58,0.4628503246753247,0.009696756616965611,0.04180474865986797
TRPV3,-0.09819556277056296,0.43203969644351725,0.700805789514096
TSC1,0.1795734307359308,0.4676853174811296,0.7302616029450221
TSC22D1,0.5820628787878789,0.0007573797504343292,0.004122571714189095
TSHB,-0.056556764069264354,0.7694861237542385,0.903296361338811
TSLP,-0.2870353896103894,0.01884291680539264,0.07483402964967756
TSNAX,0.4310846861471864,0.000690305348238958,0.003814295903407323
TSPAN1,0.07683116883116886,0.7759866120255959,0.9091017502808886
TSPAN15,-0.17846212121212124,0.58378066754384,0.8003709621156868
TSPAN7,-0.13578739177489169,0.2980938811170427,0.5840002778184422
TSPAN8,-0.027054816017316075,0.989834284409546,0.9976846942514148
TSPYL1,0.12170265151515136,0.02935016962608287,0.10805108371077753
TST,0.19542895021645018,0.011504128734735776,0.04831403490177108
TTF2,0.30953230519480524,0.005265623464192284,0.024086725173449213
TTN,0.3277221320346321,0.0215811808036836,0.08366285343390871
TTR,0.11575254329004336,0.09425866388351395,0.27117920721605443
TUBB3,-0.02440146103896118,0.5324188901098932,0.770425948411494
TWF2,1.4057075216450217,2.3511004655530544e-12,8.380813000989729e-11
TXK,-0.2710853896103895,0.7436479191209786,0.8930521864097125
TXLNA,0.4941412337662338,1.1568787430552053e-06,9.55241967782589e-06
TXN,0.41186580086580094,2.1252661953103967e-05,0.00014480543330751259
TXNDC15,-0.03416017316017321,0.661787079767117,0.8502873117183661
TXNDC5,0.2997781926406926,0.001424984278079686,0.007451214749243153
TXNDC9,0.4925785173160173,1.0085551377739955e-08,1.1251933846234309e-07
TXNL1,-0.2506963203463204,0.19814338282391764,0.45532477043577935
TXNRD1,0.27757889610389613,2.4257909978922043e-05,0.00016413396034349338
TYMP,0.8224871212121219,5.769132976106667e-07,4.945212812070319e-06
TYRO3,-0.07257613636363636,0.3392801819297282,0.625688310271669
TYRP1,0.1753823051948058,0.19814338282391764,0.45532477043577935
UBAC1,0.27049502164502126,0.018000279361300168,0.07197649326002789
UBE2B,0.19495248917748853,0.0175909942576118,0.07043819642405125
UBE2L6,0.4092812770562772,0.00017374543551377595,0.001049293198361089
UBE2Z,0.34939458874458873,0.026917078257816827,0.10074087035543994
UBQLN3,-0.17946645021645025,0.09679372214868749,0.27629692367247416
UBXN1,0.816264772727272,2.6792802479470977e-09,3.3902753959953967e-08
UFD1,2.6327899891774895,1.5829497352892894e-11,3.6432772253941677e-10
UGDH,-0.29705243506493495,0.15603782123493515,0.3848932923795067
UHRF2,0.14833414502164502,0.1648970438222377,0.40032729160498404
ULBP2,0.0030172077922077656,0.989834284409546,0.9976846942514148
UMOD,-0.0827261904761904,0.19814338282391764,0.45532477043577935
UNC5D,-0.013153030303030305,0.868443936316295,0.9493125003188221
UNC79,-0.15504453463203466,0.4420608276938772,0.709189791080792
UNG,0.061936471861472,0.21024452462334575,0.470924208344911
UPB1,0.06980362554112551,0.4887673037871233,0.7456507458088525
UPK3A,0.14400319264069264,0.2864181983517873,0.5722490729885674
UPK3BL1,-0.1530303571428571,0.6866019901563465,0.8639421511954373
UROD,0.880413690476191,9.369063224184056e-08,8.949598628852939e-07
UROS,0.5684650432900432,0.0029090460743657173,0.014195562062388969
USO1,1.4945843614718615,5.229258062074915e-09,6.213463949367877e-08
USP25,0.5789363636363634,1.3727023941439814e-06,1.1115853696510154e-05
USP28,-0.06927564935064942,0.7890343476731525,0.9144914346743159
USP47,0.25360010822510826,0.370183525768071,0.6549917952906003
USP8,1.2196567640692642,7.790582743412709e-13,4.296579879055726e-11
UXS1,0.24980725108225105,0.31414953249445055,0.6025322070087132
VAMP5,-0.19108933982683973,0.7955807254302163,0.9169883519055687
VAMP8,0.7219660714285716,1.825063302626722e-05,0.00012552141255477433
VASH1,1.4688141774891774,2.8628288381069063e-13,3.273438465662968e-11
VASN,-0.0005246753246753166,0.9154423172339606,0.9712660229672838
VASP,1.1805675865800866,4.565776579049799e-12,1.321362865402234e-10
VAT1,0.06791536796536796,0.13162971889225036,0.3444527021683508
VAV3,0.8514180194805194,1.0603005600891144e-08,1.1651347883986773e-07
VCAM1,-0.06250936147186154,0.8153046147914853,0.9240540477066738
VCAN,-0.11896006493506472,0.1180687410771136,0.3183717067974198
VCPKMT,-0.4551484848484848,0.08088934047781461,0.24325444300165094
VEGFA,0.18271433982683985,0.008146948190344836,0.0358098188877864
VEGFB,-0.10269177489177486,0.27133712314825253,0.5511594238793205
VEGFC,0.4105833333333334,6.581305084790702e-07,5.608499930858083e-06
VEGFD,-0.1431392316017316,0.2497514728011071,0.5263327721684471
VGF,-0.035321049783549774,0.8417841854281243,0.9352091121271027
VIM,0.2649091450216452,0.1951983876996347,0.4510394365581283
VIPR1,0.03109534632034633,0.7792418669894783,0.9114541725531192
VIT,0.012475703463203425,0.24974945744475918,0.5263327721684471
VMO1,0.08412462121212128,0.42215143296961466,0.6947909000958241
VNN1,0.40090319264069263,0.0023257049923550537,0.011580980737059321
VNN2,-0.0874101190476188,0.4075704450855334,0.6811483196026382
VPS28,0.3611185064935065,0.00017083395124762343,0.0010338460445068391
VPS37A,0.6850034090909094,1.3597750060600712e-07,1.2780136150204461e-06
VPS4B,0.6308123917748918,2.58263157979081e-06,2.0077213052469514e-05
VPS53,0.47327575757575757,1.507203665025237e-09,2.0212197536133748e-08
VSIG10,-0.10088035714285698,0.8021407001503797,0.919113946260061
VSIG10L,-0.0796397727272728,0.5436305033528391,0.7785580472367062
VSIG2,0.10858603896103891,0.9019766479785182,0.9650357767354352
VSIG4,-0.060217748917749114,0.5213238597585075,0.76689966888481
VSIR,0.4911823593073593,1.5597450091471408e-06,1.2490779895170116e-05
VSNL1,-0.09872137445887452,0.9424427302245387,0.9813894194678756
VSTM1,0.08870254329004325,0.45733912163135615,0.7225958121775428
VSTM2B,-0.1865939393939391,0.007553541888652616,0.033503798088818815
VSTM2L,0.13035573593073596,0.2864181983517873,0.5722490729885674
VTA1,1.3872548160173155,2.995833004183443e-12,9.839123450818206e-11
VTCN1,-0.1448308982683983,0.1781981369470299,0.4217640109203766
VTI1A,0.4036733225108225,1.964449313586538e-07,1.8000267534838403e-06
VWA1,0.16125351731601734,0.2568092292616898,0.5338928713598289
VWA5A,-0.2905045995670995,0.08237748024149874,0.24671433273299223
VWC2,-0.09470248917748918,0.4887673037871233,0.7456507458088525
VWC2L,-0.12753311688311714,0.08015349736644964,0.24228404633105716
VWF,-0.3115837662337668,0.02206974982059847,0.08510538090449779
WARS,0.1846102813852814,0.04191715494780382,0.1446562501917716
WAS,1.2017762445887445,0.00599878531066667,0.02701764169965898
WASF1,0.2997194264069265,0.0004302264219458473,0.0024754957309994323
WASF3,2.7829281385281384,2.6713274281679462e-11,5.783918572248079e-10
WASHC3,0.33540216450216453,1.9200326661262477e-07,1.7648602148072397e-06
WASL,0.19946049783549782,0.16749599485081068,0.40596251488301793
WDR46,0.11935481601731614,0.18940492958756383,0.44184406159971995
WFDC1,0.0030718073593073436,0.40516580507323485,0.6794638505611905
WFDC12,0.30137499999999995,0.08855477636169766,0.2591047160212635
WFDC2,-0.010070075757575903,0.7244588389762001,0.8826982852552868
WFIKKN1,-0.07342142857142847,0.47290951878759135,0.7356649938350875
WFIKKN2,-0.1598689935064935,0.08855477636169766,0.2591047160212635
WIF1,0.06248008658008666,0.42214945788101177,0.6947909000958241
WNT9A,-0.05372846320346292,0.7372345691475306,0.8897343706103352
WWP2,0.006996536796536779,0.8054255713250906,0.9215897676090986
XCL1,0.01236071428571428,0.6679573903796867,0.8529661214852879
XG,-0.03272169913419913,0.9120730979713447,0.9712660229672838
XIAP,0.1647876082251082,0.004995766587374946,0.023032532704884808
XPNPEP2,-0.129713906926407,0.6373367964454622,0.8331572644324515
XRCC4,0.046174350649350576,0.37932461003532403,0.6588032294315223
YAP1,0.02856179653679658,0.6991393951411515,0.8685016795569851
YARS1,3.567936201298701,7.984307439931355e-14,2.86102024087109e-11
YES1,0.8684362554112552,4.232994823451465e-11,8.533133702723194e-10
YJU2,0.2784445887445886,9.83795929827934e-05,0.000618416237180011
YOD1,0.5324118506493511,0.017190833279909615,0.06911802706626657
YTHDF3,1.6800221861471858,6.466215547164179e-13,3.780149608872179e-11
YWHAQ,0.8007332792207794,3.6528741270648774e-09,4.431110285279285e-08
YY1,0.075134632034632,0.4051678041492148,0.6794638505611905
ZBP1,0.15874009740259754,0.06845552219473318,0.21377723437521912
ZBTB16,0.2695441558441558,0.0016018727966972087,0.008287210946452992
ZBTB17,0.12143841991341986,0.3839467695675344,0.6632839287505337
ZCCHC8,-0.024837012987013046,0.7372345691475306,0.8897343706103352
ZFYVE19,1.339134794372294,3.2955570444717882e-09,4.081742898725016e-08
ZHX2,0.0248400432900433,0.3265557483886029,0.6154277697150327
ZNF174,-0.1374591991341991,0.2164978042940242,0.4816005189889138
ZNF75D,0.09779534632034628,0.8617631410103956,0.9459013757378142
ZNF830,0.20255508658008659,0.7759866120255959,0.9091017502808886
ZNRD2,0.12961428571428557,0.21335464331030807,0.47715479510716174
ZNRF4,0.03345562770562768,0.2327034229368925,0.5031006695595687
ZP3,-0.22897153679653673,0.44712086445544286,0.7133920779493774
ZP4,0.025582738095238075,0.5464520936325097,0.7818303816386813
ZPR1,-0.49873587662337643,0.08237878506582293,0.24671433273299223
