protein,diff,p,q
A1BG,-0.11953327922077919,0.02872531007475566,0.0821566353703628
AAMDC,0.18441033549783548,0.01603653560491927,0.05326681087861252
AARSD1,0.3830961038961034,0.021102054488974606,0.06568829102371967
ABCA2,-0.05095270562770563,0.3839467695675344,0.5241832823194316
ABHD14B,0.6925391774891774,2.4556151056996996e-08,2.871105181584089e-07
ABL1,0.5611981601731602,3.3803078137632414e-12,1.1762666356702327e-10
ABO,-0.4493470779220779,0.26400426153022505,0.4055094358659211
ABRAXAS2,0.1393411255411256,0.27133712314825253,0.41222370632138366
ACAA1,0.09563306277056272,0.17957114418529974,0.3109516910270327
ACADM,-0.2739325757575759,0.09342742580051744,0.19258699972842908
ACADSB,0.2956219696969695,0.00038441657322926484,0.002437417881885339
ACAN,-0.04494053030303029,0.5606696010891176,0.6774854253755646
ACE,-0.10311769480519484,0.17547742499641084,0.30603849240125824
ACE2,0.09361006493506474,0.9864459400865643,0.9949400320939144
ACHE,-0.008139177489177418,0.7180993768482874,0.8039082644686113
ACOT13,1.738481493506493,6.78688335141288e-10,1.0552159593712685e-08
ACOX1,0.2750220238095238,0.003929659814697127,0.017975580028731928
ACP1,0.1553882034632036,0.09015571005400386,0.18796372360046595
ACP5,-0.12827099567099565,0.11123929726198636,0.21705772089238062
ACP6,-0.03851742424242427,0.88183160815252,0.9235382479043904
ACRBP,0.08728219696969697,0.1093440526957,0.2139337863463864
ACRV1,-0.20786883116883126,0.2902752795613569,0.43267447330843767
ACSL1,-0.25769090909090914,0.007179771574965688,0.029351709529545043
ACTA2,-0.07542613636363638,0.6013999509832053,0.71140916905055
ACTN2,0.13291780303030304,0.33500451362962924,0.47766741138507623
ACTN4,-0.14290633116883122,0.06107481628675527,0.14281735040494853
ACVRL1,-0.06699404761904762,0.2902752795613569,0.43267447330843767
ACY1,0.045361363636363894,0.9695093232073471,0.9819390612847784
ACY3,-0.36234350649350644,0.08855477636169766,0.18595230697215678
ACYP1,0.7306818722943724,6.582024034170415e-07,6.246511770090949e-06
ADA,0.07465346320346325,0.33287769697061853,0.4771954429843639
ADA2,-0.24278549783549763,0.03265731947791567,0.09073892094481702
ADAM12,0.006431168831168788,0.6803652140431975,0.7738161558942671
ADAM15,-0.1814161255411255,0.004202727094031987,0.01901636423507043
ADAM22,-0.16053333333333325,0.07797981416037646,0.16921677564274715
ADAM23,-0.11231206709956712,0.07942438149872902,0.17146046316158414
ADAM8,-0.15792029220779225,0.002530589164577097,0.012579782530712338
ADAM9,-0.13455909090909088,0.0646788973747446,0.14851250355567827
ADAMTS1,0.042215692640692595,0.4994962818960309,0.6250118287594598
ADAMTS13,-0.1499452922077922,0.01530538387109289,0.05160050410058191
ADAMTS15,0.03894588744588745,0.8285200418107319,0.8880689703750528
ADAMTS16,-0.012335876623376638,0.6132778265119712,0.7207925560492529
ADAMTS4,0.17454345238095242,0.054364844116844196,0.13165570783225813
ADAMTS8,-0.2530280844155844,0.026916428590350722,0.0784432898779647
ADAMTSL2,-0.006608387445887445,0.7630017961330808,0.8390723288551525
ADAMTSL4,-0.14681628787878795,0.0058451863821378965,0.024689999703741434
ADAMTSL5,-0.15164745670995677,0.07942438149872902,0.17146046316158414
ADCYAP1R1,-0.11954269480519508,0.14055435723976775,0.2580655692285434
ADD1,0.5614121212121215,0.011504128734735776,0.04182408991496601
ADGRB3,-0.31014604978354987,0.001124002522880706,0.006164088882514641
ADGRD1,0.14584707792207813,0.14285662937606336,0.26179932769042835
ADGRE1,-0.4255626623376624,0.07797981416037646,0.16921677564274715
ADGRE2,-0.124441829004329,0.07942438149872902,0.17146046316158414
ADGRE5,-0.13736033549783555,0.05763869896398758,0.1379835520653036
ADGRF5,-0.06065129870129869,0.31414953249445055,0.457300340379123
ADGRG1,0.31844908008658007,0.04278040579409032,0.110173679415089
ADGRG2,-0.18630124458874464,0.0005045256172838482,0.003131058130192544
ADGRV1,-0.0060951298701297785,0.2676534317761413,0.4093935013509477
ADH1B,-0.30168787878787906,0.24974945744475918,0.38893103622676406
ADH4,-0.1347434523809523,0.6013999509832053,0.71140916905055
ADIPOQ,-0.5509083333333336,0.01679821758188357,0.05504617712090322
ADM,-0.009347023809523847,0.8285200418107319,0.8880689703750528
ADRA2A,-0.14770719696969692,0.7694861237542385,0.8442972746747895
AFAP1,0.41718944805194813,0.32655780733082984,0.47090699103503486
AFM,-0.014767316017316016,0.989834284409546,0.9949400320939144
AFP,-0.1574179653679654,0.46768721201268604,0.5982712125658999
AGBL2,-0.19644485930735922,0.19228561821459866,0.3245097355896489
AGER,-0.09614626623376624,0.27133712314825253,0.41222370632138366
AGR2,-0.1869323593073594,0.47290951878759135,0.603630796251585
AGR3,0.10735541125541131,0.2532632288256408,0.39293440438288113
AGRN,-0.08288387445887449,0.4941162142860759,0.6214723297582615
AGRP,-0.08843971861471833,0.5955002115928472,0.7075801294658098
AGT,-0.03660416666666669,0.036277751625071526,0.09782275645764213
AGXT,-0.19824924242424252,0.37932461003532403,0.5203030666979127
AHCY,0.18078344155844173,0.05124761400863193,0.12641078122129212
AHNAK,-0.06628295454545452,0.30605191565420764,0.4486407971199844
AHNAK2,-0.044825595238095234,0.69286017704125,0.7828489746778406
AHSA1,0.4264123376623378,0.013285020480595256,0.046449898163612356
AHSG,-0.09240838744588747,0.33927812636526067,0.48211763334010477
AHSP,0.34787727272727365,0.1210990688896973,0.23090187760246916
AIDA,-0.23316141774891772,0.14055435723976775,0.2580655692285434
AIF1,0.12147635281385277,0.2980938811170427,0.43984271302630784
AIF1L,-0.17830925324675334,0.07797854793181712,0.16921677564274715
AIFM1,0.5135067099567099,0.0030743861676779294,0.01463588072984135
AK1,0.5074432900432897,0.0030743861676779294,0.01463588072984135
AK2,0.6191747835497836,8.721094631240552e-06,7.221461645075392e-05
AKAP12,-0.16053154761904762,0.0215811808036836,0.06682393166225335
AKR1B1,1.0555966991341994,4.388471356160572e-08,4.822369087991485e-07
AKR1B10,-0.3478809523809525,0.04732533574955857,0.1189440725674632
AKR1C4,-0.36654891774891774,0.11123929726198636,0.21705772089238062
AKR7L,-0.30561709956709965,0.13381694799481575,0.24914125855227987
AKT1S1,0.422016233766234,0.008565396605752614,0.033787657595971514
AKT2,2.1107878787878787,1.276443243515216e-12,5.6530963648408734e-11
AKT3,0.18620000000000006,0.04974501873814421,0.12385407987359073
ALCAM,-0.15898414502164504,0.0003782605338023233,0.002403737304840094
ALDH1A1,-0.0018864177489179568,0.9830579555820083,0.992223205858498
ALDH2,-0.34752196969696975,0.016413495525295262,0.0540277561040969
ALDH3A1,-0.02952808441558441,0.7054392605839808,0.7921624889308396
ALDH5A1,-0.3390301406926406,0.15235594365292643,0.27422193552801966
ALMS1,-0.3800288961038961,0.031971619799143834,0.08942875088315544
ALPI,0.11480514069264057,0.6866019901563465,0.7781844192427301
ALPP,0.2191344155844155,0.5436322184092088,0.6632040794699989
AMBN,-0.0005786796536796472,0.07797981416037646,0.16921677564274715
AMBP,-0.07281645021645025,0.15728059453297236,0.28084077075808067
AMDHD2,-0.06120200216450217,0.18940492958756383,0.32187826115374946
AMFR,-0.1357606601731603,0.32238680231857075,0.4665032788005853
AMIGO1,0.025086309523809483,0.969509452914085,0.9819390612847784
AMIGO2,-0.088845183982684,0.1210990688896973,0.23090187760246916
AMN,0.06575974025974025,0.782502831063937,0.855688655143991
AMOT,-0.07036358225108227,0.3182507094774285,0.4614319562512518
AMOTL2,-0.2436254870129869,0.029350858866355578,0.08386369547053506
AMPD3,0.10790335497835457,0.27133508332162104,0.41222370632138366
AMY1A_AMY1B_AMY1C,-0.18695178571428578,0.20717312334809712,0.34212827093021914
AMY2A,-0.20607510822510822,0.07241402374998926,0.16170068099405546
AMY2B,-0.20787889610389615,0.07515485848406672,0.1660450879432555
ANG,-0.0031163961038961126,0.7180993768482874,0.8039082644686113
ANGPT1,1.1917349025974024,3.7423147536596297e-10,6.250734871398341e-09
ANGPT2,-0.0171856601731602,0.7054392605839808,0.7921624889308396
ANGPTL1,-0.1275484307359308,0.14518773421096182,0.2645783959467839
ANGPTL2,0.09912256493506494,0.09342742580051744,0.19258699972842908
ANGPTL3,-0.17727229437229436,0.03861011284257504,0.1021333573202234
ANGPTL4,-0.05356493506493515,0.6252581203826834,0.7301755836510521
ANGPTL7,-0.08949729437229431,0.2750553939346121,0.41700566206995393
ANK2,-0.2276477272727273,0.02811127576900405,0.08079573163500377
ANKMY2,0.3903857142857142,0.00020916399525763225,0.0014185298332669584
ANKRA2,-0.2887818722943723,0.03781888606158265,0.10095397621735716
ANKRD54,0.1109276515151516,0.4099775530100317,0.5489529947083475
ANP32C,-0.11626753246753255,0.026917078257816827,0.0784432898779647
ANPEP,-0.12367976190476188,0.024659545062765322,0.07340106946890329
ANXA1,0.13749161255411235,0.21024840639415288,0.34545030460377113
ANXA10,-0.2453096861471862,0.22611883318940174,0.36296052972116616
ANXA11,2.1937781926406923,1.2003428014780242e-12,5.569209537651214e-11
ANXA2,0.2700055194805197,0.0029906738599580116,0.014377861336607348
ANXA3,1.1743310064935066,1.6310926315880036e-12,6.442815894772615e-11
ANXA4,0.7092939393939394,2.162201267844113e-10,3.950071441192715e-09
ANXA5,-0.13931352813852826,0.03406656554113726,0.0935870028916769
AOC1,-0.08947256493506496,0.4887673037871233,0.6174013954061198
AOC3,0.027284632034632026,0.9424427302245387,0.9628661658323407
AP1G2,0.23470551948051954,0.004995766587374946,0.021958835691574387
AP2B1,-0.07803068181818187,0.29416716358058137,0.4355879529615194
AP3B1,0.47508268398268394,4.980928084762731e-06,4.2200732729743365e-05
AP3S2,0.1394706168831168,0.0011931168565822282,0.006494691401543481
APBB1IP,0.19073349567099562,0.03861011284257504,0.1021333573202234
APCS,-0.011635822510822527,0.8617637234313373,0.9073974652701006
APEX1,0.40928728354978405,0.001625202349945738,0.008513380768622568
APLP1,-0.5962996753246753,4.315243993923272e-05,0.0003259291523058843
APOA1,-0.19308744588744592,0.02206974982059847,0.06783373157267017
APOA2,-0.2917467532467534,0.044552052363545,0.11343697653191814
APOA4,-0.10116569264069264,0.1865561740282996,0.31889105069281853
APOB,-0.11476975108225118,0.09509864283867331,0.19479560828131892
APOBR,-0.19600844155844177,0.04278040579409032,0.110173679415089
APOC1,-0.01606179653679654,0.7890343476731525,0.8596151316618057
APOD,-0.11364090909090907,0.22287979638857502,0.3597336525918304
APOE,0.04392083333333338,0.7694861237542385,0.8442972746747895
APOF,-0.10376120129870137,0.00599878531066667,0.025193174515917637
APOH,0.0005579545454542645,0.7372345691475306,0.8171925087668684
APOL1,-0.2855478896103897,0.3980187623232748,0.5363802868930071
APOM,-0.1467053571428572,0.045459921799416825,0.11514907852901649
APP,0.32437781385281395,2.1525099551001906e-07,2.223246147970974e-06
APPL2,1.813428300865801,2.6543361204400457e-12,9.698280600057818e-11
APRT,1.049768344155844,1.1132123865500015e-11,2.9314592845816706e-10
ARAF,-0.2793190476190476,0.011504128734735776,0.04182408991496601
AREG,-0.07936547619047613,0.5464520936325097,0.6660881858581426
ARF6,1.967234794372294,1.0485658646155085e-10,2.057018806893377e-09
ARFIP1,0.28367765151515156,0.000458627602892253,0.0028705963238844874
ARG1,0.06537786796536804,0.60732592687876,0.7163897030938723
ARG2,-0.12459264069264074,0.09509864283867331,0.19479560828131892
ARHGAP1,0.6001866883116882,9.592676111452967e-09,1.2461952121678678e-07
ARHGAP30,-0.05181558441558429,0.19228561821459866,0.3245097355896489
ARHGAP45,0.27876996753246747,1.5597450091471408e-06,1.4291958187263612e-05
ARHGAP5,-0.1397348484848483,0.2293953153373186,0.366005735115165
ARHGEF1,1.201131764069264,3.986506016495552e-08,4.430630070804753e-07
ARHGEF10,0.12543603896103905,0.9966113466412806,0.9972937234619867
ARHGEF12,0.4195025432900435,2.376091416496002e-06,2.1174741495176262e-05
ARHGEF5,-0.5066894480519482,0.000609441512284673,0.0036579004936511273
ARID3A,-0.049220670995670845,0.36566474093493195,0.5067985005940284
ARID4B,-0.34607256493506494,0.005405430298727538,0.023201281590573556
ARL13B,0.5756109307359307,0.00011915767214334459,0.000841299216606271
ARL2BP,0.36859404761904757,0.0002091509655689902,0.0014185298332669584
ARMCX2,-0.20565151515151525,0.059911063969961785,0.14122583869693411
ARNT,-0.053161796536796535,0.29416716358058137,0.4355879529615194
ARNTL,-0.15728674242424245,0.04546084044559871,0.11514907852901649
ARSA,-0.034554707792207706,0.9154423172339606,0.9482061988925822
ARSB,0.559469264069264,1.8473114470603034e-06,1.671731071132281e-05
ART3,-0.16624177489177488,0.054363817590690464,0.13165570783225813
ART5,-0.27031125541125545,0.07241402374998926,0.16170068099405546
ARTN,-0.17210990259740258,0.23104317720745116,0.3684338281382323
ASAH1,0.2041544372294373,0.004259559915115352,0.01915491327981873
ASAH2,-0.014563690476190508,0.46768721201268604,0.5982712125658999
ASGR1,-0.07577748917748914,0.17819998408712456,0.30876025695712217
ASGR2,-0.09594274891774891,0.12522938386332919,0.23692264662298462
ASPN,-0.07534291125541129,0.2603895497108345,0.40122227401411137
ASPSCR1,0.4025766774891776,0.0017475681888431407,0.009137999670820216
ASRGL1,0.3919113095238095,0.010959456807464239,0.04065290894443905
ASS1,-0.004134632034632046,0.848433383152062,0.899191725508875
ATF2,-0.2347843614718615,0.29809182476902407,0.43984271302630784
ATF4,-0.16567922077922081,0.0215811808036836,0.06682393166225335
ATG16L1,0.1637350649350649,0.2164978042940242,0.352351381932869
ATG4A,0.39621731601731613,0.03552747166298082,0.09651189560491909
ATOX1,1.0058123376623378,2.8470905769524924e-10,4.983260931995291e-09
ATP1B1,-0.08764177489177487,0.2133565915857203,0.34918326831190394
ATP1B2,-0.14026709956709962,0.01759147567210312,0.0571332037661749
ATP1B3,-0.27065091991342005,0.016413495525295262,0.0540277561040969
ATP1B4,-0.1805900432900434,0.036277751625071526,0.09782275645764213
ATP2B4,-0.30453003246753246,0.06225723078833177,0.14488685158781353
ATP5F1D,-0.09364707792207799,0.2497514728011071,0.38893103622676406
ATP5IF1,1.927317965367965,6.1560808244615844e-12,1.799422424990121e-10
ATP5PO,0.05427153679653676,0.8550933837293739,0.9029761418500579
ATP6AP2,-0.020516071428571536,0.9289322965480106,0.9557441403765697
ATP6V1D,-0.07363262987012986,0.0724128088345402,0.16170068099405546
ATP6V1F,0.9997209956709951,1.7709807518679591e-06,1.6176802305343888e-05
ATP6V1G1,0.8133708333333329,3.13111407905686e-08,3.5755766326727947e-07
ATP6V1G2,0.06786639610389578,0.5158213097199362,0.6388752916573617
ATRAID,-0.09921666666666668,0.024659545062765322,0.07340106946890329
ATRN,-0.09449128787878788,0.059911063969961785,0.14122583869693411
ATXN10,0.41065286796536804,0.005265623464192284,0.02276836891395569
ATXN2,0.35717007575757576,0.08855477636169766,0.18595230697215678
ATXN2L,-0.050654491341991265,0.38860323823892773,0.5285655027326133
ATXN3,0.5976218073593071,0.0003782822990853381,0.002403737304840094
AXIN1,0.6941512445887448,2.2848539867124473e-10,4.122610001950916e-09
AXL,-0.19989837662337664,0.007179771574965688,0.029351709529545043
AZI2,-0.13065703463203465,0.18940492958756383,0.32187826115374946
AZU1,0.10698858225108199,0.8617637234313373,0.9073974652701006
B2M,-0.16695790043290065,0.04546084044559871,0.11514907852901649
B3GAT3,-0.19192402597402594,0.0005207244202749367,0.003211310479856011
B3GNT7,-0.028974621212121354,0.8651020563002767,0.9105845554791894
B4GALT1,-0.03999940476190467,0.674150223875841,0.7688416326137664
B4GAT1,-0.04503089826839828,0.5721696928603057,0.6882518568850509
BABAM1,0.018733603896103942,0.6556396536746179,0.7518378610007486
BACH1,0.0030164502164502505,0.8617637234313373,0.9073974652701006
BAG3,0.041070725108225056,0.6192553319982443,0.7254843027779031
BAG4,-0.08083582251082236,0.23604523544834932,0.37416498005180315
BAG6,0.00480573593073591,0.674150223875841,0.7688416326137664
BAIAP2,0.37906985930735926,0.034426125261681005,0.09448597571820994
BAMBI,-0.08761314935064937,0.009460368502053632,0.03672331624369557
BANK1,0.8685864177489178,2.9829108777459563e-08,3.4462642275302095e-07
BAP18,0.05514123376623403,0.6192553319982443,0.7254843027779031
BATF,-0.09616136363636374,0.32238680231857075,0.4665032788005853
BAX,0.6030590909090908,0.0009669669263518644,0.005425037093524952
BCAM,-0.11380362554112552,0.06717777205291098,0.1529288377808869
BCAN,-0.26185676406926395,0.0033842102870349383,0.01592922168921598
BCAT1,-0.00863771645021646,0.7955807254302163,0.8641703680537057
BCAT2,-0.1155712662337662,0.19228561821459866,0.3245097355896489
BCHE,-0.046598971861471876,0.35673099453946366,0.498672738899499
BCL2,0.22052667748917754,0.4522136815850589,0.5856537843478632
BCL2L1,1.6454637987012988,2.3680855068614167e-13,2.708887724004787e-11
BCL2L11,0.2636491341991342,0.08855477636169766,0.18595230697215678
BCL2L15,0.10790584415584448,0.7244588389762001,0.8088591238836643
BCL7A,-0.03981406926406933,0.5158213097199362,0.6388752916573617
BCL7B,-0.03472575757575752,0.6192553319982443,0.7254843027779031
BCR,0.4230139069264066,2.6922588285810292e-06,2.3774841558738213e-05
BDNF,2.1922863095238094,2.6950172436409496e-10,4.745503254917166e-09
BECN1,0.6211290043290043,0.0003782822990853381,0.002403737304840094
BEX3,-0.5117683441558443,0.00034883872658598357,0.002241001313869956
BGLAP,-0.24284848484848465,0.22612080897100362,0.36296052972116616
BGN,0.06174918831168846,0.3435906963497789,0.4872952961816612
BHLHE40,-0.19337624458874486,0.06107481628675527,0.14281735040494853
BHMT2,-0.14097591991341993,0.04023397651186377,0.10528773217646076
BID,0.9539169372294365,7.416685877035717e-05,0.0005406227635554963
BIN2,0.43966634199134197,0.00012551571203267027,0.0008819289093064789
BIRC2,0.2432063852813855,0.016413495525295262,0.0540277561040969
BLMH,0.07221969696969699,0.14055435723976775,0.2580655692285434
BLNK,-0.06588744588744586,0.2497514728011071,0.38893103622676406
BLOC1S2,-0.27200259740259713,0.1170745439084686,0.22618205403488642
BLOC1S3,0.15226536796536794,0.001601799048249817,0.008406237315522336
BLVRB,0.2260343073593083,0.3980187623232748,0.5363802868930071
BMP10,-0.20759047619047627,0.011643640340193183,0.04227870896196854
BMP4,-0.11005064935064932,0.34793602735558826,0.4925021830316632
BMP6,0.16491791125541105,0.7792418669894783,0.8537196316380228
BMPER,-0.19753749999999998,0.00022362828757677678,0.0015062346884158412
BNIP2,0.37446087662337657,4.315243993923272e-05,0.0003259291523058843
BNIP3L,-0.10062959956709959,0.21024840639415288,0.34545030460377113
BOC,-0.15825535714285716,0.004036954677148114,0.01835150625397191
BOLA1,0.11405438311688311,0.14518773421096182,0.2645783959467839
BOLA2_BOLA2B,0.4758145562770564,0.0037228033572041575,0.017163650178403395
BPIFA2,-0.5252492424242425,0.11315882547220937,0.22050883123684534
BPIFB1,-0.4167334415584417,0.05876576192664041,0.13976592523317324
BPIFB2,0.44520048701298687,0.04546084044559871,0.11514907852901649
BRAP,0.6696425865800869,5.769132976106667e-07,5.565404517874517e-06
BRD1,-0.35672711038961036,4.315243993923272e-05,0.0003259291523058843
BRD2,-0.19131477272727282,0.00473847714609868,0.020985710148555214
BRD3,-0.042431006493506486,0.9356851983007191,0.9593152699519474
BRDT,0.24358809523809521,0.0035258931553881494,0.01643729775629914
BRK1,0.024491287878787904,0.4994962818960309,0.6250118287594598
BRME1,-0.17071185064935068,0.04925372231212594,0.12273540521597966
BRSK2,0.07168511904761907,0.6252581203826834,0.7301755836510521
BSG,-0.11058143939393938,0.0009669185354025521,0.005425037093524952
BSND,-0.12726590909090912,0.04925275631731825,0.12273540521597966
BST1,-0.23498008658008654,0.03129829894901738,0.08779743553548733
BST2,-0.14675746753246754,0.5324188901098932,0.6522466118152631
BTC,0.07132867965368006,0.42215143296961466,0.5591067687223307
BTD,-0.08704291125541128,0.08542166818902228,0.18172309761027083
BTLA,-0.30370611471861464,0.6434148783499212,0.7442428529548158
BTN1A1,-0.09605178571428552,0.3839467695675344,0.5241832823194316
BTN2A1,-0.23066093073593075,7.441667738689747e-06,6.197149515723685e-05
BTN3A2,-0.10213798701298701,0.26400426153022505,0.4055094358659211
BTNL10,-0.2813025974025975,0.0003906885240139818,0.002471823713620928
C19orf12,-0.1828004329004328,0.730837371204852,0.8125666169767146
C1GALT1C1,-0.06637272727272725,0.40277763344582707,0.5407988160597852
C1QA,-0.1399235930735931,0.023593622382771597,0.07139146814165774
C1QBP,0.23837326839826853,0.06225723078833177,0.14488685158781353
C1QL2,-0.04037094155844165,0.6803652140431975,0.7738161558942671
C1QTNF1,0.0009216450216450733,0.9932227255610709,0.9972937234619867
C1QTNF5,-0.19775102813852818,0.16232857110913013,0.28739334545850237
C1QTNF6,-0.020996699134199187,0.6991381771516476,0.7878120478016908
C1QTNF9,-0.21643219696969695,0.04546084044559871,0.11514907852901649
C1R,-0.11717110389610375,0.040234826151593114,0.10528773217646076
C1RL,-0.08443149350649351,0.07797981416037646,0.16921677564274715
C1S,-0.13277548701298703,0.011228860279959754,0.04138960731188192
C2,-0.0016608225108223351,0.8351462519765688,0.8922267889354936
C2CD2L,-0.10673419913419918,0.352316140130296,0.49534395266996406
C2orf69,0.16553490259740258,0.5213238597585075,0.6432375019308221
C3,-0.03906893939393938,0.4370337230234913,0.5718216528190085
C4BPB,-0.0648652056277057,0.6866019901563465,0.7781844192427301
C5,-0.10841764069264073,0.014603741165550745,0.05010180214425449
C7,-0.2257958874458875,0.003824961191685723,0.017551588011455836
C7orf50,-0.09887121212121214,0.001229157162370712,0.006641403593285218
C8B,-0.16616948051948058,0.024659545062765322,0.07340106946890329
C9,-0.2439871212121213,0.03941536306565961,0.10351402177980507
C9orf40,0.27015324675324726,0.15728236118062883,0.28084077075808067
CA1,0.1258937770562767,0.4941162142860759,0.6214723297582615
CA11,-0.10389301948051946,0.007271375655470571,0.029684680224777205
CA12,-0.041588744588744585,0.47290951878759135,0.603630796251585
CA13,2.162561688311688,3.364597054142463e-11,7.450543325195772e-10
CA14,-0.2510017857142858,0.006649967922199855,0.027572388589301083
CA2,0.5242320346320342,0.014950936755892104,0.05081580015985188
CA3,0.16265081168831141,0.43203969644351725,0.5670642266297266
CA4,-0.09969908008658013,0.1475478625446385,0.2677109883413894
CA5A,-0.3350213744588744,0.34793602735558826,0.4925021830316632
CA6,-0.24249285714285712,0.06345852006982367,0.14721369378102744
CA7,-0.29328062770562785,0.00294948071788892,0.014250135765932748
CA8,-0.09049788961038965,0.18095199976767729,0.3118679964376264
CA9,-0.10491753246753233,0.3567289478206971,0.498672738899499
CABP2,0.04148284632034627,0.23942085271845726,0.37787643223328865
CACNA1C,-0.012820616883116923,0.6252581203826834,0.7301755836510521
CACNA1H,-0.04655216450216432,0.06107481628675527,0.14281735040494853
CACNB1,-0.10062034632034633,0.2568092292616898,0.3965416677928787
CACNB3,1.2108160173160174,3.355340694809875e-10,5.735474181829979e-09
CACYBP,1.7568593073593073,1.0612568979124063e-12,5.0853342829474805e-11
CADPS,-0.2115385822510822,0.010695812378074475,0.040288478841638775
CALB1,-0.11453268398268404,0.5721696928603057,0.6882518568850509
CALB2,-0.06875638528138495,0.6495154691014562,0.7483380828472828
CALCA,-0.25530741341991336,0.17819998408712456,0.30876025695712217
CALCB,-0.1477373917748918,0.1648970438222377,0.2907081176673105
CALCOCO1,0.31731174242424237,0.010437495029478716,0.03977803800960838
CALCOCO2,0.12868885281385312,0.08697549164060359,0.184093619786063
CALY,-0.19746547619047625,0.02750858748709986,0.07953274107299001
CAMKK1,0.18343474025974021,0.13271901776782574,0.24820069669568434
CAMLG,0.08505389610389602,0.8417841854281243,0.8953912569164509
CAMSAP1,1.0340966991341993,1.3284958916037861e-07,1.3868548182706669e-06
CANT1,-0.07219491341991338,0.23942085271845726,0.37787643223328865
CAPG,-0.13619458874458878,0.15853085505670783,0.28289724623367335
CAPN3,-0.042847564935064926,0.9356851983007191,0.9593152699519474
CAPS,-0.1953052489177488,0.19519648672854617,0.32715876562272495
CARHSP1,0.20718479437229465,0.2133565915857203,0.34918326831190394
CASC3,0.2846992965367965,0.003824961191685723,0.017551588011455836
CASP1,-0.02052240259740401,0.69286017704125,0.7828489746778406
CASP10,0.1109877705627706,0.37932461003532403,0.5203030666979127
CASP2,0.203181060606062,0.00030122063268493113,0.0019653301547724413
CASP3,1.6211407467532464,7.984307439931355e-14,2.217460459053443e-11
CASP4,-0.4506304653679658,0.05330864109064339,0.12995926431021737
CASP7,0.42970519480519487,0.005265623464192284,0.02276836891395569
CASP8,0.42058517316017324,2.9816948042279945e-05,0.00023491897338971503
CASP9,0.23045725108225107,0.17819998408712456,0.30876025695712217
CASQ2,-0.1208478896103895,0.48344975363490605,0.6125373341460036
CAT,0.25438051948052,0.11907269952935418,0.22838195045758747
CBLIF,0.04239648268398269,0.7500833253020773,0.8276683880173544
CBLN1,0.03010389610389641,0.7372345691475306,0.8171925087668684
CBLN4,-0.053586688311688314,0.4148210813226667,0.553157856161567
CBS,-0.11868825757575752,0.8550933837293739,0.9029761418500579
CBX2,-0.10907326839826859,0.044552052363545,0.11343697653191814
CC2D1A,0.510129058441558,2.2924559373604693e-05,0.00018308329794821453
CCAR2,-0.28519318181818143,0.031971619799143834,0.08942875088315544
CCDC134,0.16804388528138514,0.2676534317761413,0.4093935013509477
CCDC28A,-0.11697510822510822,0.09342742580051744,0.19258699972842908
CCDC50,-0.1964048160173159,0.35673099453946366,0.498672738899499
CCDC80,-0.09004296536796527,0.5158213097199362,0.6388752916573617
CCER2,-0.44284913419913413,0.023593622382771597,0.07139146814165774
CCL11,-0.04231125541125541,0.8617637234313373,0.9073974652701006
CCL13,0.3133553571428572,0.012072691610007966,0.04329874549208992
CCL14,-0.04983490259740264,0.2902752795613569,0.43267447330843767
CCL15,-0.011897835497835525,0.9424427302245387,0.9628661658323407
CCL16,-0.15376379870129875,0.1210990688896973,0.23090187760246916
CCL17,0.9947104437229435,1.4326131036747846e-06,1.3209867829783582e-05
CCL18,-0.11892732683982687,0.6866019901563465,0.7781844192427301
CCL19,-0.20919886363636359,0.2164978042940242,0.352351381932869
CCL2,-0.02817765151515128,0.9966113322190188,0.9972937234619867
CCL20,-0.6062213203463205,0.0252079777032983,0.07472912659912874
CCL21,-0.24674999999999997,0.02750858748709986,0.07953274107299001
CCL22,0.026832683982683986,0.661787079767117,0.7574015795455298
CCL23,-0.23964090909090902,0.03129829894901738,0.08779743553548733
CCL24,-0.048813095238095516,0.674150223875841,0.7688416326137664
CCL25,-0.181034577922078,0.2164978042940242,0.352351381932869
CCL26,-0.0722848484848484,0.23942085271845726,0.37787643223328865
CCL27,0.04690806277056292,0.45991211461968695,0.5929965200852867
CCL28,-0.22448685064935067,0.005265623464192284,0.02276836891395569
CCL3,-0.05304404761904735,0.8219060114431775,0.8838967150288477
CCL4,0.09518814935064968,0.4547704141551917,0.5881831506971794
CCL5,2.4310119588744588,5.038788172192022e-13,3.3473585971175635e-11
CCL7,0.10688219696969697,0.60732592687876,0.7163897030938723
CCL8,0.03353446969696974,0.6013999509832053,0.71140916905055
CCN1,0.06788690476190484,0.3307637157371567,0.47486362529455256
CCN2,0.49236525974025963,4.834530650894748e-07,4.726198358717508e-06
CCN3,-0.009587229437229443,0.9289322965480106,0.9557441403765697
CCN4,-0.025716233766233797,0.7244588389762001,0.8088591238836643
CCN5,-0.05088295454545466,0.4370337230234913,0.5718216528190085
CCND2,-0.04176520562770563,0.8087163030849599,0.8745385697067473
CCNE1,0.22156385281385282,0.8451067541501545,0.8985984148348132
CCS,0.34262597402597317,0.02811127576900405,0.08079573163500377
CCT5,0.19439090909090884,0.011504128734735776,0.04182408991496601
CD101,-0.1682341991341991,0.4270788882352503,0.5628275880575458
CD109,-0.2095740800865801,0.005548579968276149,0.023676641236892237
CD14,-0.00731001082251076,0.8617637234313373,0.9073974652701006
CD160,-0.2912785714285714,0.0033385050513256532,0.01573943591133046
CD163,-0.022929653679653703,0.7244588389762001,0.8088591238836643
CD164,0.015839772727272716,0.42460901196703393,0.5618524861836307
CD164L2,-0.25346601731601737,0.004259559915115352,0.01915491327981873
CD177,-0.35851158008658013,0.13381694799481575,0.24914125855227987
CD1C,-0.16452397186147188,0.003525752751457651,0.01643729775629914
CD2,-0.029321482683982936,0.6132778265119712,0.7207925560492529
CD200,-0.13789534632034633,0.03941536306565961,0.10351402177980507
CD200R1,-0.06246120129870128,0.2922148152421604,0.4349001552713008
CD207,-0.009333495670995666,0.9424427302245387,0.9628661658323407
CD209,-0.1845580627705627,0.08089063243161297,0.1741114275387369
CD22,-0.12309756493506498,0.2568092292616898,0.3965416677928787
CD226,0.21785627705627703,0.006481642845627389,0.02698837897118071
CD244,-0.1383314393939394,0.02256791169459095,0.06900209820427755
CD248,-0.09190795454545456,0.6132778265119712,0.7207925560492529
CD27,-0.29905649350649355,0.001124002522880706,0.006164088882514641
CD274,-0.1698770562770563,0.009002956432049061,0.035228435944952355
CD276,-0.16932456709956709,0.04925372231212594,0.12273540521597966
CD28,-0.15265324675324676,0.04638520189464712,0.11718577799313183
CD2AP,0.34458885281385254,0.020171537112093237,0.06367322135923167
CD300A,-0.14027142857142846,0.00599878531066667,0.025193174515917637
CD300C,-0.09916737012987009,0.10747740695427453,0.2111266535802046
CD300E,-0.07362949134199132,0.6866007271322125,0.7781844192427301
CD300LF,0.018231764069263967,0.48344975363490605,0.6125373341460036
CD300LG,-0.25844117965367963,0.01679821758188357,0.05504617712090322
CD302,0.1118759740259746,0.19228561821459866,0.3245097355896489
CD33,-0.2876662337662337,0.09679372214868749,0.19634146415032167
CD34,-0.1511502705627707,0.018416882933253914,0.059223325862745084
CD36,0.11225784632034636,0.10025633385690731,0.20017026220200823
CD38,-0.10800811688311684,0.2133565915857203,0.34918326831190394
CD3D,-0.08122213203463209,0.2864181983517873,0.43065863877689003
CD3E,-0.09364902597402601,0.09764885111020413,0.19793869056527508
CD3G,-0.08623522727272737,0.09679372214868749,0.19634146415032167
CD4.y,-0.15644718614718606,0.0646788973747446,0.14851250355567827
CD40,0.15435660173160187,0.002530589164577097,0.012579782530712338
CD40LG,1.1408424783549787,4.847681543875357e-12,1.4608013559533678e-10
CD46,-0.13156363636363635,0.009002663696509655,0.035228435944952355
CD48,-0.22275232683982688,0.000609441512284673,0.0036579004936511273
CD5,-0.18628111471861475,0.014950936755892104,0.05081580015985188
CD55,-0.08821774891774892,0.0985128804040233,0.19886267225204424
CD58,-0.09259388528138526,0.008565396605752614,0.033787657595971514
CD59,-0.1006464285714286,0.04732533574955857,0.1189440725674632
CD5L,-0.35803863636363625,0.004374986220429002,0.01958359069267071
CD6,-0.121591829004329,0.37932461003532403,0.5203030666979127
CD63,0.2565384199134198,0.03063718115561671,0.08652413576605571
CD69,1.230029816017316,4.73334435204177e-13,3.2941822716709747e-11
CD7,-0.3940593073593074,0.00016512698330565652,0.001138363613684986
CD70,-0.1372617424242424,0.12627731523400884,0.23875070661643458
CD72,-0.18374404761904764,0.17012559612862388,0.29884442156488433
CD74,-0.13218501082251094,0.23604523544834932,0.37416498005180315
CD79B,-0.21750000000000008,0.05330864109064339,0.12995926431021737
CD80,-0.2041664502164502,0.05990997561591616,0.14122583869693411
CD82,-0.18945692640692643,0.0006487025438461576,0.003846161329943851
CD83,-0.06647040043290044,0.35673099453946366,0.498672738899499
CD84,0.0780892857142858,0.22612080897100362,0.36296052972116616
CD86,-0.15871433982683986,0.02412087704419592,0.07246360106889704
CD8A,-0.08637153679653697,0.6679573903796867,0.7638652003442191
CD93,-0.10123306277056282,0.1951983876996347,0.32715876562272495
CD99,-0.07821812770562768,0.03627695746783733,0.09782275645764213
CD99L2,-0.07102029220779216,0.35673099453946366,0.498672738899499
CDA,-0.22887830086580074,0.13162971889225036,0.24632117050067082
CDAN1,-0.13807624458874454,0.002602469733452512,0.012849694308921777
CDC123,-0.36545817099567107,0.00993839554373497,0.03822359233465436
CDC25A,-0.2211814393939395,0.023075818130982143,0.07026105874673001
CDC26,1.2708672619047623,2.687572493880904e-13,2.708887724004787e-11
CDC27,0.005412987012987022,0.9221845086619007,0.9514808749801397
CDC37,0.7183770562770564,1.0407947843478454e-09,1.5845016430462252e-08
CDC42BPB,0.3431772727272727,3.2346610092501076e-07,3.2606904367034198e-06
CDCP1,-0.06351060606060649,0.8818321073900629,0.9235382479043904
CDH1,-0.13995211038961042,0.03406656554113726,0.0935870028916769
CDH15,0.07866417748917764,0.31008327000867275,0.45318669911767523
CDH17,-0.35839675324675324,0.06107481628675527,0.14281735040494853
CDH2,-0.02330930735930753,0.7180993768482874,0.8039082644686113
CDH22,-0.19219410173160176,0.009696756616965611,0.037541218001841695
CDH23,-0.18797099567099557,0.0009381069033538992,0.005303842318188486
CDH3,-0.21444042207792202,0.005129091253800358,0.0223766175147141
CDH4,-0.17865335497835505,0.412397091054609,0.550176493451676
CDH5,-0.10144924242424244,0.08697683507511222,0.184093619786063
CDH6,-0.023770021645021344,0.868443936316295,0.9127873519786157
CDHR1,-0.07998906926406923,0.6102971360716549,0.7196040858158319
CDHR2,0.13250259740259743,0.4320377368948195,0.5670642266297266
CDHR5,0.009398971861471872,0.969509452914085,0.9819390612847784
CDK1,-0.13384253246753253,0.17819998408712456,0.30876025695712217
CDK5RAP3,0.06397191558441563,0.5896270163130954,0.7028873444874298
CDKL5,-0.10414940476190473,0.07942310241108543,0.17146046316158414
CDKN1A,1.7929889069264071,1.0288082534089815e-12,5.0853342829474805e-11
CDKN2D,2.0616112012987013,4.565776579049799e-12,1.4197622277194215e-10
CDNF,-0.03588262987013002,0.6772536763177304,0.7717787508291329
CDON,-0.12845254329004338,0.14993720333884344,0.27137241198726897
CDSN,-0.10431331168831173,0.3182507094774285,0.4614319562512518
CEACAM1,-0.05473306277056261,0.06107481628675527,0.14281735040494853
CEACAM16,0.10973993506493518,0.7630017961330808,0.8390723288551525
CEACAM18,-0.3987444805194803,0.0008827658918978317,0.005059460200034043
CEACAM19,-0.017380681818181934,0.6252581203826834,0.7301755836510521
CEACAM20,-0.016496645021645037,0.9154423172339606,0.9482061988925822
CEACAM21,-0.2757341991341993,0.24283037070150637,0.38160923309704464
CEACAM3,-0.15527662337662335,0.05226963311979686,0.12806717318454838
CEACAM5,-0.22101006493506495,0.26400426153022505,0.4055094358659211
CEACAM6,-0.15971747835497832,0.3611805450974275,0.5029684294043737
CEACAM8,-0.15669177489177472,0.1475478625446385,0.2677109883413894
CEBPA,0.021574350649350628,0.6132763160205992,0.7207925560492529
CEBPB,-0.07609870129870129,0.34793602735558826,0.4925021830316632
CELA2A,-0.2969673701298702,0.10025633385690731,0.20017026220200823
CELA3A,-0.3773390692640691,0.007179771574965688,0.029351709529545043
CELSR2,-0.09824426406926379,0.28834033871412557,0.43267447330843767
CEMIP2,0.043420129870129914,0.8285200418107319,0.8880689703750528
CEND1,-0.0777531385281387,0.3747368378685546,0.5164336525647266
CENPF,0.17633538961038964,0.2532632288256408,0.39293440438288113
CENPJ,-0.0950327922077927,0.9966113322190188,0.9972937234619867
CEP112,-0.01890551948051944,0.7955807254302163,0.8641703680537057
CEP152,-0.06486937229437223,0.5158213097199362,0.6388752916573617
CEP164,-0.1933459415584416,0.20413061368100727,0.3386343835355189
CEP170,0.5114712662337662,1.5782117423840592e-08,1.963026775739832e-07
CEP20,0.5485852272727271,0.00028206683886773654,0.0018486129372430357
CEP290,-0.38744036796536807,0.001383604144167632,0.007380412057338627
CEP350,-0.12919150432900434,0.11707610255038767,0.22618205403488642
CEP43,0.42184047619047627,0.0028294566467225203,0.013738375047126123
CEP85,0.15675205627705618,0.2568092292616898,0.3965416677928787
CERT,0.4873473484848486,0.0035258931553881494,0.01643729775629914
CES1,0.04809485930735925,0.7857658148165743,0.8586143838163912
CES2,-0.0396258658008658,0.43203969644351725,0.5670642266297266
CES3,0.06719101731601718,0.8417835209466066,0.8953912569164509
CETN2,0.7184878246753241,0.00022364209879318343,0.0015062346884158412
CETN3,0.9767226190476188,5.77470366955029e-10,9.074977863492203e-09
CFB,-0.04070091991342001,0.504907297688539,0.629895019694238
CFC1,-0.08736948051948051,0.07655671242954576,0.16787342117896645
CFD,-0.12882142857142861,0.01884241102095193,0.060392374805002945
CFH,-0.04315481601731602,0.27133712314825253,0.41222370632138366
CFHR2,-0.042970995670995715,0.45733912163135615,0.5899392111776055
CFHR4,-0.0006014610389610264,0.6866019901563465,0.7781844192427301
CFHR5,0.026950378787878815,0.6192553319982443,0.7254843027779031
CFI,-0.07497629870129871,0.18373920080264938,0.3155521057262891
CFP,-0.07731893939393938,0.1865561740282996,0.31889105069281853
CGA,-0.1668498376623373,0.2902752795613569,0.43267447330843767
CGB3_CGB5_CGB8,-0.1613384199134199,0.19228561821459866,0.3245097355896489
CGN,-0.08059112554112553,0.27133508332162104,0.41222370632138366
CGREF1,-0.06271488095238092,0.5549618358542556,0.6716991495660412
CHAC2,0.08482905844155841,0.37932461003532403,0.5203030666979127
CHAD,-0.09890806277056272,0.5213238597585075,0.6432375019308221
CHCHD10,-0.04589675324675313,0.6192553319982443,0.7254843027779031
CHCHD6,-0.11844837662337668,0.12733531063635145,0.2399749277821117
CHEK2,-0.12443376623376627,0.15235594365292643,0.27422193552801966
CHGA,0.010802002164502278,0.9492044076239982,0.9680825134281043
CHGB,-0.31693555194805223,0.00993839554373497,0.03822359233465436
CHI3L1,-0.018013852813852926,0.730837371204852,0.8125666169767146
CHIT1,-0.3017704004329004,0.9221845086619007,0.9514808749801397
CHL1,-0.14076536796536798,0.04455114539220605,0.11343697653191814
CHM,0.21683609307359297,0.018416882933253914,0.059223325862745084
CHMP1A,1.2576193181818183,1.7790344792707284e-11,4.369846876393562e-10
CHMP6,0.4905147727272726,2.467154036587962e-07,2.5215004366946198e-06
CHP1,-0.24377364718614716,0.07377403471094729,0.163736904677372
CHRDL1,-0.05998403679653663,0.8417841854281243,0.8953912569164509
CHRDL2,0.07325892857142857,0.9154423172339606,0.9482061988925822
CHRM1,-0.23583014069264074,0.044552052363545,0.11343697653191814
CIAPIN1,0.8448119047619046,4.8824557791822745e-11,1.0417093607700575e-09
CILP,-0.11021055194805207,0.44966125607080787,0.5836411418716569
CINP,-0.15589242424242428,0.07107460853667802,0.16005476175093208
CIRBP,2.001435606060606,7.321962091508454e-13,4.038131168580983e-11
CIT,-0.053171753246753384,0.4941162142860759,0.6214723297582615
CKAP4,-0.14081769480519477,0.07377403471094729,0.163736904677372
CKB,-0.34323587662337696,0.07515361794187479,0.1660450879432555
CKMT1A_CKMT1B,-0.5941254329004337,0.0069989433501336795,0.02881495290717171
CLASP1,-0.35544583333333335,0.00599878531066667,0.025193174515917637
CLC,-0.10103284632034626,0.5324188901098932,0.6522466118152631
CLEC10A,-0.09381985930735925,0.24283037070150637,0.38160923309704464
CLEC11A,-0.06590064935064921,0.4420608276938772,0.5765925030563156
CLEC12A,-0.01880270562770566,0.674150223875841,0.7688416326137664
CLEC14A,-0.05231818181818182,0.510349047054832,0.6337086935179583
CLEC1A,-0.19627159090909096,0.004374986220429002,0.01958359069267071
CLEC1B,0.8033613095238096,1.1806913007730469e-11,2.9751385104824275e-10
CLEC2L,-0.25437348484848493,0.012666022106130628,0.044821770721815764
CLEC3B,-0.049780303030302925,0.6866007271322125,0.7781844192427301
CLEC4A,-0.12245573593073589,0.07241402374998926,0.16170068099405546
CLEC4C,0.01849372294372298,0.9087062036483103,0.9439048447988668
CLEC4D,-0.049580357142857356,0.6495154691014562,0.7483380828472828
CLEC4G,-0.0682866341991342,0.2902752795613569,0.43267447330843767
CLEC4M,-0.1724301948051948,0.08697683507511222,0.184093619786063
CLEC5A,-0.16300849567099565,0.013930610803210083,0.048302699143277665
CLEC6A,0.023230735930735918,0.6556396536746179,0.7518378610007486
CLEC7A,-0.24950535714285713,0.01971985351046441,0.06272157977267406
CLGN,-0.33772965367965363,0.015304948728633165,0.05160050410058191
CLIC5,-0.3061862012987012,0.0003782822990853381,0.002403737304840094
CLINT1,-0.059290151515151435,0.3793225815303618,0.5203030666979127
CLIP2,2.2613240259740257,1.469219016705208e-13,2.217460459053443e-11
CLMP,-0.07592440476190479,0.17547742499641084,0.30603849240125824
CLNS1A,0.09046109307359304,0.22287979638857502,0.3597336525918304
CLPP,0.6869576298701296,1.2393864967230821e-07,1.298468361979057e-06
CLPS,-0.30789004329004327,0.07107460853667802,0.16005476175093208
CLSPN,-0.08423225108225113,0.07241402374998926,0.16170068099405546
CLSTN1,-0.042693127705627665,0.8285200418107319,0.8880689703750528
CLSTN2,0.05459301948051953,0.677252380178937,0.7717787508291329
CLSTN3,-0.03181872294372298,0.3839447456768811,0.5241832823194316
CLTA,0.021241233766233714,0.44205694235105164,0.5765925030563156
CLU,-0.11294410173160174,0.005129091253800358,0.0223766175147141
CLUL1,-0.13641179653679664,0.2902752795613569,0.43267447330843767
CMC1,0.6355570346320348,5.183416804293655e-10,8.234308325516497e-09
CMIP,-0.01162186147186145,0.9289322965480106,0.9557441403765697
CNDP1,-0.1424614177489178,0.20717312334809712,0.34212827093021914
CNGB3,0.15647970779220782,0.28259588451950446,0.42578751054150077
CNP,0.6898913961038963,5.983219599610003e-05,0.0004394208766246241
CNPY2,0.10790800865800848,0.4781637613617501,0.6082126520715385
CNPY4,0.7123126623376623,7.912811134604827e-11,1.6174228633881056e-09
CNST,0.26376958874458883,1.3728440589942409e-06,1.2698807545696728e-05
CNTF,-0.07275259740259743,0.7890343476731525,0.8596151316618057
CNTN1,-0.12057294372294372,0.12946868834529043,0.2430552190322954
CNTN2,-0.2236142857142857,0.024121479247361213,0.07246360106889704
CNTN3,0.005844209956709969,0.6991393951411515,0.7878120478016908
CNTN4,-0.06669242424242433,0.17278601716839426,0.30242726238515955
CNTN5,-0.1558984848484849,0.09015571005400386,0.18796372360046595
CNTNAP2,-0.09599853896103908,0.21967216643148701,0.3563272710761579
CNTNAP4,-0.36634810606060586,0.010695812378074475,0.040288478841638775
COCH,0.18436504329004333,0.014263673280005065,0.04922398700998207
COL15A1,-0.10723571428571428,0.09015571005400386,0.18796372360046595
COL18A1,-0.013899512987013016,0.4624970214120131,0.5934498654904804
COL1A1,-0.14154761904761914,0.21967216643148701,0.3563272710761579
COL24A1,0.18713652597402597,0.2133565915857203,0.34918326831190394
COL28A1,-0.11369751082251081,0.4624970214120131,0.5934498654904804
COL2A1,0.3914003246753244,0.0009381069033538992,0.005303842318188486
COL3A1,-0.21974512987012992,0.007179771574965688,0.029351709529545043
COL4A1,-0.16946011904761898,0.14518773421096182,0.2645783959467839
COL4A4,-0.029844101731601746,0.9019766479785182,0.938582321837383
COL5A1,-0.10314870129870134,0.44712086445544286,0.5806016378512926
COL6A3,-0.060219264069264075,0.4941162142860759,0.6214723297582615
COL9A1,-0.055632846320346374,0.8417841854281243,0.8953912569164509
COL9A2,-0.13256363636363636,0.15235594365292643,0.27422193552801966
COLEC12,-0.06832050865800868,0.3182507094774285,0.4614319562512518
COMMD1,0.21988609307359297,0.016413495525295262,0.0540277561040969
COMMD9,-0.02374902597402602,0.6556396536746179,0.7518378610007486
COMP,0.010307196969696897,0.7890343476731525,0.8596151316618057
COMT,0.42614588744588744,0.00015424694249639736,0.0010709354226056283
COPB2,0.1996190476190477,0.18373920080264938,0.3155521057262891
COPE,-0.3024277597402597,0.11907427044042534,0.22838195045758747
COQ7,-0.17796661255411247,0.16232678349684992,0.28739334545850237
CORO1A,1.0542602272727273,2.8419071833386453e-08,3.2963867844836747e-07
CORO6,0.06500200216450217,0.8986140498274302,0.9370848618071989
COX5B,0.7983556277056276,3.2868902932025983e-08,3.709490473757218e-07
COX6B1,0.08219285714285715,0.6373367964454622,0.7392617632027625
CPA1,-0.2347351731601733,0.08542166818902228,0.18172309761027083
CPA2,-0.28161125541125537,0.10025633385690731,0.20017026220200823
CPA4,-0.053325378787878824,0.8153046147914853,0.8787372378449527
CPB1,-0.12882775974025976,0.370183525768071,0.5116058845484972
CPB2,-0.010268290043290058,0.9424424856820928,0.9628661658323407
CPE,-0.07193625541125546,0.3793225815303618,0.5203030666979127
CPLX2,0.042457846320346285,0.5324188901098932,0.6522466118152631
CPM,0.050180357142857124,0.4781637613617501,0.6082126520715385
CPOX,-0.13434756493506494,0.0646788973747446,0.14851250355567827
CPPED1,0.1401112012987012,0.2532632288256408,0.39293440438288113
CPQ,-0.16799572510822514,0.03265731947791567,0.09073892094481702
CPTP,-0.1714311688311688,0.0252079777032983,0.07472912659912874
CPVL,-0.0015748376623376595,0.8285200418107319,0.8880689703750528
CPXM1,0.3587141774891776,0.00033224734518312756,0.0021533458757655916
CPXM2,-0.04865616883116883,0.56640564535146,0.6832867112514723
CR1,-0.2555599025974026,0.0030743861676779294,0.01463588072984135
CR2,-0.3002281926406927,0.051246623971014385,0.12641078122129212
CRACR2A,0.060806872294372316,0.8550933837293739,0.9029761418500579
CRADD,1.0656774891774896,1.935884697776233e-10,3.6041980710827574e-09
CREB3,-0.11236206709956707,0.3020554581044024,0.44456601411841296
CREBZF,-0.1071805194805195,0.08697683507511222,0.184093619786063
CREG1,-0.08968912337662338,0.35673099453946366,0.498672738899499
CRELD1,-0.02401590909090917,0.6312858636885104,0.7351587966380541
CRELD2,0.1630637445887446,0.04149022073602996,0.10789672171834126
CRH,-0.001268073593073571,0.9966113322190188,0.9972937234619867
CRHBP,-0.08512543290043291,0.17819998408712456,0.30876025695712217
CRHR1,-0.028488798701298702,0.7500833253020773,0.8276683880173544
CRIM1,-0.14344199134199134,0.0023922475653277986,0.012035352209041577
CRIP2,-0.08984810606060628,0.06345852006982367,0.14721369378102744
CRISP2,-0.18331477272727276,0.22612080897100362,0.36296052972116616
CRISP3,-0.1794679112554112,0.03861011284257504,0.1021333573202234
CRKL,1.3438689393939394,1.1746242951127895e-13,2.217460459053443e-11
CRLF1,-0.02839009740259743,0.9221841785257137,0.9514808749801397
CRNN,-0.5150987012987014,0.0036231318438332285,0.016810181554800834
CRTAC1,-0.1939661796536796,0.023593622382771597,0.07139146814165774
CRTAM,-0.262296103896104,0.024659545062765322,0.07340106946890329
CRTAP,-0.19619247835497838,0.028110606491003012,0.08079573163500377
CRX,-0.17383360389610394,0.44712086445544286,0.5806016378512926
CRYBB1,0.7669104978354977,9.977735199621087e-13,5.028434480774558e-11
CRYBB2,-0.4419609307359308,0.03941536306565961,0.10351402177980507
CRYGD,0.8783748376623377,4.6425286715004085e-05,0.00034706167025052925
CRYM,-0.12986920995670997,0.05024237850163885,0.12456189343536078
CRYZL1,0.8046752705627708,7.76391585453302e-08,8.343355162794124e-07
CSDE1,0.15133165584415573,0.013930610803210083,0.048302699143277665
CSF1,-0.12312792207792211,0.07377403471094729,0.163736904677372
CSF1R,-0.1661301406926407,0.2864181983517873,0.43065863877689003
CSF2,-0.21298517316017324,0.09679372214868749,0.19634146415032167
CSF2RA,-0.09034047619047611,0.21967216643148701,0.3563272710761579
CSF2RB,-0.2789273268398269,0.09342742580051744,0.19258699972842908
CSF3,-0.2178298701298702,0.04106869279552443,0.10689562692904533
CSF3R,-0.05172418831168829,0.4075704450855334,0.5459800233661843
CSH1,-0.037271103896103955,0.848433383152062,0.899191725508875
CSNK1D,0.6368858766233767,6.906176799576428e-05,0.0005059337038887694
CSNK2A1,0.5034395021645022,1.3414234811779255e-05,0.00010921952187975142
CSPG4,-0.12838695887445886,0.20717312334809712,0.34212827093021914
CSPG5,-0.2306172619047619,0.12315070478654275,0.23405039667819538
CSRP3,0.15602721861471874,0.24627388139920292,0.3851570654520439
CST1,-0.6039713744588742,0.037041494594810216,0.09942358925677709
CST3,-0.08858668831168834,0.18373920080264938,0.3155521057262891
CST5,-0.3394090367965367,0.05876576192664041,0.13976592523317324
CST6,-0.1405384740259742,0.10747740695427453,0.2111266535802046
CST7,-0.10386666666666668,0.35673099453946366,0.498672738899499
CSTB,0.13443311688311688,0.15235594365292643,0.27422193552801966
CTAG1A_CTAG1B,-0.30362830086580084,0.05124761400863193,0.12641078122129212
CTBS,-0.17634469696969693,0.0028293390844665203,0.013738375047126123
CTF1,0.7854319264069266,2.6922588285810292e-06,2.3774841558738213e-05
CTHRC1,-0.0701867965367966,0.40277763344582707,0.5407988160597852
CTLA4,0.019062012987012933,0.6312858636885104,0.7351587966380541
CTNNA1,-0.11309626623376626,0.19814338282391764,0.33076705196705386
CTRB1,-0.23173933982683986,0.03861011284257504,0.1021333573202234
CTRC,-0.3343064935064935,0.036277751625071526,0.09782275645764213
CTRL,-0.47359166666666674,0.0013836694517350557,0.007380412057338627
CTSB,-0.19281093073593067,0.24627388139920292,0.3851570654520439
CTSC,-0.06768165584415581,0.27133712314825253,0.41222370632138366
CTSD,0.07357343073593076,0.27880625204685117,0.4213839994464864
CTSE,-0.036420887445887465,0.7500833253020773,0.8276683880173544
CTSF,-0.19087077922077927,0.08542166818902228,0.18172309761027083
CTSH,-0.23224377705627752,0.6556396536746179,0.7518378610007486
CTSL,0.013800054112554111,0.9356851983007191,0.9593152699519474
CTSO,-0.06607494588744588,0.24627388139920292,0.3851570654520439
CTSS,-0.013345616883116883,0.6403721170046321,0.7424861951624513
CTSV,-0.012472186147186148,0.9289322965480106,0.9557441403765697
CTSZ,-0.13833982683982682,0.11907427044042534,0.22838195045758747
CUZD1,-0.23636174242424243,0.03406656554113726,0.0935870028916769
CWC15,-0.12184680735930739,0.8285200418107319,0.8880689703750528
CX3CL1,-0.3169809523809524,0.0028294566467225203,0.013738375047126123
CXADR,-0.16469031385281385,0.15979040242195397,0.28410422523076123
CXCL1,0.6413579004329006,5.853502717245442e-06,4.916605874284031e-05
CXCL10,-0.06638787878787877,0.8550933837293739,0.9029761418500579
CXCL11,0.22215075757575753,0.1360355390521625,0.2518251302403236
CXCL12,0.002691666666666981,0.9695093232073471,0.9819390612847784
CXCL13,0.0384867965367966,0.7890343476731525,0.8596151316618057
CXCL14,-0.1254086038961033,0.5721696928603057,0.6882518568850509
CXCL16,-0.15026314935064936,0.009460368502053632,0.03672331624369557
CXCL17,-0.1496196969696968,0.6013999509832053,0.71140916905055
CXCL3,2.719594642857142,1.3572721856678329e-12,5.834274409863347e-11
CXCL5,1.9902721861471862,2.2269381886400148e-08,2.6353604556254104e-07
CXCL6,0.3129220779220778,0.036277751625071526,0.09782275645764213
CXCL8,-0.4596903679653659,0.8153046147914853,0.8787372378449527
CXCL9,-0.2516681277056274,0.1360355390521625,0.2518251302403236
CYB5A,-0.2071723484848485,0.24627388139920292,0.3851570654520439
CYB5R2,0.24259832251082258,0.005548579968276149,0.023676641236892237
CYP24A1,-0.15897716450216504,0.05763869896398758,0.1379835520653036
CYTH3,-0.1831552489177489,0.2532632288256408,0.39293440438288113
CYTL1,-0.07858609307359307,0.5896270163130954,0.7028873444874298
DAAM1,1.0409793831168832,1.4431172393246841e-12,5.941171395135284e-11
DAB2,1.9832507575757576,2.22264327354745e-13,2.7069942869079985e-11
DAG1,0.20205449134199127,4.009926708131179e-05,0.00030844778336493254
DAND5,0.12973241341991348,0.969509452914085,0.9819390612847784
DAPK2,-0.02194972943722928,0.9966113466412806,0.9972937234619867
DAPP1,3.1214833874458883,2.22264327354745e-13,2.7069942869079985e-11
DARS1,0.6921792207792208,4.231250966475237e-07,4.178360329394297e-06
DBH,0.4062266233766233,0.2902752795613569,0.43267447330843767
DBI,0.6814119588744589,6.094534670498169e-10,9.526376920784036e-09
DBN1,0.19377094155844193,0.023075818130982143,0.07026105874673001
DBNL,1.6268358766233764,1.517249715397498e-13,2.217460459053443e-11
DCBLD2,-0.15097819264069257,0.031297579115373245,0.08779743553548733
DCC,-0.22729512987012973,0.0008827658918978317,0.005059460200034043
DCDC2C,-0.21932218614718613,0.30605191565420764,0.4486407971199844
DCLRE1C,-0.25553079004329,0.013285020480595256,0.046449898163612356
DCN,-0.09739177489177489,0.014432407112737371,0.04974755423411714
DCTD,1.315013041125541,1.5829497352892894e-11,3.954668441239823e-10
DCTN1,0.46338425324675314,0.00024713308607916454,0.0016417500241122682
DCTN2,1.2068174242424246,2.97190295550045e-09,4.156398248290821e-08
DCTN6,0.5068269480519478,5.77102557905584e-05,0.00042493536590018345
DCTPP1,-0.10169388528138529,0.12733531063635145,0.2399749277821117
DCUN1D1,-0.16926829004329025,0.3980187623232748,0.5363802868930071
DCUN1D2,-0.3987314935064935,0.04278040579409032,0.110173679415089
DCXR,0.10049945887445921,0.4781637613617501,0.6082126520715385
DDA1,-0.0591949134199134,0.8087163030849599,0.8745385697067473
DDAH1,0.10687900432900432,0.03406656554113726,0.0935870028916769
DDC,-0.2737636904761904,0.15979040242195397,0.28410422523076123
DDHD2,0.064939935064935,0.33500451362962924,0.47766741138507623
DDI2,0.3020356060606062,0.1221199300786561,0.23269658123853443
DDR1,-0.1938078463203463,0.000996597707178858,0.005559542339814695
DDT,-0.016781222943722973,0.9087062036483103,0.9439048447988668
DDX1,-0.15451726190476187,0.21967216643148701,0.3563272710761579
DDX25,-0.30300378787878784,0.0034310347546838713,0.016097776224624327
DDX39A,-0.19701055194805192,0.00036622390886934696,0.0023475273807568005
DDX4,0.16516461038961036,0.4522136815850589,0.5856537843478632
DDX53,-0.27529978354978357,0.011504128734735776,0.04182408991496601
DDX58,0.018723376623376628,0.6373382289671439,0.7392617632027625
DECR1,0.4389646103896103,3.1771101835147976e-06,2.7638967459564743e-05
DEFA1_DEFA1B,-0.2663440476190475,0.003824961191685723,0.017551588011455836
DEFB103A_DEFB103B,-0.17762781385281387,0.13162971889225036,0.24632117050067082
DEFB104A_DEFB104B,-0.012045833333333318,0.5049054847152934,0.629895019694238
DEFB116,-0.26438966450216445,0.036277751625071526,0.09782275645764213
DEFB118,-0.18266672077922075,0.08697683507511222,0.184093619786063
DEFB4A_DEFB4B,0.17542716450216433,0.6013999509832053,0.71140916905055
DENND2B,-0.23529583333333348,0.0030743861676779294,0.01463588072984135
DENR,0.7402277597402595,4.592790472012819e-06,3.9139144459747725e-05
DFFA,0.49125990259740276,3.212263809371371e-05,0.00025172780468612647
DGCR6,0.025503084415584465,0.8417841854281243,0.8953912569164509
DGKA,0.13472586580086582,0.15480426857962448,0.2774327878959181
DGKZ,-0.06302516233766234,0.6495154691014562,0.7483380828472828
DHODH,-0.32927970779220783,0.0037228033572041575,0.017163650178403395
DHPS,-0.2233792207792207,0.1648970438222377,0.2907081176673105
DHRS4L2,0.41610600649350665,6.299510395351548e-07,6.017473492030254e-06
DIABLO,2.0794400432900435,1.4431172393246841e-12,5.941171395135284e-11
DIPK1C,-0.21998208874458874,0.14055435723976775,0.2580655692285434
DIPK2B,-0.11442775974025987,0.05708088405267278,0.13709730820539237
DKK1,0.4218128246753246,0.000537465875364035,0.003300446961531669
DKK3,-0.1376192640692641,0.09679372214868749,0.19634146415032167
DKK4,-0.102751406926407,0.7500833253020773,0.8276683880173544
DKKL1,-0.16135027056277046,0.2980938811170427,0.43984271302630784
DLG4,0.3000449134199134,1.8473114470603034e-06,1.671731071132281e-05
DLGAP5,-0.30426753246753235,0.010959456807464239,0.04065290894443905
DLK1,0.22196006493506498,0.2164978042940242,0.352351381932869
DLL1,-0.201578354978355,0.0013043345027746664,0.007008400278695496
DLL4,-0.3307936147186148,0.02206974982059847,0.06783373157267017
DMD,-0.03375579004329003,0.7759866120255959,0.8504720161045434
DMP1,-0.24133338744588761,0.6192553319982443,0.7254843027779031
DNAJA1,-0.2769571428571429,0.09509864283867331,0.19479560828131892
DNAJA2,1.528428463203463,2.8628288381069063e-13,2.7893495645954958e-11
DNAJA4,0.36776877705627653,0.03781888606158265,0.10095397621735716
DNAJB1,1.0869419372294367,3.3338056307458416e-05,0.0002605538464885052
DNAJB14,0.3999900432900434,1.825063302626722e-05,0.00014736629927010797
DNAJB2,0.5531021645021648,0.00018908812627420183,0.0012883556948706106
DNAJB6,1.3464626082251079,1.517249715397498e-13,2.217460459053443e-11
DNAJB8,-0.17627321428571427,0.07797981416037646,0.16921677564274715
DNAJC21,0.010387067099567215,0.8617631410103956,0.9073974652701006
DNAJC6,1.1839500541125547,3.951811300184238e-10,6.489406983392431e-09
DNAJC9,0.7878944264069265,0.00011711713946625233,0.0008288944277478343
DNER,-0.20085903679653688,0.010695812378074475,0.040288478841638775
DNLZ,-0.39702413419913496,0.04191715494780382,0.10852421958585524
DNM1,1.8185782467532465,1.1132123865500015e-11,2.9314592845816706e-10
DNM3,0.3706544372294371,2.7669117703557135e-05,0.000219773997411678
DNMBP,-0.0057699134199134805,0.9424427302245387,0.9628661658323407
DNPEP,0.1268561147186148,0.18940492958756383,0.32187826115374946
DNPH1,0.4941816558441572,0.0008054057618688025,0.004661784241470316
DOC2B,-0.0756921536796536,0.3307637157371567,0.47486362529455256
DOCK9,-0.13378831168831173,0.6013999509832053,0.71140916905055
DOK1,1.2680356060606062,4.049333554488003e-12,1.3151335533076037e-10
DOK2,1.9829514069264067,1.1806913007730469e-11,2.9751385104824275e-10
DPEP1,-0.18486515151515148,0.0985128804040233,0.19886267225204424
DPEP2,-0.028741720779221103,0.9087062036483103,0.9439048447988668
DPP10,-0.2755037337662338,0.008353552459320028,0.03304227598715143
DPP4,-0.09669301948051946,0.08855477636169766,0.18595230697215678
DPP6,-0.06461931818181814,0.3956500751794134,0.535162040605935
DPP7,0.02405660173160168,0.989834284409546,0.9949400320939144
DPT,-0.10648143939393928,0.02110150625184591,0.06568829102371967
DPY30,0.4197308441558442,1.1481239132534569e-05,9.400465541848332e-05
DRAXIN,-0.16057619047619046,0.20717312334809712,0.34212827093021914
DRG2,0.5874751082251083,1.534283118311427e-12,6.143437746334659e-11
DSC2,-0.2162485389610389,0.01603653560491927,0.05326681087861252
DSCAM,-0.1095909090909091,0.3392801819297282,0.48211763334010477
DSG2,-0.22877575757575763,0.0012292163338923378,0.006641403593285218
DSG3,-0.16838008658008663,0.02998809208778528,0.08551726163180133
DSG4,-0.1784847943722943,0.08855477636169766,0.18595230697215678
DTD1,2.3053637445887443,1.534283118311427e-12,6.143437746334659e-11
DTNB,0.11966742424242419,0.17547742499641084,0.30603849240125824
DTX2,-0.18791650432900425,0.09177985399200234,0.1905344554109537
DTX3,-0.025551244588744665,0.8021415247722942,0.869680889061356
DTYMK,0.9574548160173151,3.2868902932025983e-08,3.709490473757218e-07
DUOX2,-0.09668214285714283,0.31414953249445055,0.457300340379123
DUSP13,0.20051331168831155,0.3980187623232748,0.5363802868930071
DUSP29,0.10192353896103895,0.0730902198874722,0.16308604025273377
DUSP3,0.5800709415584429,0.05175551672304045,0.12734122506855827
DUT,1.0141685606060598,5.502579706873867e-09,7.27784637248521e-08
DXO,0.6635409632034632,4.262157739396934e-09,5.7677254964153876e-08
DYNC1H1,-0.03987651515151516,0.059911063969961785,0.14122583869693411
DYNLT1,-0.060383982683982644,0.6132778265119712,0.7207925560492529
DYNLT3,-0.12771531385281382,0.026336582608908192,0.07729099494562112
EBAG9,1.2615480519480515,1.9575916803770714e-13,2.600927491700991e-11
EBI3_IL27,-0.20055459956709948,0.02811127576900405,0.08079573163500377
ECE1,-0.07738912337662336,0.2164978042940242,0.352351381932869
ECHDC3,-0.2608287337662337,0.3839467695675344,0.5241832823194316
ECHS1,0.3094216991341989,0.03265731947791567,0.09073892094481702
ECI2,0.17593457792207792,0.019496823975139615,0.062147455266448305
ECM1,-0.10530844155844156,0.11907427044042534,0.22838195045758747
ECSCR,-0.08900665584415646,0.11707610255038767,0.22618205403488642
EDA2R,0.008137932900432743,0.7890343476731525,0.8596151316618057
EDAR,0.24229383116883116,0.054364844116844196,0.13165570783225813
EDDM3B,0.27162857142857144,0.18940492958756383,0.32187826115374946
EDEM2,-0.16388674242424262,0.03515654481813538,0.09621964466611396
EDF1,0.5237167207792206,0.0008054057618688025,0.004661784241470316
EDIL3,-0.49108852813852794,0.00016512698330565652,0.001138363613684986
EDN1,-0.04459145021645028,0.5896270163130954,0.7028873444874298
EDNRB,-0.14863804112554108,0.10202429828522597,0.20300682361314876
EEF1D,0.4189120129870129,0.0008054057618688025,0.004661784241470316
EFCAB14,-0.07744664502164506,0.27880829795740836,0.4213839994464864
EFCAB2,0.14043138528138524,0.054363817590690464,0.13165570783225813
EFEMP1,-0.24546028138528142,0.007746891922151553,0.03114740727434524
EFHD1,-0.22951590909090902,0.0565296646416363,0.1358850409107754
EFNA1,-0.15445508658008653,0.020632222274323615,0.06463878425278449
EFNA4,-0.14411158008658015,0.03129829894901738,0.08779743553548733
EFNB2,-0.2324126623376624,0.14518773421096182,0.2645783959467839
EGF,1.4658028679653687,2.687572493880904e-13,2.708887724004787e-11
EGFL7,-0.03574962121212144,0.7054392605839808,0.7921624889308396
EGFLAM,-0.13024296536796537,0.05990997561591616,0.14122583869693411
EGFR,-0.1849844696969697,1.0617439607383456e-05,8.742190414755449e-05
EGLN1,0.0050100649350641735,0.9019766479785182,0.938582321837383
EHBP1,0.37825795454545463,6.87672773325121e-07,6.50507286870333e-06
EHD3,1.9053249999999995,3.590289246509601e-12,1.2202808683194841e-10
EIF1AX,0.9227292748917749,8.187821110325966e-07,7.695498747743664e-06
EIF2AK2,0.7923353354978349,5.631192716007094e-11,1.1673742063041655e-09
EIF2AK3,-0.16744718614718623,0.3611805450974275,0.5029684294043737
EIF2S2,0.25172148268398264,0.0020177133711415766,0.010365160252806378
EIF4B,1.1253764610389614,5.844467788811426e-08,6.327177535813258e-07
EIF4E,1.660410606060606,5.799731308575975e-12,1.7298586341803646e-10
EIF4EBP1,0.5172422077922079,0.010959456807464239,0.04065290894443905
EIF4G1,1.4711067640692645,1.3572721856678329e-12,5.834274409863347e-11
EIF4G3,0.3161073593073592,0.02282005798230879,0.06970013530019707
EIF5,0.4475733225108225,4.315243993923272e-05,0.0003259291523058843
EIF5A,0.0329732142857143,0.8153046147914853,0.8787372378449527
ELAC1,1.3298338203463203,4.172741201705316e-10,6.813923202561251e-09
ELAVL4,-0.3300641233766233,0.04278040579409032,0.110173679415089
ELN,0.048776082251081876,0.33500245663271067,0.47766741138507623
ELOA,-0.003776515151515447,0.9356849251659921,0.9593152699519474
ELOB,0.05018106060606056,0.5492826199977975,0.6670349390334699
ENAH,0.08172256493506497,0.3839467695675344,0.5241832823194316
ENDOU,-0.11368544372294384,0.36566474093493195,0.5067985005940284
ENG,-0.11826709956709958,0.016413495525295262,0.0540277561040969
ENO1,0.9962931818181817,3.00753281126928e-10,5.232749051988158e-09
ENO2,0.8396332792207788,8.857859767883928e-11,1.7733920617482687e-09
ENO3,0.23014426406926447,0.18940492958756383,0.32187826115374946
ENOPH1,-0.20840822510822513,0.09342742580051744,0.19258699972842908
ENOX2,-0.08752148268398269,0.18940492958756383,0.32187826115374946
ENPEP,-0.09643268398268395,0.0985128804040233,0.19886267225204424
ENPP2,-0.16796401515151516,0.0036231318438332285,0.016810181554800834
ENPP5,-0.1376284632034632,0.08237878506582293,0.17692372428170494
ENPP6,-0.16396266233766227,0.05933395564445533,0.14100256288515686
ENPP7,-0.12395660173160217,0.7565340556476334,0.8335277213185197
ENSA,0.5036211580086583,0.00027292368501173234,0.001792709957953469
ENTPD2,-0.07876531385281385,0.27133712314825253,0.41222370632138366
ENTPD5,-0.09727922077922077,0.04732533574955857,0.1189440725674632
ENTPD6,-0.08226444805194803,0.06591857655879427,0.15064894392600128
ENTR1,-0.2646685064935066,0.11510435723491985,0.22340639853762997
EP300,0.11098668831168833,0.12946868834529043,0.2430552190322954
EPB41L5,-0.34307867965367966,0.014603741165550745,0.05010180214425449
EPCAM,-0.22246336580086587,0.2568092292616898,0.3965416677928787
EPGN,-0.24850606060606065,2.376091416496002e-06,2.1174741495176262e-05
EPHA1,-0.02570308441558441,0.58378066754384,0.6979103849614087
EPHA10,-0.18325887445887445,0.3980187623232748,0.5363802868930071
EPHA2,-0.07853360389610382,0.370183525768071,0.5116058845484972
EPHA4,-0.20211471861471852,0.008353828927302399,0.03304227598715143
EPHB4,-0.12684859307359309,0.03265731947791567,0.09073892094481702
EPHB6,-0.1730574134199135,0.007944665158406822,0.03172439379511358
EPHX2,-0.28574702380952394,0.03063718115561671,0.08652413576605571
EPN1,-0.10577570346320347,0.510349047054832,0.6337086935179583
EPO,0.31639410173160176,0.17819998408712456,0.30876025695712217
EPPK1,-0.18453387445887454,0.11123929726198636,0.21705772089238062
EPS8L2,-0.16339653679653673,0.11510435723491985,0.22340639853762997
ERBB2,0.04386412337662332,0.6013999509832053,0.71140916905055
ERBB3,-0.09961471861471867,0.1210990688896973,0.23090187760246916
ERBB4,-0.10185849567099567,0.07241402374998926,0.16170068099405546
ERBIN,1.2318718073593076,1.1806913007730469e-11,2.9751385104824275e-10
ERC2,0.16631899350649365,0.989834284409546,0.9949400320939144
ERCC1,-0.08933484848484852,0.18095385629771277,0.3118679964376264
EREG,-0.12347007575757574,0.4624970214120131,0.5934498654904804
ERI1,0.0034565476190476126,0.9221845086619007,0.9514808749801397
ERMAP,0.12412132034632034,0.15978862522634796,0.28410422523076123
ERN1,-0.1971844696969695,0.026336582608908192,0.07729099494562112
ERP29,1.6926240800865804,3.6832240498853277e-13,2.990573304948559e-11
ERP44,0.14336093073593076,0.020171006131519755,0.06367322135923167
ERVV.1,-0.22473587662337657,0.02750858748709986,0.07953274107299001
ESAM,0.04116260822510816,0.40277563129918315,0.5407988160597852
ESM1,-0.1812969155844156,0.10747740695427453,0.2111266535802046
ESPL1,-0.3557012445887446,0.024121479247361213,0.07246360106889704
ESR1,0.19414794372294375,0.60732592687876,0.7163897030938723
ESYT2,0.7007936147186149,2.2817767020875122e-08,2.6893682662104027e-07
EVI2B,-0.16937380952380937,0.01603653560491927,0.05326681087861252
EVI5,0.056219859307359274,0.07655671242954576,0.16787342117896645
EVPL,-0.16771818181818182,0.06975557234434113,0.15769183137085005
EXOSC10,-0.24047186147186128,0.010959456807464239,0.04065290894443905
EXTL1,-0.09497846320346318,0.22939333321700162,0.366005735115165
EZR,-0.0060489718614718385,0.7890343476731525,0.8596151316618057
F10,0.008510714285714274,0.42460901196703393,0.5618524861836307
F11,0.004606006493506502,0.7955807254302163,0.8641703680537057
F11R,0.207698106060606,0.0002914963981248331,0.0019061386391921412
F12,-0.0954705627705627,0.40277763344582707,0.5407988160597852
F13B,0.004250108225108268,0.33287769697061853,0.4771954429843639
F2,-0.09593674242424248,0.01994405242482908,0.06336572308453847
F2R,0.280966341991342,0.0005724011290724199,0.003478437630517013
F3,-0.11130492424242425,0.09594177215623845,0.19634146415032167
F7,-0.039261147186147205,0.48344975363490605,0.6125373341460036
F9,-0.03938241341991337,0.2011207452948004,0.334590744733467
FABP1,-0.1141029220779225,0.8417841854281243,0.8953912569164509
FABP2,-0.021292316017316182,0.989834284409546,0.9949400320939144
FABP3,0.26017332251082237,0.04828144215012611,0.12082761592878306
FABP4,0.03551228354978364,0.9627382556941022,0.977791494577436
FABP5,0.7277115800865801,1.5889167010724201e-09,2.3338711141882835e-08
FABP6,-0.28381753246753233,0.05543844930483066,0.1335915806414015
FABP9,-0.02760189393939394,0.4887673037871233,0.6174013954061198
FADD,1.2182813852813847,9.893937696819947e-12,2.6532091640187806e-10
FAM13A,0.5491500000000002,1.9267979454315794e-06,1.732932429075848e-05
FAM171A2,-0.43624469696969626,0.208704722965818,0.3442685695423736
FAM171B,-0.023446103896103854,0.054898425807380496,0.13283782999583874
FAM172A,0.530409145021645,1.3565306118798692e-09,2.0334046043717217e-08
FAM20A,0.01743901515151519,0.9255574172719444,0.9542872418645126
FAM3B,0.042011363636363624,0.5549618358542556,0.6716991495660412
FAM3C,-0.08821915584415563,0.28259588451950446,0.42578751054150077
FAM3D,0.03987873376623363,0.9356851983007191,0.9593152699519474
FAP,-0.10517591991341982,0.09177985399200234,0.1905344554109537
FARSA,-0.07511369047619046,0.4370337230234913,0.5718216528190085
FAS,-0.10196396103896106,0.027507928058579677,0.07953274107299001
FASLG,-0.33563230519480497,0.001905359867929788,0.009839870837382986
FBLN2,-0.13998685064935065,0.1093455616837158,0.2139337863463864
FBN2,-0.14562494588744593,0.3414290303649349,0.48493540124232487
FBP1,-0.0522247294372294,0.8351462519765688,0.8922267889354936
FCAMR,-0.24402505411255412,0.4172574595163224,0.5543834337119138
FCAR,-0.1459076298701299,0.21967216643148701,0.3563272710761579
FCER1A,-0.07370335497835503,0.2164978042940242,0.352351381932869
FCER2,0.010484686147186145,0.8550933837293739,0.9029761418500579
FCGR2A,-0.05933506493506485,0.040234826151593114,0.10528773217646076
FCGR2B,0.16259085497835496,0.7244588389762001,0.8088591238836643
FCGR3B,-0.17426764069264072,0.07377280699085027,0.163736904677372
FCN1,0.10442040043290042,0.1475478625446385,0.2677109883413894
FCN2,0.14072261904761904,0.4624970214120131,0.5934498654904804
FCRL1,-0.3192912878787878,0.012218299000616285,0.04371369397650111
FCRL2,-0.49144767316017324,0.00031124802770148463,0.002026231592364008
FCRL3,-0.18150952380952384,0.3980187623232748,0.5363802868930071
FCRL5,-0.32982429653679657,0.04106869279552443,0.10689562692904533
FCRL6,-0.13530990259740272,0.2902752795613569,0.43267447330843767
FCRLB,-0.24211866883116884,0.1865561740282996,0.31889105069281853
FDX1,-0.16229453463203475,0.24627388139920292,0.3851570654520439
FDX2,0.9945740800865799,3.620343208473844e-08,4.070101230141941e-07
FEN1,0.23860216450216432,0.10025633385690731,0.20017026220200823
FES,0.06354383116883111,0.4445848006830322,0.5796259466532128
FETUB,-0.1733375541125542,0.16232857110913013,0.28739334545850237
FGA,-0.2044759199134199,0.035526688368346354,0.09651189560491909
FGD3,0.11150579004329031,0.27880829795740836,0.4213839994464864
FGF12,-0.18835990259740262,0.059911063969961785,0.14122583869693411
FGF16,0.0214424783549787,0.44712086445544286,0.5806016378512926
FGF19,-0.025739231601731527,0.888539123512752,0.9292307184356974
FGF2,0.18753858225108225,0.0007810501716533427,0.004547827991519365
FGF20,-0.18123961038961045,0.01971985351046441,0.06272157977267406
FGF21,0.28813841991342015,0.20717312334809712,0.34212827093021914
FGF23,0.1801284090909091,0.33287769697061853,0.4771954429843639
FGF3,-0.10093955627705632,0.18940492958756383,0.32187826115374946
FGF5,-0.27266720779220777,0.010826584660538575,0.04065290894443905
FGF6,-0.1797154220779221,0.0646788973747446,0.14851250355567827
FGF7,-0.2838477272727273,0.05876576192664041,0.13976592523317324
FGF9,0.024417586580086553,0.8818321073900629,0.9235382479043904
FGFBP1,-0.24464978354978356,0.00473847714609868,0.020985710148555214
FGFBP2,-0.0440945346320346,0.8952541288849709,0.9339142822022735
FGFBP3,-0.06897792207792207,0.674150223875841,0.7688416326137664
FGFR2,-0.09583138528138532,0.024659545062765322,0.07340106946890329
FGFR4,-0.11420151515151516,0.29416716358058137,0.4355879529615194
FGL1,-0.08649420995670995,0.5213238597585075,0.6432375019308221
FGR,-0.08583674242424211,0.3747368378685546,0.5164336525647266
FH,-0.04656001082251081,0.4887673037871233,0.6174013954061198
FHIP2A,-0.2625033008658006,0.15728236118062883,0.28084077075808067
FHIT,1.1725720238095239,3.355340694809875e-10,5.735474181829979e-09
FIS1,0.798048647186147,1.8299450371763702e-08,2.2194727567081038e-07
FKBP14,1.1762898268398265,4.910360831759881e-10,7.88625533584293e-09
FKBP1B,2.5916363095238104,6.1560808244615844e-12,1.799422424990121e-10
FKBP4,0.48064442640692684,5.769132976106667e-07,5.565404517874517e-06
FKBP5,1.5342980519480522,3.1823819603859347e-12,1.1207352373744682e-10
FKBP7,-0.02803257575757573,0.848433383152062,0.899191725508875
FKBPL,0.5489674783549783,1.5597450091471408e-06,1.4291958187263612e-05
FLI1,1.067120779220779,9.370910328820554e-11,1.863344958581121e-09
FLRT2,-0.22009161255411258,0.0023922475653277986,0.012035352209041577
FLT1,-0.07268793290043292,0.19228561821459866,0.3245097355896489
FLT3,-0.21161363636363636,0.018000279361300168,0.0581379188652822
FLT3LG,-0.13053111471861475,0.059911063969961785,0.14122583869693411
FLT4,-0.15598095238095236,0.014950936755892104,0.05081580015985188
FMNL1,0.09419588744588742,0.6556396536746179,0.7518378610007486
FMR1,0.050998593073592946,0.352316140130296,0.49534395266996406
FN1,-0.05704096320346297,0.3932939322736131,0.5327146265226002
FNDC1,0.04207137445887445,0.888539123512752,0.9292307184356974
FNTA,0.13375459956709956,0.06225723078833177,0.14488685158781353
FOLH1,0.06791601731601732,0.22612080897100362,0.36296052972116616
FOLR1,-0.21804291125541125,0.014950936755892104,0.05081580015985188
FOLR2,-0.24870330086580078,0.0009669669263518644,0.005425037093524952
FOLR3,1.021662067099567,0.969509452914085,0.9819390612847784
FOS,-0.08866298701298704,0.28259588451950446,0.42578751054150077
FOSB,-0.16958695887445885,0.02872531007475566,0.0821566353703628
FOXJ3,-0.030726839826839783,0.42215143296961466,0.5591067687223307
FOXO1,0.6046313311688312,1.3602476477011516e-08,1.7137947733752008e-07
FOXO3,0.5953551406926406,0.08542166818902228,0.18172309761027083
FRMD4B,-0.055710281385281446,0.9154423172339606,0.9482061988925822
FRMD7,-0.01262765151515155,0.03063718115561671,0.08652413576605571
FRZB,-0.13119599567099566,0.03781888606158265,0.10095397621735716
FSHB,-0.2728996212121212,0.059911063969961785,0.14122583869693411
FST,-0.2797067640692641,0.0646788973747446,0.14851250355567827
FSTL1,-0.1073049783549783,0.010185384096149979,0.039019498968606015
FSTL3,-0.11805129870129868,0.21024840639415288,0.34545030460377113
FTCD,-0.13035151515151513,0.848433383152062,0.899191725508875
FUCA1,-0.5676244047619048,0.000690305348238958,0.004059884372037171
FUOM,-0.03364686147186147,0.9830579555820083,0.992223205858498
FURIN,-0.0687650974025974,0.40277763344582707,0.5407988160597852
FUS,0.06004918831168793,0.2497514728011071,0.38893103622676406
FUT1,-0.18872413419913422,0.017190833279909615,0.05608125633613371
FUT3_FUT5,-0.20585914502164496,0.09509864283867331,0.19479560828131892
FUT8,0.05697283549783547,0.7372345691475306,0.8171925087668684
FXN,1.2926203463203465,6.466215547164179e-13,3.9437816323296086e-11
FXYD5,0.7406974025974025,1.8599332069717768e-09,2.718292381989252e-08
FYB1,2.0702459956709958,5.4133461732438456e-14,2.217460459053443e-11
FZD10,-0.30354020562770556,0.009460368502053632,0.03672331624369557
FZD8,-0.029787824675324592,0.4624970214120131,0.5934498654904804
GABARAP,-0.23441996753246747,0.05763869896398758,0.1379835520653036
GABARAPL1,-0.25617272727272694,0.011228860279959754,0.04138960731188192
GABRA4,-0.25446087662337663,0.6132778265119712,0.7207925560492529
GAD1,-0.15147370129870136,0.009460368502053632,0.03672331624369557
GAD2,-0.18831185064935066,0.05024237850163885,0.12456189343536078
GADD45B,-0.21031872294372295,0.014950936755892104,0.05081580015985188
GADD45GIP1,0.6285939393939394,1.5889167010724201e-09,2.3338711141882835e-08
GAGE2A,-0.1705699675324676,0.013285020480595256,0.046449898163612356
GAL,-0.16259837662337667,0.23604523544834932,0.37416498005180315
GALNT10,0.0005735389610389552,0.6991393951411515,0.7878120478016908
GALNT2,-0.09010416666666661,0.20413061368100727,0.3386343835355189
GALNT3,-0.17075676406926404,0.1951983876996347,0.32715876562272495
GALNT5,-0.12231028138528144,0.14055435723976775,0.2580655692285434
GALNT7,-0.1294302489177489,0.040234826151593114,0.10528773217646076
GAMT,-0.042268777056277074,0.11907269952935418,0.22838195045758747
GAPDH,0.5600958333333335,0.0030743861676779294,0.01463588072984135
GART,-0.14407873376623376,0.0028293390844665203,0.013738375047126123
GAS2,-0.2609647727272727,0.09259792102749557,0.19209632587889963
GAS6,-0.1494535714285715,0.03335557518616259,0.09224063033978548
GASK1A,-0.0692399891774893,0.4994962818960309,0.6250118287594598
GAST,-0.13315779220779214,0.4370337230234913,0.5718216528190085
GATA3,-0.07784843073593073,0.3839467695675344,0.5241832823194316
GATD3,0.3552080086580087,0.0006487025438461576,0.003846161329943851
GBA,-0.05648360389610388,0.9019766479785182,0.938582321837383
GBP1,-0.04403798701298703,0.3307637157371567,0.47486362529455256
GBP2,0.41274767316017325,0.011504128734735776,0.04182408991496601
GBP4,-0.07570649350649347,0.6991393951411515,0.7878120478016908
GBP6,-0.05998262987012988,0.8351462519765688,0.8922267889354936
GC,-0.06652803030303031,0.352316140130296,0.49534395266996406
GCC1,1.7169434523809524,7.984307439931355e-14,2.217460459053443e-11
GCG,-0.24551823593073585,0.36566474093493195,0.5067985005940284
GCHFR,-0.08136341991341978,0.5380108904868224,0.657718876157667
GCLM,0.09669799783549787,0.5213220867657471,0.6432375019308221
GCNT1,-0.06744908008658002,0.2980938811170427,0.43984271302630784
GDF15,0.02721590909090965,0.8417841854281243,0.8953912569164509
GDF2,-0.22206195887445895,0.2011207452948004,0.334590744733467
GDNF,-0.16117267316017309,0.0646788973747446,0.14851250355567827
GET3,0.1597036796536795,0.2327034229368925,0.37027332893006903
GFAP,0.1193434523809524,0.504907297688539,0.629895019694238
GFER,-0.19296028138528137,0.062255003999343084,0.14488685158781353
GFOD2,-0.08098057359307365,0.17819998408712456,0.30876025695712217
GFRA1,-0.02591558441558441,0.9966113466412806,0.9972937234619867
GFRA2,-0.06049404761904756,0.25859306826492623,0.3990852896189965
GFRA3,-0.13753706709956712,0.08855477636169766,0.18595230697215678
GFRAL,-0.2702810064935064,0.294165108762678,0.4355879529615194
GGA1,-0.31488073593073584,0.01603608540257713,0.05326681087861252
GGACT,0.664592478354978,4.651361057099796e-10,7.553293538834835e-09
GGCT,0.6297583874458874,2.5783426905411517e-08,3.0025879220923453e-07
GGH,-0.15054404761904763,0.13828072522718826,0.2553345292729446
GGT1,-0.0686186147186148,0.4887673037871233,0.6174013954061198
GGT5,-0.09959724025974029,0.07797981416037646,0.16921677564274715
GH1,0.2033967532467534,0.4270788882352503,0.5628275880575458
GH2,-0.11511271645021681,0.969509452914085,0.9819390612847784
GHR,0.09438446969696973,0.1951983876996347,0.32715876562272495
GHRHR,-0.3337275432900433,0.1093455616837158,0.2139337863463864
GHRL,0.046001893939394245,0.9627382556941022,0.977791494577436
GID8,-0.2280916666666667,0.0026762125083491955,0.013169308353374912
GIGYF2,0.4156929653679653,0.000609441512284673,0.0036579004936511273
GIMAP7,-0.13012397186147187,0.12839530492621512,0.24166402252430125
GIMAP8,-0.030053679653679624,0.2293953153373186,0.366005735115165
GIP,-0.05527878787878789,0.6617857298066975,0.7574015795455298
GIPC2,-0.08339015151515139,0.31008327000867275,0.45318669911767523
GIPC3,1.9287619588744587,4.73334435204177e-13,3.2941822716709747e-11
GIPR,-0.07383858225108224,0.14754613932503594,0.2677109883413894
GIT1,0.3266825757575757,0.01759147567210312,0.0571332037661749
GJA8,-0.2192988095238093,0.0985128804040233,0.19886267225204424
GKN1,-0.08375167748917745,0.5324171454282487,0.6522466118152631
GLA,0.12858349567099564,0.024121479247361213,0.07246360106889704
GLB1,0.08322094155844134,0.51034724707544,0.6337086935179583
GLI2,-0.16377478354978356,0.003248253389528666,0.015338682807095785
GLIPR1,-0.11336412337662335,0.33076165761507637,0.47486362529455256
GLO1,0.31625308441558464,0.037041494594810216,0.09942358925677709
GLOD4,0.44319215367965337,6.426561314390179e-08,6.931674805152212e-07
GLP1R,-0.08808349567099555,0.28834033871412557,0.43267447330843767
GLRX,0.37681076839826866,0.024121479247361213,0.07246360106889704
GLRX5,0.7713234848484845,1.8768118648265188e-07,1.9522850821665176e-06
GLT8D2,-0.049232792207792204,0.3956500751794134,0.535162040605935
GLYR1,-0.010604112554112533,0.6556396536746179,0.7518378610007486
GM2A,-0.14668533549783563,0.07655671242954576,0.16787342117896645
GMFG,1.013937932900433,3.590289246509601e-12,1.2202808683194841e-10
GMPR,0.6810952922077922,3.7451118747912025e-06,3.238746156809078e-05
GMPR2,0.8877899350649352,1.7419844944099554e-08,2.1394204525883612e-07
GNAS,-0.07534502164502183,0.32655780733082984,0.47090699103503486
GNE,0.012128517316017322,0.2497514728011071,0.38893103622676406
GNGT1,-0.24314577922077912,0.020632222274323615,0.06463878425278449
GNLY,-0.07723841991341993,0.370183525768071,0.5116058845484972
GNPDA1,0.03805649350649354,0.58378066754384,0.6979103849614087
GNPDA2,0.13873198051948055,0.05876576192664041,0.13976592523317324
GOLGA3,-0.01342705627705626,0.6013999509832053,0.71140916905055
GOLM2,-0.07405286796536792,0.2750553939346121,0.41700566206995393
GOPC,1.4280863095238097,3.997285044511306e-11,8.71945088440787e-10
GORASP2,0.46057564935064915,6.741646648516179e-09,8.876501420546303e-08
GOT1,-0.004257359307359265,0.3932919185950491,0.5327146265226002
GP1BA,0.03390367965367968,0.7372345691475306,0.8171925087668684
GP1BB,0.1302972402597401,0.352316140130296,0.49534395266996406
GP2,-0.2882602272727276,0.08855477636169766,0.18595230697215678
GP5,0.40890064935064974,8.546653605963151e-05,0.0006138051226100809
GP6,0.6467528138528137,3.986506016495552e-08,4.430630070804753e-07
GPA33,0.04394128787878794,0.8219060114431775,0.8838967150288477
GPC1,-0.06217256493506494,0.4522136815850589,0.5856537843478632
GPC5,-0.03759123376623369,0.9424427302245387,0.9628661658323407
GPD1,0.012573809523809598,0.56640564535146,0.6832867112514723
GPHA2,-0.17276428571428576,0.06591857655879427,0.15064894392600128
GPI,0.5217246212121212,1.5782117423840592e-08,1.963026775739832e-07
GPIHBP1,-0.23092911255411253,0.04410253528325864,0.1130804479236535
GPKOW,-0.13937207792207798,0.008353552459320028,0.03304227598715143
GPNMB,0.011208820346320356,0.8584266940805148,0.9061687348491674
GPR101,-0.27451715367965374,0.006999184592573354,0.02881495290717171
GPR158,-0.13532007575757576,0.27133712314825253,0.41222370632138366
GPR15L,-0.04556461038961046,0.6803652140431975,0.7738161558942671
GPR37,-0.049634036796536884,0.8550933837293739,0.9029761418500579
GPRC5C,0.15858371212121197,0.15480426857962448,0.2774327878959181
GRAP2,2.4422204004329005,3.0492973411713224e-13,2.875192299433476e-11
GRHPR,0.45707202380952394,0.0006692034290200524,0.00395168004651639
GRIK2,-0.08182532467532472,0.1038169889388071,0.20573359909703942
GRIN2B,-0.1378948051948051,0.03861011284257504,0.1021333573202234
GRK5,0.3418690476190476,0.009460368502053632,0.03672331624369557
GRN,-0.15108495670995675,0.012218299000616285,0.04371369397650111
GRP,-0.1243658008658009,0.19228561821459866,0.3245097355896489
GRPEL1,0.10118820346320356,0.11907427044042534,0.22838195045758747
GRSF1,0.20733116883116884,0.03781888606158265,0.10095397621735716
GSAP,-0.1214819264069259,0.1338186027803898,0.24914125855227987
GSN,-0.16832575757575755,0.001343461809291189,0.007205392419372744
GSR,-0.10271780303030303,0.07797981416037646,0.16921677564274715
GSTA1,-0.22406055194805194,0.5492826199977975,0.6670349390334699
GSTA3,-0.22601953463203467,0.6192553319982443,0.7254843027779031
GSTM4,-0.28744848484848506,0.3611805450974275,0.5029684294043737
GSTP1,0.2810649891774892,0.10747740695427453,0.2111266535802046
GSTT2B,0.13358484848484808,0.4624970214120131,0.5934498654904804
GTF2IRD1,-0.2570446428571429,0.036277751625071526,0.09782275645764213
GTPBP2,0.15564199134199136,0.10025633385690731,0.20017026220200823
GUCA2A,-0.1475233225108225,0.05024237850163885,0.12456189343536078
GUCY2C,-0.030781709956710035,0.412397091054609,0.550176493451676
GUK1,-0.09510946969696968,0.12946868834529043,0.2430552190322954
GUSB,0.14312359307359307,0.5076225377914791,0.6330122346264905
GYS1,0.8813523809523802,1.959904525378299e-09,2.850149715264064e-08
GZMA,-0.11557694805194813,0.47290951878759135,0.603630796251585
GZMB,0.14196856060606056,0.2750553939346121,0.41700566206995393
GZMH,0.39871910173160197,0.012366205194889214,0.04397374426357807
H2AP,-0.20235557359307332,0.014950936755892104,0.05081580015985188
HADH,-0.1000353896103896,0.09509864283867331,0.19479560828131892
HAGH,0.4413872835497821,0.04191715494780382,0.10852421958585524
HAO1,0.06162727272727264,0.504907297688539,0.629895019694238
HARS1,0.8398929112554112,2.2124969337552738e-12,8.291190432521366e-11
HAVCR1,-0.12157310606060595,0.29416716358058137,0.4355879529615194
HAVCR2,-0.18068890692640688,0.02750858748709986,0.07953274107299001
HBEGF,0.7567026515151513,4.299960635026336e-12,1.3514822512023633e-10
HBQ1,-0.0009027597402595511,0.8952541288849709,0.9339142822022735
HBZ,0.18053912337662326,0.56640564535146,0.6832867112514723
HCG22,-0.09863587662337667,0.1487371408963468,0.2697014037469117
HCLS1,1.351224404761905,7.984307439931355e-14,2.217460459053443e-11
HDAC8,-0.05598219696969703,0.28259588451950446,0.42578751054150077
HDAC9,-0.29189291125541117,0.026917078257816827,0.0784432898779647
HDDC2,0.1689086038961038,0.04828144215012611,0.12082761592878306
HDGF,1.049870292207792,0.0001391846199615062,0.0009709705110918439
HDGFL2,0.2579762445887446,0.0014249173527923237,0.007573143717867132
HEBP1,0.12362505411255403,0.45733912163135615,0.5899392111776055
HEG1,-0.011306331168831119,0.7955807254302163,0.8641703680537057
HEPACAM2,-0.18039897186147186,0.10563462048510175,0.2084875055219125
HEPH,-0.10043214285714286,0.09679372214868749,0.19634146415032167
HEXIM1,0.37047976190476184,0.00024304872790711216,0.0016294298891570843
HGF,0.07033717532467537,0.4270788882352503,0.5628275880575458
HGFAC,-0.1114398268398268,0.1865561740282996,0.31889105069281853
HGS,1.208245779220779,1.5889167010724201e-09,2.3338711141882835e-08
HHEX,0.7876586038961036,3.2955570444717882e-09,4.565361725588169e-08
HIF1A,-0.15724935064935067,0.32655780733082984,0.47090699103503486
HIP1,-0.2813790584415584,0.0005546773680663811,0.003377754055954233
HIP1R,-0.09725849567099569,0.6495140772994294,0.7483380828472828
HJV,0.07224155844155848,0.412397091054609,0.550176493451676
HK2,0.15534074675324672,0.5549618358542556,0.6716991495660412
HLA.A,-0.1108050324675325,0.14993720333884344,0.27137241198726897
HLA.DRA,-0.1834525432900433,0.10747740695427453,0.2111266535802046
HLA.E,-0.13923652597402572,0.008781741799887367,0.03454782137425407
HMBS,0.05823235930736015,0.8153046147914853,0.8787372378449527
HMCN2,-0.02726233766233771,0.9356851983007191,0.9593152699519474
HMGCL,-0.0619604978354978,0.7054392605839808,0.7921624889308396
HMGCS1,-0.09160254329004322,0.4781637613617501,0.6082126520715385
HMMR,-0.278229329004329,0.0015110457709422893,0.008001425341420855
HMOX1,-0.20721195887445887,0.2133565915857203,0.34918326831190394
HMOX2,-0.05928008658008661,0.989834284409546,0.9949400320939144
HNF1A,-0.23160676406926403,0.1648970438222377,0.2907081176673105
HNMT,-0.19343019480519485,0.46768721201268604,0.5982712125658999
HNRNPK,1.2054022727272726,1.2404708521828437e-10,2.4012558284307634e-09
HNRNPUL1,0.26835297619047616,0.003248253389528666,0.015338682807095785
HPCAL1,1.130008333333334,2.118506666667445e-11,4.993866924733017e-10
HPGDS,-0.12916850649350653,0.09679372214868749,0.19634146415032167
HPSE,2.6409355519480524,4.299064990761956e-12,1.3514822512023633e-10
HRAS,-0.4161470238095236,0.44712086445544286,0.5806016378512926
HRC,-0.12438831168831163,0.1210990688896973,0.23090187760246916
HRG,-0.1483528138528138,0.05763869896398758,0.1379835520653036
HS1BP3,0.8880771645021646,3.951811300184238e-10,6.489406983392431e-09
HS3ST3B1,0.1980951839826839,0.19814338282391764,0.33076705196705386
HS6ST1,-0.1696936147186148,0.007553541888652616,0.030538040028397783
HS6ST2,-0.06299199134199146,0.9830579555820083,0.992223205858498
HSBP1,0.8591479437229436,4.62476282130725e-07,4.551576338949862e-06
HSD11B1,-0.31941861471861466,0.001090824538783758,0.006004670672062006
HSD17B14,-0.13953284632034624,0.5436322184092088,0.6632040794699989
HSD17B3,-0.05384740259740256,0.4781637613617501,0.6082126520715385
HSDL2,-0.041834686147185995,0.5721696928603057,0.6882518568850509
HSP90B1,0.07061195887445876,0.7988585122970246,0.8674084069257813
HSPA1A,0.6046102813852814,1.5505234210959943e-10,2.942973999911423e-09
HSPA2,0.11298869047619048,0.6556396536746179,0.7518378610007486
HSPB1,1.7069565476190476,3.8130444865361765e-12,1.2523066330500276e-10
HSPB6,0.03212857142857162,0.9087062036483103,0.9439048447988668
HSPG2,-0.06274155844155842,0.24283037070150637,0.38160923309704464
HTR1A,-0.11411433982683976,0.18095385629771277,0.3118679964376264
HTR1B,-0.16394112554112544,0.20413061368100727,0.3386343835355189
HTRA2,0.10744015151515146,0.03941536306565961,0.10351402177980507
HYAL1,-0.07274182900432899,0.06845669882557134,0.1551154501295698
HYOU1,-0.16688046536796533,0.00026405887713887153,0.0017383876078309042
ICA1,0.1631375541125542,0.2568092292616898,0.3965416677928787
ICAM1,-0.1926089826839827,0.009460368502053632,0.03672331624369557
ICAM2,-0.13296742424242428,0.03335557518616259,0.09224063033978548
ICAM3,-0.23749182900432902,0.00010188440432263641,0.0007281371976407487
ICAM4,-0.17823257575757567,0.1038169889388071,0.20573359909703942
ICAM5,-0.038880844155844155,0.6556396536746179,0.7518378610007486
ICOSLG,-0.15966715367965384,0.013284628356193323,0.046449898163612356
ID4,-0.28341964285714294,0.005405233116627924,0.023201281590573556
IDI2,-0.07346130952380955,0.4941162142860759,0.6214723297582615
IDO1,-0.6452984307359309,0.32655780733082984,0.47090699103503486
IDS,-0.13202510822510832,5.368615980202e-05,0.00039727758253494804
IDUA,-0.039318668831168746,0.7630017961330808,0.8390723288551525
IFI30,-0.0014498376623376386,0.5779614624377551,0.693506303245303
IFIT1,-0.31989312770562767,0.013285020480595256,0.046449898163612356
IFIT3,-0.06752180735930735,0.1922837257844091,0.3245097355896489
IFNAR1,-0.07120708874458877,0.09679372214868749,0.19634146415032167
IFNG,0.12019913419913413,0.33500451362962924,0.47766741138507623
IFNGR1,-0.17385589826839826,0.00034883872658598357,0.002241001313869956
IFNGR2,-0.0933046536796539,0.1951983876996347,0.32715876562272495
IFNL1,-0.14803733766233784,0.352316140130296,0.49534395266996406
IFNL2,-0.26907797619047624,0.00682268738618296,0.02824747199690197
IFNLR1,0.11907267316017323,0.9728957912535633,0.98502750184765
IFNW1,-0.12863831168831175,0.01679821758188357,0.05504617712090322
IFT20,0.06365887445887447,0.2621905716638341,0.40378453159820177
IGBP1,0.9034245129870131,3.235033276236715e-07,3.2606904367034198e-06
IGDCC3,0.005617316017316076,0.5521169505876447,0.6699202351879142
IGDCC4,-0.06162965367965373,0.5213238597585075,0.6432375019308221
IGF1R,-0.014276298701298706,0.661787079767117,0.7574015795455298
IGF2BP3,0.15850422077922088,0.07241402374998926,0.16170068099405546
IGF2R,-0.0948550865800866,0.1865561740282996,0.31889105069281853
IGFBP1,-0.4653666666666668,0.2497514728011071,0.38893103622676406
IGFBP2,-0.3378097943722945,0.01884291680539264,0.060392374805002945
IGFBP3,-0.06538181818181829,0.30605191565420764,0.4486407971199844
IGFBP4,-0.051393939393939325,0.6373382289671439,0.7392617632027625
IGFBP6,-0.10393576839826844,0.17278601716839426,0.30242726238515955
IGFBP7,-0.12254491341991341,0.02256791169459095,0.06900209820427755
IGFBPL1,0.012573971861471855,0.848433383152062,0.899191725508875
IGFL4,-0.18901498917748905,0.026917078257816827,0.0784432898779647
IGHMBP2,-0.0909065476190476,0.6556382826548549,0.7518378610007486
IGLC2,-0.17858804112554116,0.0007810097571071133,0.004547827991519365
IGLON5,-0.30383809523809513,0.11907427044042534,0.22838195045758747
IGSF21,-0.03400562770562768,0.7244588389762001,0.8088591238836643
IGSF3,0.033846861471861445,0.5955002115928472,0.7075801294658098
IGSF8,-0.05405611471861482,0.504907297688539,0.629895019694238
IGSF9,0.33831601731601724,0.13603387261473449,0.2518251302403236
IKBKG,0.16616764069264078,0.0175909942576118,0.0571332037661749
IKZF2,0.46407646103896094,0.33500451362962924,0.47766741138507623
IL10,-0.3578334415584414,0.5492809202432007,0.6670349390334699
IL10RA,0.03306996753246755,0.007944665158406822,0.03172439379511358
IL10RB,-0.14680227272727273,0.017190833279909615,0.05608125633613371
IL11,-0.14348582251082254,0.4887673037871233,0.6174013954061198
IL12A_IL12B,-0.17282808441558442,0.29416716358058137,0.4355879529615194
IL12B,-0.20289101731601733,0.15480426857962448,0.2774327878959181
IL12RB1,-0.322373593073593,0.0004734753917623237,0.0029508924736061245
IL12RB2,-0.05755119047619041,0.23604523544834932,0.37416498005180315
IL13,0.0283976731601725,0.38860323823892773,0.5285655027326133
IL13RA1,-0.05478906926406925,0.35894939059429953,0.5015339716573315
IL13RA2,-0.15068814935064934,0.09015571005400386,0.18796372360046595
IL15,-0.0817573593073593,0.2676534317761413,0.4093935013509477
IL15RA,-0.1187998917748917,0.21024840639415288,0.34545030460377113
IL16,0.03899767316017322,0.7244588389762001,0.8088591238836643
IL17A,-0.6262911255411255,0.07107460853667802,0.16005476175093208
IL17C,-0.28832597402597404,0.3020554581044024,0.44456601411841296
IL17D,-0.192575487012987,0.02206974982059847,0.06783373157267017
IL17F,-0.2916949134199132,0.02256791169459095,0.06900209820427755
IL17RA,-0.08440882034632041,0.3656627005365932,0.5067985005940284
IL17RB,-0.07561525974025995,0.8351462519765688,0.8922267889354936
IL18,0.042019372294372304,0.782502831063937,0.855688655143991
IL18BP,-0.16580692640692646,0.044552052363545,0.11343697653191814
IL18R1,0.06295806277056287,0.44205888503242374,0.5765925030563156
IL18RAP,-0.09643814935064832,0.58378066754384,0.6979103849614087
IL19,-0.13871715367965387,0.4624970214120131,0.5934498654904804
IL1A,-0.11278360389610384,0.352316140130296,0.49534395266996406
IL1B,0.6604396103896095,2.872395479222032e-05,0.00022691924285854053
IL1R1,-0.14192142857142856,0.0326565788226834,0.09073892094481702
IL1R2,-0.07396953463203464,0.09015571005400386,0.18796372360046595
IL1RAP,-0.24645773809523813,0.013604432957995736,0.04739661208131291
IL1RL1,-0.134963528138528,0.29416716358058137,0.4355879529615194
IL1RL2,-0.2245541125541125,0.0985128804040233,0.19886267225204424
IL1RN,0.04723944805194846,0.4650861914160064,0.5965102841197835
IL2,-0.1531829004329005,0.2497514728011071,0.38893103622676406
IL20,-0.028416829004329004,0.38860323823892773,0.5285655027326133
IL20RA,-0.07341401515151515,0.3392801819297282,0.48211763334010477
IL20RB,-0.19802175324675328,0.012817947777313564,0.0452498325520381
IL21R,-0.25916558441558446,0.0020177133711415766,0.010365160252806378
IL22,-0.30225681818181815,0.09679372214868749,0.19634146415032167
IL22RA1,-0.17977927489177487,0.020632222274323615,0.06463878425278449
IL24,0.0026866341991340636,0.24627388139920292,0.3851570654520439
IL25,-0.086358225108225,0.17819998408712456,0.30876025695712217
IL2RA,-0.2611699134199134,0.03552747166298082,0.09651189560491909
IL2RB,-0.10426980519480519,0.21024840639415288,0.34545030460377113
IL2RG,-0.07868695887445884,0.16749599485081068,0.29457929780320075
IL3,-0.05511515151515112,0.4624970214120131,0.5934498654904804
IL31,-0.24999545454545447,0.06717777205291098,0.1529288377808869
IL31RA,-0.15445546536796542,0.10747740695427453,0.2111266535802046
IL32,-0.24323425324675324,0.021102054488974606,0.06568829102371967
IL33,-0.06779594155844157,0.4547704141551917,0.5881831506971794
IL34,-0.15960449134199142,0.19228561821459866,0.3245097355896489
IL36A,-0.2745224025974025,0.12522938386332919,0.23692264662298462
IL36G,-0.12444702380952388,0.7180993768482874,0.8039082644686113
IL3RA,-0.14263858225108234,0.10747740695427453,0.2111266535802046
IL4,-0.5356330627705628,0.6434148783499212,0.7442428529548158
IL4R,-0.15075557359307362,0.14518773421096182,0.2645783959467839
IL5,-0.385599025974026,0.13162971889225036,0.24632117050067082
IL5RA,-0.27288593073593065,0.01603653560491927,0.05326681087861252
IL6,0.8486602813852815,0.2164978042940242,0.352351381932869
IL6R,-0.07303495670995672,0.2941609990770341,0.4355879529615194
IL6ST,-0.12745941558441556,0.0004734753917623237,0.0029508924736061245
IL7,0.8052748917748918,4.969163201882666e-09,6.632358008722846e-08
IL7R,0.04722629870129872,0.848433383152062,0.899191725508875
IL9,-0.18868133116883123,0.31414953249445055,0.457300340379123
ILKAP,0.31931834415584415,0.018417380502646352,0.059223325862745084
IMMT,-0.09383598484848482,0.6282674310545318,0.7331040722444696
IMPA1,0.298565800865801,0.00013447966856887643,0.0009426476528221243
IMPACT,0.4040976731601731,0.010959456807464239,0.04065290894443905
IMPG1,-0.18458165584415584,0.17819998408712456,0.30876025695712217
ING1,0.054529491341991365,0.2750553939346121,0.41700566206995393
INHBB,-0.1397657467532467,0.3980187623232748,0.5363802868930071
INHBC,-0.021490746753246748,0.8021415247722942,0.869680889061356
INPP1,0.10949610389610392,0.054364844116844196,0.13165570783225813
INPP5D,0.2790910173160174,0.15235594365292643,0.27422193552801966
INPP5J,0.0011915043290040561,0.60732592687876,0.7163897030938723
INPPL1,0.6389036255411262,4.18280939018594e-08,4.631193881633903e-07
INSL3,0.05833760822510814,0.9966113466412806,0.9972937234619867
INSL4,-0.040208387445887506,0.7500833253020773,0.8276683880173544
INSL5,0.07639410173160188,0.6434148783499212,0.7442428529548158
INSR,-0.12701011904761905,0.0029906738599580116,0.014377861336607348
IPCEF1,0.8758584956709958,1.8296910588336184e-08,2.2194727567081038e-07
IQGAP2,0.32024296536796526,0.0025304817964968665,0.012579782530712338
IRAG2,-0.26512510822510826,0.1210990688896973,0.23090187760246916
IRAK1,0.2818483766233766,0.0009381069033538992,0.005303842318188486
IRAK4,1.386309090909091,1.1746242951127895e-13,2.217460459053443e-11
ISLR2,-0.10008230519480524,0.3182507094774285,0.4614319562512518
ISM1,0.00425178571428575,0.6282674310545318,0.7331040722444696
ISM2,-0.08887445887445883,0.16232857110913013,0.28739334545850237
IST1,2.0070225649350655,3.247680995697094e-13,2.966553609507065e-11
ITGA11,-0.10614918831168829,0.24283037070150637,0.38160923309704464
ITGA2,-0.1652774891774891,0.0646788973747446,0.14851250355567827
ITGA5,-0.004358008658008649,0.8021415247722942,0.869680889061356
ITGA6,0.3344504329004323,0.001042700979085604,0.0057723768217182204
ITGAL,0.06861493506493499,0.45733912163135615,0.5899392111776055
ITGAM,-0.14076352813852813,0.06845669882557134,0.1551154501295698
ITGAV,-0.13669020562770565,0.020632222274323615,0.06463878425278449
ITGAX,-0.5644795454545456,0.000255464561632588,0.0016894183566788566
ITGB1,-0.11302510822510824,0.00639858904474569,0.026718679682559504
ITGB1BP1,0.7254354978354979,2.1252661953103967e-05,0.0001711336939088785
ITGB1BP2,2.386399512987013,6.881042191201164e-13,3.9437816323296086e-11
ITGB2,-0.11510422077922078,0.08855477636169766,0.18595230697215678
ITGB5,-0.019024999999999986,0.9627382556941022,0.977791494577436
ITGB6,-0.010798593073593071,0.9154423172339606,0.9482061988925822
ITGB7,-0.2909535714285713,0.0025304817964968665,0.012579782530712338
ITGBL1,-0.04013311688311694,0.9458228508433869,0.9659818983281692
ITIH1,-0.1037297077922078,0.012072691610007966,0.04329874549208992
ITIH3,-0.3675017857142857,0.004374986220429002,0.01958359069267071
ITIH4,-0.2508742424242424,0.011504128734735776,0.04182408991496601
ITIH5,-0.13649951298701307,0.06225723078833177,0.14488685158781353
ITM2A,-0.05875081168831153,0.3932939322736131,0.5327146265226002
ITPA,-0.05898609307359298,0.2825938359699828,0.42578751054150077
ITPR1,0.06154696969696969,0.6991393951411515,0.7878120478016908
ITPRIP,-0.19721011904761904,0.0028294566467225203,0.013738375047126123
IVD,-0.18989772727272733,0.4075704450855334,0.5459800233661843
IZUMO1,-0.33562830086580075,8.39641087273823e-05,0.0006074927965597487
JAM2,-0.11156650432900432,0.024659545062765322,0.07340106946890329
JAM3,0.08203403679653665,0.2532632288256408,0.39293440438288113
JCHAIN,-0.26156542207792205,0.010695812378074475,0.040288478841638775
JMJD1C,0.12768636363636343,0.3020554581044024,0.44456601411841296
JPT2,1.3471454545454544,6.075966140551809e-13,3.860880223659334e-11
JUN,0.032464718614718654,0.7436500245368596,0.823367053682288
KAZALD1,-0.039067045454545465,0.48344975363490605,0.6125373341460036
KAZN,0.43968804112554116,1.241187673291807e-05,0.00010134054662100424
KCNC4,-0.2298910714285714,0.09015571005400386,0.18796372360046595
KCNH2,-0.19123024891774865,0.19814338282391764,0.33076705196705386
KCNIP4,-0.29809399350649324,0.03406656554113726,0.0935870028916769
KCTD5,-0.0967923701298701,0.7180993768482874,0.8039082644686113
KDM3A,0.04566558441558442,0.5721696928603057,0.6882518568850509
KDR,-0.07947467532467532,0.3392801819297282,0.48211763334010477
KEL,-0.014955573593073625,0.8087163030849599,0.8745385697067473
KHDC3L,-0.3359798701298703,0.5158213097199362,0.6388752916573617
KHK,0.0694596320346319,0.46768721201268604,0.5982712125658999
KIAA0319,-0.1550385281385281,0.1210990688896973,0.23090187760246916
KIAA1549,0.11126287878787855,0.3932939322736131,0.5327146265226002
KIAA1549L,-0.184571590909091,0.03129829894901738,0.08779743553548733
KIAA2013,-0.12500400432900427,0.007746891922151553,0.03114740727434524
KIF1C,-0.06846650432900431,0.07942438149872902,0.17146046316158414
KIF20B,-0.5981505952380954,0.000609441512284673,0.0036579004936511273
KIF22,0.6449736471861472,0.000609441512284673,0.0036579004936511273
KIFBP,2.125121482683982,9.380211720491282e-13,4.985156156181094e-11
KIR2DL2,-0.31722370129870125,0.1360355390521625,0.2518251302403236
KIR2DL3,-0.18579816017316042,0.23772681541341634,0.37662627721052355
KIR2DS4,-0.7735133116883117,0.04638520189464712,0.11718577799313183
KIR3DL1,0.08438836580086562,0.8285200418107319,0.8880689703750528
KIR3DL2,-0.35888820346320344,0.0016018727966972087,0.008406237315522336
KIRREL1,-0.15922397186147189,0.17819998408712456,0.30876025695712217
KIRREL2,-0.29577316017316013,0.0006287870107544285,0.0037585775714421158
KIT,-0.11905270562770556,0.07107460853667802,0.16005476175093208
KITLG,-0.26901709956709957,0.02750858748709986,0.07953274107299001
KLB,-0.17138214285714287,0.1038169889388071,0.20573359909703942
KLF4,-0.07952050865800864,0.9492044076239982,0.9680825134281043
KLHL41,0.28406352813852825,0.03941536306565961,0.10351402177980507
KLK1,-0.39969989177489174,0.1338186027803898,0.24914125855227987
KLK10,-0.08492380952380948,0.21024840639415288,0.34545030460377113
KLK11,-0.17235611471861476,0.004036954677148114,0.01835150625397191
KLK12,0.31921168831168856,0.3932939322736131,0.5327146265226002
KLK13,-0.03013706709956715,0.5606696010891176,0.6774854253755646
KLK14,-0.16535703463203455,0.30605191565420764,0.4486407971199844
KLK15,-0.12729464285714287,0.18095385629771277,0.3118679964376264
KLK3,0.15208170995671,0.5606696010891176,0.6774854253755646
KLK4,-0.24417624458874448,0.10025633385690731,0.20017026220200823
KLK6,-0.15465936147186146,0.12522938386332919,0.23692264662298462
KLK7,-0.05681028138528135,0.730837371204852,0.8125666169767146
KLK8,-0.08244074675324678,0.23604523544834932,0.37416498005180315
KLKB1,-0.06614031385281383,0.33500451362962924,0.47766741138507623
KLRB1,-0.20880919913419915,0.0215811808036836,0.06682393166225335
KLRC1,-0.191734577922078,0.007944665158406822,0.03172439379511358
KLRD1,0.013063528138528069,0.9559697449079332,0.974302498035526
KLRF1,-0.17953051948051943,0.01530538387109289,0.05160050410058191
KLRK1,-0.09905919913419908,0.30605191565420764,0.4486407971199844
KRT14,-0.05516055194805204,0.782502831063937,0.855688655143991
KRT17,-0.08906704545454547,0.1951983876996347,0.32715876562272495
KRT18,-0.1846593614718613,0.4270788882352503,0.5628275880575458
KRT19,-0.120861525974026,0.27133712314825253,0.41222370632138366
KRT5,-0.21810487012987012,0.2497514728011071,0.38893103622676406
KRT6C,-0.16412510822510828,0.014950936755892104,0.05081580015985188
KRT8,-0.30309908008658,0.0565296646416363,0.1358850409107754
KYAT1,0.6211575216450218,3.1771101835147976e-06,2.7638967459564743e-05
KYNU,0.0705554112554111,0.5324188901098932,0.6522466118152631
L1CAM,-0.14321585497835507,0.02811127576900405,0.08079573163500377
L3HYPDH,0.5442316558441561,7.503928715056206e-07,7.075478591648158e-06
LACRT,-0.29230584415584415,0.27133712314825253,0.41222370632138366
LACTB2,0.7173879870129871,1.8858055340624283e-11,4.593507980053732e-10
LAG3,-0.21387803030303026,0.06467775878458032,0.14851250355567827
LAIR1,-0.10456791125541125,0.32238680231857075,0.4665032788005853
LAIR2,-0.07122976190476193,0.4172574595163224,0.5543834337119138
LAMA1,-0.16888149350649342,0.059911063969961785,0.14122583869693411
LAMA4,-0.0526390151515152,0.510349047054832,0.6337086935179583
LAMB1,-0.07337348484848481,0.3350003996176649,0.47766741138507623
LAMP1,-0.06851093073593073,0.4172574595163224,0.5543834337119138
LAMP2,-0.11239155844155847,0.04277952196781506,0.110173679415089
LAMP3,-0.22431412337662343,0.10025633385690731,0.20017026220200823
LAMTOR5,0.0352137987012987,0.5324188901098932,0.6522466118152631
LAP3,0.6547831709956711,0.0001828088792654694,0.0012484821357312314
LARP1,0.11389377705627708,0.05175551672304045,0.12734122506855827
LAT,2.3134488636363644,4.1719094668809323e-14,2.217460459053443e-11
LAT2,0.7738087662337663,1.286701772051295e-09,1.9386748864463584e-08
LATS1,1.2768174242424246,2.4147900289983137e-09,3.426422939204889e-08
LAYN,-0.1762247294372294,0.03063718115561671,0.08652413576605571
LBP,-0.031290584415584355,0.9966113466412806,0.9972937234619867
LBR,0.5358484848484848,4.049025373362848e-09,5.5047912401579554e-08
LCAT,-0.013346590909090898,0.759764834997763,0.8367718962692017
LCN15,0.1869720238095239,0.8550933837293739,0.9029761418500579
LCN2,-0.22034886363636366,0.005129091253800358,0.0223766175147141
LCP1,-0.22267240259740256,0.11907427044042534,0.22838195045758747
LDLR,0.18610108225108213,0.22287979638857502,0.3597336525918304
LDLRAP1,0.9995633658008658,1.0287772169777908e-07,1.0856013737278275e-06
LECT2,-0.3124437770562767,0.37932461003532403,0.5203030666979127
LEFTY2,-0.12143576839826847,0.2603895497108345,0.40122227401411137
LEG1,-0.4956662337662337,0.0030743861676779294,0.01463588072984135
LELP1,-0.3649411255411257,0.020171537112093237,0.06367322135923167
LEO1,-0.11034523809523814,0.352316140130296,0.49534395266996406
LEP,-0.043786471861471776,0.9154423172339606,0.9482061988925822
LEPR,-0.20978739177489175,0.0011931745749671056,0.006494691401543481
LETM1,0.14167067099567107,0.03335557518616259,0.09224063033978548
LGALS1,-0.003645400432900514,0.6991381771516476,0.7878120478016908
LGALS3,-0.0663152056277056,0.15480426857962448,0.2774327878959181
LGALS3BP,0.17330081168831163,0.09342603099553683,0.19258699972842908
LGALS4,-0.06395957792207785,0.7500833253020773,0.8276683880173544
LGALS7_LGALS7B,-0.1125178571428572,0.16489524592839944,0.2907081176673105
LGALS8,0.4735794372294373,1.8473114470603034e-06,1.671731071132281e-05
LGALS9,-0.10061991341991337,0.09679372214868749,0.19634146415032167
LGMN,0.039024296536796545,0.7372345691475306,0.8171925087668684
LHB,-0.4305244588744589,0.0215811808036836,0.06682393166225335
LHPP,0.3226290584415581,0.023593622382771597,0.07139146814165774
LIF,0.17057689393939396,0.646460800575992,0.7474703006659907
LIFR,-0.04773755411255404,0.33500451362962924,0.47766741138507623
LILRA2,-0.042561742424242405,0.4172574595163224,0.5543834337119138
LILRA3,-0.34060259740259746,0.9627380972208246,0.977791494577436
LILRA4,-0.3414363095238092,0.001772923127016366,0.009254025536194354
LILRA5,-0.05490854978354974,0.42707692074844084,0.5628275880575458
LILRA6,0.08724296536796533,0.9492044076239982,0.9680825134281043
LILRB1,-0.15775449134199132,0.05876576192664041,0.13976592523317324
LILRB2,-0.18384296536796538,0.023593622382771597,0.07139146814165774
LILRB4,-0.084202110389611,0.40277763344582707,0.5407988160597852
LILRB5,-0.060427867965367976,0.6866019901563465,0.7781844192427301
LIPF,0.08739366883116886,0.6373382289671439,0.7392617632027625
LMNB1,-0.0423619047619046,0.5721696928603057,0.6882518568850509
LMNB2,-0.07817813852813853,0.15235594365292643,0.27422193552801966
LMOD1,-0.08238262987012979,0.9221845086619007,0.9514808749801397
LMOD2,-0.10575389610389614,0.7054392605839808,0.7921624889308396
LONP1,0.1179966991341991,0.015484488120670985,0.05214419213907982
LPA,-0.5195369047619047,0.21649584882672868,0.352351381932869
LPCAT2,-0.09547938311688309,0.012817947777313564,0.0452498325520381
LPL,-0.5910670995670997,0.000416649800120765,0.0026247141503297333
LPO,-0.2580741883116887,0.0646788973747446,0.14851250355567827
LPP,0.2177400974025975,0.07515485848406672,0.1660450879432555
LRCH4,0.6440676406926404,2.6922588285810292e-06,2.3774841558738213e-05
LRFN2,-0.3048757034632036,0.000690305348238958,0.004059884372037171
LRG1,-0.1758968073593073,0.07655671242954576,0.16787342117896645
LRIG1,0.005196103896103893,0.6222521044060715,0.7287030854082319
LRIG3,-0.12387867965367975,0.013285020480595256,0.046449898163612356
LRP1,-0.05829788961038962,0.4887673037871233,0.6174013954061198
LRP11,-0.06715275974025972,0.4702924727638267,0.6013407252356366
LRP2,-0.14007456709956706,0.1360355390521625,0.2518251302403236
LRP2BP,-0.6022464826839833,0.005405430298727538,0.023201281590573556
LRPAP1,0.14814572510822516,0.12522938386332919,0.23692264662298462
LRRC25,-0.1105265151515152,0.11510435723491985,0.22340639853762997
LRRC37A2,0.0010669372294371815,0.6373382289671439,0.7392617632027625
LRRC38,-0.24199377705627703,0.0646788973747446,0.14851250355567827
LRRC59,0.044290584415584505,0.4522136815850589,0.5856537843478632
LRRFIP1,-0.06733354978354976,0.26400426153022505,0.4055094358659211
LRRN1,0.06070167748917753,0.6373382289671439,0.7392617632027625
LRTM1,-0.2728577380952382,0.2293953153373186,0.366005735115165
LRTM2,-0.19799561688311684,0.0010271692746994473,0.005697183662137542
LSM1,0.2870900974025974,0.002260861517117636,0.011473087178011892
LSM8,-0.0037699134199136175,0.9424427302245387,0.9628661658323407
LSP1,-0.021070779220779268,0.7890343476731525,0.8596151316618057
LTA,-0.21448079004329004,0.10202429828522597,0.20300682361314876
LTA4H,-0.0816010281385281,0.5213238597585075,0.6432375019308221
LTB,-0.18501082251082251,0.006998702112081503,0.02881495290717171
LTBP2,-0.14788647186147175,0.09509864283867331,0.19479560828131892
LTBP3,-0.41276617965367957,0.001905359867929788,0.009839870837382986
LTBR,-0.14951363636363635,0.026917078257816827,0.0784432898779647
LTO1,0.028875108225108248,0.8087163030849599,0.8745385697067473
LUZP2,-0.09009215367965372,0.27880829795740836,0.4213839994464864
LXN,0.20204653679653628,0.370183525768071,0.5116058845484972
LY6D,-0.0915167207792208,0.17819998408712456,0.30876025695712217
LY75,-0.018643181818181823,0.989834284409546,0.9949400320939144
LY9,-0.2419021103896104,0.00033224734518312756,0.0021533458757655916
LY96,-0.28907905844155846,0.0028294566467225203,0.013738375047126123
LYAR,0.22238912337662337,0.04828144215012611,0.12082761592878306
LYN,1.015832251082251,8.79098179773485e-12,2.401499046241025e-10
LYPD1,-0.14873490259740246,0.730837371204852,0.8125666169767146
LYPD3,-0.15806596320346322,0.012072691610007966,0.04329874549208992
LYPD8,-0.7932035714285712,0.16749599485081068,0.29457929780320075
LYPLA2,-0.247077435064935,0.30006825373973156,0.44253254575238915
LYSMD3,0.24925649350649248,0.08388905758217229,0.17950784429918712
LYVE1,-0.08292992424242429,0.24627388139920292,0.3851570654520439
LYZL2,-0.17492061688311683,0.07241402374998926,0.16170068099405546
LZTFL1,1.1333190476190478,2.6713274281679462e-11,6.100226619167896e-10
M6PR,-0.08817023809523807,0.12733531063635145,0.2399749277821117
MAD1L1,-0.03120968614718618,0.7085956313817126,0.7954013174073524
MAEA,-0.13834339826839812,0.20261968619062964,0.3368926864250344
MAG,-0.16026883116883123,0.07655671242954576,0.16787342117896645
MAGEA3,0.1044888528138527,0.6312858636885104,0.7351587966380541
MAGED1,-0.0020872294372291655,0.2902752795613569,0.43267447330843767
MAMDC2,-0.15422516233766234,0.07515485848406672,0.1660450879432555
MAMDC4,-0.014766179653679656,0.9627382556941022,0.977791494577436
MAN1A2,-0.023528084415584405,0.6587091232095037,0.7550614773103448
MAN2B2,-0.4319891233766233,0.01530538387109289,0.05160050410058191
MANEAL,-0.21022370129870127,0.08697683507511222,0.184093619786063
MANF,2.5987161796536795,5.363562035317752e-13,3.483931517607509e-11
MANSC1,-0.17747662337662334,0.01530538387109289,0.05160050410058191
MANSC4,0.005175487012987007,0.851761438412784,0.9020647407538288
MAP1LC3A,0.04085395021645021,0.6495140772994294,0.7483380828472828
MAP1LC3B2,-0.3989049242424243,0.01603653560491927,0.05326681087861252
MAP2,0.1220719696969697,0.03552747166298082,0.09651189560491909
MAP2K1,0.4387354437229438,1.3728440589942409e-06,1.2698807545696728e-05
MAP2K6,0.830754274891775,3.7423147536596297e-10,6.250734871398341e-09
MAP3K5,0.2763902056277056,0.14055435723976775,0.2580655692285434
MAP4K5,1.1610949675324678,2.2124969337552738e-12,8.291190432521366e-11
MAPK13,-0.029402326839826846,0.5380108904868224,0.657718876157667
MAPK9,0.2171253787878788,0.002425960872968004,0.012183992494304942
MAPKAPK2,0.6831742424242424,8.676178574155544e-09,1.1321638380471722e-07
MAPRE3,-0.35401222943722954,0.2327034229368925,0.37027332893006903
MAPT,-0.48850151515151496,0.0646788973747446,0.14851250355567827
MARCO,-0.1877980519480519,0.005129091253800358,0.0223766175147141
MARS1,0.43524177489177496,3.8701410013537203e-07,3.887430291050489e-06
MASP1,-0.09935735930735923,0.1338186027803898,0.24914125855227987
MATN2,-0.12252337662337662,0.08089063243161297,0.1741114275387369
MATN3,-0.04487402597402612,0.7955807254302163,0.8641703680537057
MAVS,0.3563040043290044,2.2924559373604693e-05,0.00018308329794821453
MAX,1.699725811688312,2.0651038676822254e-09,2.988266636255022e-08
MB,0.20916250000000003,0.08089063243161297,0.1741114275387369
MBL2,-0.49551607142857146,0.0565296646416363,0.1358850409107754
MCAM,-0.15456233766233765,0.06107481628675527,0.14281735040494853
MCEE,-0.3324307900432901,0.14055435723976775,0.2580655692285434
MCEMP1,0.80602132034632,2.3043778234207592e-07,2.3717240767108726e-06
MCFD2,0.18543062770562774,0.0058451863821378965,0.024689999703741434
MCTS1,0.03021574675324676,0.7694861237542385,0.8442972746747895
MDGA1,-0.14548474025974026,0.30605191565420764,0.4486407971199844
MDH1,0.2824522727272727,4.9928912330326805e-05,0.00037043906395987767
MDK,0.03089599567099577,0.8550933837293739,0.9029761418500579
MDM1,-0.02457911255411263,0.7054392605839808,0.7921624889308396
MECR,1.1018509740259745,1.8299450371763702e-08,2.2194727567081038e-07
MED18,0.6948037878787879,1.935884697776233e-10,3.6041980710827574e-09
MED21,-0.09530492424242425,0.4075704450855334,0.5459800233661843
MEGF10,-0.09050238095238083,0.3392801819297282,0.48211763334010477
MEGF11,-0.12315854978354977,0.0073645297705315525,0.030023041170521236
MEGF9,-0.07851461038961038,0.09509442000969187,0.19479560828131892
MELTF,-0.0670327380952381,0.33500451362962924,0.47766741138507623
MENT,-0.1365482142857143,0.007179525528723402,0.029351709529545043
MEP1A,-0.15127408008658008,0.3100812107881339,0.45318669911767523
MEP1B,-0.20739843073593023,0.3932939322736131,0.5327146265226002
MEPE,-0.07470281385281388,0.510349047054832,0.6337086935179583
MERTK,-0.12753663419913414,0.0646788973747446,0.14851250355567827
MESD,1.5967624458874459,2.5228660168836644e-13,2.708887724004787e-11
MET,-0.16911309523809526,0.0011931745749671056,0.006494691401543481
METAP1,-0.10022759740259743,0.11510435723491985,0.22340639853762997
METAP1D,0.6264732142857145,2.1522550337944336e-07,2.223246147970974e-06
METAP2,0.8819818722943723,7.091523564862735e-09,9.295301964167612e-08
MFAP3,-0.3510928030303031,0.021102054488974606,0.06568829102371967
MFAP3L,-0.2093294913419913,0.14055435723976775,0.2580655692285434
MFAP4,-0.1494194264069264,0.11412678763767127,0.2222469022417809
MFAP5,-0.14875351731601738,0.08388905758217229,0.17950784429918712
MFGE8,0.1183229978354978,0.504907297688539,0.629895019694238
MGLL,1.8576615800865803,3.9220156727569443e-13,3.016855739860144e-11
MGMT,1.9560542207792209,2.830249147345317e-11,6.413037409062296e-10
MIA,-0.10365400432900429,0.19814338282391764,0.33076705196705386
MICALL2,0.14845086580086597,0.11123929726198636,0.21705772089238062
MICB_MICA,-0.49667288961038947,0.4420608276938772,0.5765925030563156
MIF,0.931572294372294,1.3602476477011516e-08,1.7137947733752008e-07
MILR1,-0.12500438311688306,0.36566474093493195,0.5067985005940284
MINDY1,0.8600760281385282,4.046811287701045e-07,4.023411358486447e-06
MINK1,1.95818170995671,1.9589049373537733e-12,7.534051489322472e-11
MITD1,1.3674475108225108,5.631192716007094e-11,1.1673742063041655e-09
MKI67,-0.12261969696969699,0.49949445626318534,0.6250118287594598
MLLT1,-0.3259959956709958,0.05226963311979686,0.12806717318454838
MLN,-0.11453522727272736,0.8484327458897201,0.899191725508875
MME,0.13809875541125544,0.42215143296961466,0.5591067687223307
MMP1,0.6938480519480519,0.001851364590635197,0.009594926770260073
MMP10,-0.35318571428571444,0.026336582608908192,0.07729099494562112
MMP12,-0.1146271645021647,0.17278601716839426,0.30242726238515955
MMP13,-0.36332332251082244,0.003525752751457651,0.01643729775629914
MMP15,-0.21026525974025978,0.0029090460743657173,0.014078049131408928
MMP3,-0.1309988636363636,0.5492826199977975,0.6670349390334699
MMP7,-0.06535129870129941,0.7923048425887764,0.8628565778267487
MMP8,0.2298504329004329,0.3932939322736131,0.5327146265226002
MMP9,-0.010246049783549482,0.8751335543272245,0.9181677599779172
MMUT,-0.2468980519480519,0.07655671242954576,0.16787342117896645
MN1,-0.29220005411255406,0.15728236118062883,0.28084077075808067
MNAT1,-0.06029859307359314,0.31414953249445055,0.457300340379123
MNDA,-0.062625324675325,0.44712086445544286,0.5806016378512926
MOCS2,-0.005277002164502109,0.7054392605839808,0.7921624889308396
MOG,-0.07691509740259739,0.370183525768071,0.5116058845484972
MORC3,-0.10071260822510841,0.024931839396536024,0.07413607991462338
MORF4L1,0.049203571428571416,0.9966113466412806,0.9972937234619867
MORF4L2,-0.15929604978354983,0.07797981416037646,0.16921677564274715
MORN4,-0.16496347402597406,0.1951983876996347,0.32715876562272495
MPHOSPH8,0.5629887987012986,8.530006003992537e-08,9.066620927152794e-07
MPI,0.9292351731601731,2.414293881851969e-10,4.303037205276406e-09
MPIG6B,1.9110258116883116,1.423356760629281e-13,2.217460459053443e-11
MPO,0.12178809523809525,0.510349047054832,0.6337086935179583
MPRIP,0.20231818181818179,0.2293953153373186,0.366005735115165
MRC1,-0.315428896103896,0.00010550683461686343,0.0007503563931510749
MRI1,0.253511038961039,0.09509864283867331,0.19479560828131892
MRPL24,0.06296563852813851,0.14518602213840517,0.2645783959467839
MRPL28,-0.19233538961038962,0.005196761078082394,0.022638051611378298
MRPL46,0.056956926406926456,0.2922148152421604,0.4349001552713008
MRPL52,-0.04166715367965368,0.5549618358542556,0.6716991495660412
MRPL58,0.3432983766233766,0.004259559915115352,0.01915491327981873
MRPS16,-0.11228690476190478,0.05124761400863193,0.12641078122129212
MSLN,-0.04837591991341997,0.69286017704125,0.7828489746778406
MSLNL,-0.26028663419913417,0.01905838167533742,0.06101604560461257
MSMB,-0.14826125541125545,0.22287979638857502,0.3597336525918304
MSR1,0.04250156926406923,0.4270788882352503,0.5628275880575458
MSRA,0.7704756493506493,1.0485658646155085e-10,2.057018806893377e-09
MST1,-0.07353079004329005,0.09342742580051744,0.19258699972842908
MSTN,-0.0002643939393939809,0.8318309478487413,0.8912910046047913
MTDH,2.1782389610389608,7.98237830093356e-14,2.217460459053443e-11
MTHFD2,0.04862976190476195,0.6312858636885104,0.7351587966380541
MTHFSD,0.08295995670995665,0.5268564656123884,0.6484216627305311
MTIF3,1.885508225108225,9.3264988959642e-12,2.524199654898459e-10
MTPN,0.18017857142857144,0.0021975826268619994,0.011191313085127419
MTR,-0.038872456709956704,0.6343075470601485,0.7383834966375205
MTSS1,1.2586714826839827,2.5436891937440588e-09,3.574617073708598e-08
MTSS2,0.4234378246753245,0.0021976783136719597,0.011191313085127419
MTUS1,-0.08629550865800872,0.6866019901563465,0.7781844192427301
MUC13,-0.24138706709956692,0.10025633385690731,0.20017026220200823
MUC16,0.17068295454545465,0.4270788882352503,0.5628275880575458
MUC2,-0.35700654761904765,0.1475478625446385,0.2677109883413894
MUCL3,-0.24226444805194802,0.014263673280005065,0.04922398700998207
MVK,0.32381439393939393,0.010959456807464239,0.04065290894443905
MXRA8,-0.20540221861471875,0.06345739409498878,0.14721369378102744
MYBPC1,0.39439945887445893,0.07107460853667802,0.16005476175093208
MYBPC2,0.4963156385281385,0.012366205194889214,0.04397374426357807
MYCBP2,0.07644372294372292,0.5324188901098932,0.6522466118152631
MYDGF,1.0734529220779219,4.969163201882666e-09,6.632358008722846e-08
MYH4,-0.06596985930735931,0.24627388139920292,0.3851570654520439
MYH7B,-0.2683950757575758,0.11907427044042534,0.22838195045758747
MYH9,0.25249669913419903,0.013930610803210083,0.048302699143277665
MYL1,-0.173627922077922,0.018000279361300168,0.0581379188652822
MYL3,0.41169767316017314,0.03265731947791567,0.09073892094481702
MYL4,0.2376814393939395,0.2603895497108345,0.40122227401411137
MYL6B,-0.13392083333333327,0.2902752795613569,0.43267447330843767
MYLPF,0.2412126623376624,0.019277027534274255,0.061513920832624074
MYO6,-0.13329859307359312,0.08237878506582293,0.17692372428170494
MYO9B,-0.10840887445887437,1.0,1.0
MYOC,-0.026510010822510865,0.8417841854281243,0.8953912569164509
MYOM1,0.11032905844155846,0.1360355390521625,0.2518251302403236
MYOM2,0.12099772727272712,0.5896270163130954,0.7028873444874298
MYOM3,0.19553008658008658,0.6073243976354576,0.7163897030938723
MZB1,-0.17341174242424234,0.32238680231857075,0.4665032788005853
MZT1,0.2946344696969697,0.0004302264219458473,0.0027044125405327134
NAA10,0.25769902597402605,0.1951983876996347,0.32715876562272495
NAA80,0.8334634199134199,4.603922531866411e-08,5.021367746509523e-07
NAAA,-0.4102984848484848,0.015667207860042776,0.05257778251998282
NACC1,-0.061795508658008425,0.3839467695675344,0.5241832823194316
NADK,-0.038238257575757606,0.8952541288849709,0.9339142822022735
NAGA,0.09489188311688312,0.6252581203826834,0.7301755836510521
NAGK,0.17478035714285717,0.1360355390521625,0.2518251302403236
NAGPA,-0.13447932900432896,0.05024237850163885,0.12456189343536078
NAMPT,-0.20574437229437237,0.3611805450974275,0.5029684294043737
NAP1L4,0.5681884199134208,3.7251845463719555e-05,0.00028806122828161973
NAPRT,0.18912408008658,0.10025633385690731,0.20017026220200823
NARS1,0.6330752705627707,1.0085551377739955e-08,1.3044277290767208e-07
NBL1,-0.10420227272727271,0.10025633385690731,0.20017026220200823
NBN,0.0642068181818182,0.5606696010891176,0.6774854253755646
NCAM1,-0.14331661255411254,0.02872531007475566,0.0821566353703628
NCAM2,-0.10766856060606061,0.15235594365292643,0.27422193552801966
NCAN,-0.2395225649350649,0.01759147567210312,0.0571332037661749
NCF2,0.09953479437229484,0.6373382289671439,0.7392617632027625
NCK2,1.6119440476190476,3.9220156727569443e-13,3.016855739860144e-11
NCLN,0.05653262987012969,0.32865434078811817,0.47322987099688146
NCR1,-0.16861737012987016,0.010060896382062303,0.038643889782875314
NCR3LG1,-0.147814935064935,0.04925275631731825,0.12273540521597966
NCS1,-0.05395941558441575,0.5268564656123884,0.6484216627305311
NDRG1,-0.16169058441558454,0.58378066754384,0.6979103849614087
NDST1,-0.06974502164502172,0.1894030458757704,0.32187826115374946
NDUFA5,-0.06955762987012985,0.2293953153373186,0.366005735115165
NDUFB7,0.7260430735930737,2.6950172436409496e-10,4.745503254917166e-09
NDUFS6,1.3061568722943726,1.1293403920778187e-07,1.1874323618861382e-06
NEB,0.1645178571428573,0.5380108904868224,0.657718876157667
NECAP2,0.2974069264069264,0.00473847714609868,0.020985710148555214
NECTIN1,-0.1891507034632035,0.01178536956179584,0.0424767388768548
NECTIN2,-0.1512574134199135,0.04732533574955857,0.1189440725674632
NECTIN4,-0.15314664502164504,0.004995581276680618,0.021958835691574387
NEDD4L,0.17900768398268418,0.18095385629771277,0.3118679964376264
NEDD9,-0.11379139610389588,0.19083749676472372,0.3241243480786098
NEFL,-0.18758284632034594,0.2293953153373186,0.366005735115165
NEK7,0.3245404761904762,0.20412868819044405,0.3386343835355189
NELL1,0.03710687229437229,0.8087163030849599,0.8745385697067473
NELL2,-0.23116547619047617,0.004146742364645071,0.018792860784120527
NENF,-0.38579080086580086,0.36566474093493195,0.5067985005940284
NEO1,-0.17362245670995674,0.00993839554373497,0.03822359233465436
NEXN,1.5694678030303029,3.6832240498853277e-13,2.990573304948559e-11
NFASC,0.014147023809523748,0.851761438412784,0.9020647407538288
NFAT5,-0.0605270562770563,0.3747368378685546,0.5164336525647266
NFATC1,0.1493307359307362,0.042346041578790856,0.10953759250867759
NFATC3,0.0482283008658011,0.6132778265119712,0.7207925560492529
NFE2,0.581944264069264,4.049025373362848e-09,5.5047912401579554e-08
NFIC,-0.08027408008658021,0.36566474093493195,0.5067985005940284
NFKB1,0.10278961038961032,0.14518773421096182,0.2645783959467839
NFKB2,-0.36992413419913417,0.00024713308607916454,0.0016417500241122682
NFKBIE,0.23603349567099569,0.15603782123493515,0.27947215163585504
NFU1,1.6829606060606057,2.162201267844113e-10,3.950071441192715e-09
NFX1,0.06891304112554109,0.9762828489184295,0.9867478448784818
NFYA,-0.07154783549783561,0.48344975363490605,0.6125373341460036
NGF,-0.1644015692640694,2.2073549022546186e-05,0.00017725544998050137
NGFR,-0.09089393939393943,0.23604523544834932,0.37416498005180315
NGRN,0.006447510822510744,0.5837790663375068,0.6979103849614087
NHLRC3,-0.2006964826839826,0.012366205194889214,0.04397374426357807
NID1,-0.046678787878787875,0.5779614624377551,0.693506303245303
NID2,0.13461704545454542,0.2676534317761413,0.4093935013509477
NINJ1,0.05405351731601726,0.9627382556941022,0.977791494577436
NIT1,0.5047880952380956,0.000458627602892253,0.0028705963238844874
NIT2,0.7967679112554111,2.3576333469162272e-07,2.4180218501881165e-06
NLGN1,-0.2883410714285714,0.04455114539220605,0.11343697653191814
NLGN2,-0.1811118506493507,0.13162971889225036,0.24632117050067082
NME1,-0.16068089826839824,0.010437822495165797,0.03977803800960838
NME3,-0.2160347943722944,0.0016018727966972087,0.008406237315522336
NMI,-0.009961904761904616,0.7955807254302163,0.8641703680537057
NMNAT1,-0.027600054112554118,0.4994962818960309,0.6250118287594598
NMRK2,-0.20032435064935067,0.004493240649374663,0.020051515142171208
NMT1,0.7220362554112554,5.281935141384513e-07,5.129267913045492e-06
NOMO1,-0.07028809523809527,0.32655780733082984,0.47090699103503486
NOP56,-0.3389667207792207,0.11315882547220937,0.22050883123684534
NOS1,0.11157142857142849,0.58378066754384,0.6979103849614087
NOS2,-0.23008344155844157,0.19228561821459866,0.3245097355896489
NOS3,0.032591396103896164,0.730837371204852,0.8125666169767146
NOTCH1,-0.19185102813852808,2.3960693488387935e-08,2.8127352235565436e-07
NOTCH2,-0.1656451298701299,0.026336582608908192,0.07729099494562112
NOTCH3,-0.24169345238095233,0.010959456807464239,0.04065290894443905
NPC2,-0.058239880952380974,0.5268564656123884,0.6484216627305311
NPDC1,-0.08554637445887447,0.2922148152421604,0.4349001552713008
NPHS1,-0.04442288961038965,0.6556396536746179,0.7518378610007486
NPHS2,-0.3635849025974026,0.012365833379317877,0.04397374426357807
NPL,0.1204101731601731,0.412397091054609,0.550176493451676
NPM1,0.04982591991341989,0.7694861237542385,0.8442972746747895
NPPB,-0.04094329004328978,0.868443936316295,0.9127873519786157
NPPC,0.08271488095238083,0.5549618358542556,0.6716991495660412
NPR1,-0.1496405844155844,0.0023257049923550537,0.011761307426736716
NPTN,0.3062749458874459,0.524084654361659,0.6463710737127127
NPTX1,-0.001571482683982682,0.6434148783499212,0.7442428529548158
NPTX2,-0.0564812770562772,0.5896270163130954,0.7028873444874298
NPTXR,-0.13673923160173163,0.09177985399200234,0.1905344554109537
NPY,0.06116450216450231,0.989834284409546,0.9949400320939144
NRCAM,-0.17786791125541132,0.005129091253800358,0.0223766175147141
NRGN,0.9434979437229439,5.77470366955029e-10,9.074977863492203e-09
NRN1,-0.16493452380952367,0.06225611739270904,0.14488685158781353
NRP1,-0.019777759740259762,0.9762828489184295,0.9867478448784818
NRP2,-0.08306266233766232,0.32865434078811817,0.47322987099688146
NRTN,-0.12917088744588745,0.352316140130296,0.49534395266996406
NRXN3,-0.1841582792207792,0.010695812378074475,0.040288478841638775
NSFL1C,0.7787304112554092,3.901642652563184e-06,3.3542651392477025e-05
NT5C,0.6452996753246751,1.9267979454315794e-06,1.732932429075848e-05
NT5C1A,0.01622104978354988,0.6013999509832053,0.71140916905055
NT5C3A,1.6007716450216445,1.4431172393246841e-12,5.941171395135284e-11
NT5E,-0.18590990259740245,0.17547742499641084,0.30603849240125824
NTF3,-0.09542359307359308,0.40277763344582707,0.5407988160597852
NTF4,-0.2089589285714285,0.012072326388724052,0.04329874549208992
NTproBNP,-0.273259632034632,0.15480426857962448,0.2774327878959181
NTRK2,-0.09297088744588747,0.01603653560491927,0.05326681087861252
NTRK3,-0.12113636363636354,0.04546084044559871,0.11514907852901649
NUB1,0.5939206709956713,3.162375910431905e-07,3.2207751868266408e-06
NUBP1,-0.2122619588744588,0.1093455616837158,0.2139337863463864
NUCB2,0.020952759740259674,0.6434148783499212,0.7442428529548158
NUDC,0.5269441558441559,8.530006003992537e-08,9.066620927152794e-07
NUDT10,-0.07606525974025963,0.006650199779492735,0.027572388589301083
NUDT15,0.13153506493506506,0.26765139538821103,0.4093935013509477
NUDT16,0.9769604437229439,4.046811287701045e-07,4.023411358486447e-06
NUDT2,1.049695670995671,2.998413365406398e-11,6.741817128525309e-10
NUDT5,0.5078229978354979,2.018989615475478e-08,2.408778222871356e-07
NUMB,0.9574780844155845,1.5505234210959943e-10,2.942973999911423e-09
NUP50,-0.14956471861471865,0.010695812378074475,0.040288478841638775
NXPE4,-0.1696717532467533,0.03063647160562677,0.08652413576605571
NXPH1,-0.19407278138528133,0.07377403471094729,0.163736904677372
NXPH3,-0.24450974025974026,0.007649410980463134,0.030882912010902954
OBP2B,-0.29071991341991343,0.024659545062765322,0.07340106946890329
OCLN,-0.11504724025974034,0.5521169505876447,0.6699202351879142
ODAM,-0.433407251082251,0.002602469733452512,0.012849694308921777
OFD1,-0.1545337121212121,0.017190833279909615,0.05608125633613371
OGA,0.07574880952380952,0.35673099453946366,0.498672738899499
OGFR,-0.037052164502164586,0.7662409472024554,0.8423175211255274
OGN,-0.16819642857142858,0.054364844116844196,0.13165570783225813
OGT,-0.28174583333333336,0.10025633385690731,0.20017026220200823
OLFM4,0.25332548701298696,0.19228561821459866,0.3245097355896489
OLR1,0.019319318181818257,0.730837371204852,0.8125666169767146
OMD,-0.10099686147186127,0.69286017704125,0.7828489746778406
OMG,-0.06032564935064949,0.4781637613617501,0.6082126520715385
OMP,-0.1484956168831169,0.2676534317761413,0.4093935013509477
OPHN1,0.495584523809524,4.834530650894748e-07,4.726198358717508e-06
OPLAH,-0.1777741883116883,0.2568092292616898,0.3965416677928787
OPTC,-0.11261001082251085,0.09177985399200234,0.1905344554109537
ORM1,-0.11456585497835498,0.03861011284257504,0.1021333573202234
OSBPL2,-0.10416439393939395,0.2293953153373186,0.366005735115165
OSCAR,0.022620346320346305,0.8153038429082348,0.8787372378449527
OSM,0.07051093073593076,0.9492044076239982,0.9680825134281043
OSMR,-0.13749648268398265,0.0009966473438463566,0.005559542339814695
OSTN,-0.07949702380952378,0.055437410509573126,0.1335915806414015
OTOA,-0.20690817099567096,0.08542166818902228,0.18172309761027083
OTUD6B,0.8424152597402599,1.276443243515216e-12,5.6530963648408734e-11
OTUD7B,0.5119753246753248,1.7419844944099554e-08,2.1394204525883612e-07
OXCT1,0.13609653679653677,0.11907427044042534,0.22838195045758747
OXT,0.26225303030302993,0.44712086445544286,0.5806016378512926
P4HB,0.2198814393939394,0.1951983876996347,0.32715876562272495
PACS2,0.4811985389610387,2.872395479222032e-05,0.00022691924285854053
PADI2,0.1930271103896103,0.674150223875841,0.7688416326137664
PADI4,-0.060741341991342124,0.6312858636885104,0.7351587966380541
PAEP,-0.4480377705627707,0.3839467695675344,0.5241832823194316
PAFAH1B3,-0.41579837662337665,0.024121479247361213,0.07246360106889704
PAFAH2,0.0032450757575757452,0.674150223875841,0.7688416326137664
PAG1,0.08226699134199178,0.10472119615344531,0.20738486203016304
PAGR1,0.06606266233766238,0.5492809202432007,0.6670349390334699
PAIP2B,-0.008563203463203467,0.989834284409546,0.9949400320939144
PAK4,0.39548814935064913,0.01178536956179584,0.0424767388768548
PALLD,-0.029333766233766212,0.43203969644351725,0.5670642266297266
PALM,-0.08508035714285722,0.21024840639415288,0.34545030460377113
PALM2,-0.07449437229437222,0.9424427302245387,0.9628661658323407
PALM3,-0.35744231601731596,0.02750858748709986,0.07953274107299001
PAM,-0.0677554112554113,0.2676534317761413,0.4093935013509477
PAMR1,-0.0988246212121212,0.03552747166298082,0.09651189560491909
PAPPA,0.18003322510822506,0.2568092292616898,0.3965416677928787
PARD3,-0.20572905844155853,0.1894030458757704,0.32187826115374946
PARK7,0.6955334415584415,3.2868902932025983e-08,3.709490473757218e-07
PARP1,0.14841336580086567,0.07942438149872902,0.17146046316158414
PAXX,0.061898322510822446,0.352316140130296,0.49534395266996406
PBK,-0.15052927489177492,0.1210990688896973,0.23090187760246916
PBLD,-0.010508225108225078,0.9221845086619007,0.9514808749801397
PBXIP1,-0.03370292207792206,0.3611805450974275,0.5029684294043737
PCARE,-0.20812673160173123,0.19814338282391764,0.33076705196705386
PCBD1,-0.12714101731601724,0.6434148783499212,0.7442428529548158
PCBP2,0.6426623917748919,3.131534786056228e-08,3.5755766326727947e-07
PCDH1,-0.14129329004329005,0.0016018727966972087,0.008406237315522336
PCDH12,-0.04596428571428572,0.2658225007575944,0.4080877992197733
PCDH17,-0.18822261904761903,0.07797981416037646,0.16921677564274715
PCDH7,-0.258737987012987,0.04191715494780382,0.10852421958585524
PCDH9,-0.1376124458874459,0.23942085271845726,0.37787643223328865
PCDHB15,-0.2710406926406926,0.012666022106130628,0.044821770721815764
PCNA,-0.20215984848484875,0.0009100466229934661,0.005195441951191214
PCOLCE,-0.0961849567099567,0.27133712314825253,0.41222370632138366
PCSK7,-0.00909193722943713,0.8153046147914853,0.8787372378449527
PCSK9,-0.06367056277056277,0.6495154691014562,0.7483380828472828
PCYT2,1.024290638528139,3.355340694809875e-10,5.735474181829979e-09
PDAP1,1.673051244588744,5.960721668684731e-11,1.2269851716595401e-09
PDCD1,-0.27490741341991365,0.036277751625071526,0.09782275645764213
PDCD1LG2,-0.05771260822510823,0.3980187623232748,0.5363802868930071
PDCD5,0.571965097402598,1.1041277291267262e-05,9.065633011902866e-05
PDCD6,-0.1524656385281385,0.1648970438222377,0.2907081176673105
PDCL2,-0.12898106060606057,0.4994962818960309,0.6250118287594598
PDE1C,-0.23411823593073597,0.2864181983517873,0.43065863877689003
PDE4D,-0.14777375541125526,0.05175551672304045,0.12734122506855827
PDE5A,0.7484588744588743,7.555752838137363e-10,1.1623929234671323e-08
PDGFA,1.466119588744589,3.1823819603859347e-12,1.1207352373744682e-10
PDGFB,2.3282135281385274,9.977735199621087e-13,5.028434480774558e-11
PDGFC,0.021564015151515167,0.9932227255610709,0.9972937234619867
PDGFRA,-0.17772537878787878,0.011504128734735776,0.04182408991496601
PDGFRB,-0.12045427489177489,0.13828072522718826,0.2553345292729446
PDIA2,-0.34615741341991346,0.000609441512284673,0.0036579004936511273
PDIA3,-0.04562023809523805,0.4270788882352503,0.5628275880575458
PDIA4,0.4279843614718614,7.743558998755162e-06,6.430233793568563e-05
PDIA5,0.28276953463203464,0.019277027534274255,0.061513920832624074
PDLIM5,0.8930432900432902,5.0247147413929304e-11,1.0566360567691752e-09
PDLIM7,1.8426303030303033,9.977735199621087e-13,5.028434480774558e-11
PDP1,0.6923496212121205,0.0001391846199615062,0.0009709705110918439
PDRG1,-0.06744913419913412,0.44712086445544286,0.5806016378512926
PDXDC1,-0.5158188311688312,0.0005546773680663811,0.003377754055954233
PDZD2,0.21927061688311686,0.011504128734735776,0.04182408991496601
PDZK1,0.0658588744588745,0.44712086445544286,0.5806016378512926
PEAR1,-0.14075481601731601,0.0029906738599580116,0.014377861336607348
PEBP1,0.5458757575757576,3.0482930639238144e-06,2.6677127622303325e-05
PECAM1,-0.08666477272727274,0.05876576192664041,0.13976592523317324
PECR,-0.05608928571428576,0.8087163030849599,0.8745385697067473
PENK,-0.058467207792207807,0.4994962818960309,0.6250118287594598
PEPD,-0.14620546536796536,0.06345852006982367,0.14721369378102744
PER3,0.15457922077922076,0.6803652140431975,0.7738161558942671
PF4,1.3347575216450211,5.0247147413929304e-11,1.0566360567691752e-09
PFDN2,0.03650454545454562,0.6013999509832053,0.71140916905055
PFDN4,-0.2642986471861472,0.01679821758188357,0.05504617712090322
PFDN6,-0.15553814935064914,0.09679372214868749,0.19634146415032167
PFKFB2,0.5467148809523811,0.0008304645460793055,0.004787865617731381
PGA4,0.045947781385281466,0.969509452914085,0.9819390612847784
PGD,0.3908313852813853,4.9932600479025596e-05,0.00037043906395987767
PGF,-0.06184334415584415,0.3182507094774285,0.4614319562512518
PGLYRP1,-0.13745167748917747,0.34793602735558826,0.4925021830316632
PGLYRP2,-0.1104596861471861,0.08388905758217229,0.17950784429918712
PGLYRP4,-0.22830551948051947,0.09509864283867331,0.19479560828131892
PGM2,0.21519940476190474,0.31414953249445055,0.457300340379123
PGR,0.283945670995671,0.4941162142860759,0.6214723297582615
PHACTR2,1.1573729978354974,5.183416804293655e-10,8.234308325516497e-09
PHLDB1,0.14176369047619047,0.12522938386332919,0.23692264662298462
PHLDB2,-0.2800475108225109,0.3182507094774285,0.4614319562512518
PHOSPHO1,-0.17138982683982684,0.011228860279959754,0.04138960731188192
PHYKPL,-0.03281596320346318,0.8285200418107319,0.8880689703750528
PI16,-0.07444496753246753,0.24283037070150637,0.38160923309704464
PI3,-0.2575497294372294,0.04638520189464712,0.11718577799313183
PIBF1,0.43487202380952383,0.00034323735832902697,0.0022147523143393947
PIGR,-0.22950524891774882,0.007553541888652616,0.030538040028397783
PIK3AP1,0.2008588744588743,0.38860323823892773,0.5285655027326133
PIK3IP1,-0.1752931818181818,0.0021360238283799644,0.010915380507613
PIKFYVE,-0.0026433982683982393,0.9593534611960814,0.9774103057079632
PILRA,-0.10845946969696973,0.19962609596491399,0.33286199572472536
PILRB,-0.07901385281385276,0.3839467695675344,0.5241832823194316
PINLYP,-0.22448317099567083,0.18095385629771277,0.3118679964376264
PITHD1,-0.3346698593073593,0.026335302623598483,0.07729099494562112
PKD1,-0.11099117965367965,0.43203969644351725,0.5670642266297266
PKD2,-0.1413738636363635,0.4522136815850589,0.5856537843478632
PKLR,0.23728333333333262,0.15235594365292643,0.27422193552801966
PKN3,-0.2834502164502164,0.16232857110913013,0.28739334545850237
PLA2G10,-0.4536722943722944,0.001798778389853342,0.009372244623068304
PLA2G15,-0.11668522727272726,0.03781888606158265,0.10095397621735716
PLA2G1B,-0.37538609307359316,0.000255464561632588,0.0016894183566788566
PLA2G2A,-0.26449025974025975,0.11707610255038767,0.22618205403488642
PLA2G4A,1.2149056818181816,9.083386320255616e-14,2.217460459053443e-11
PLA2G7,-0.019706818181818186,1.0,1.0
PLAT,0.1344871212121212,0.22612080897100362,0.36296052972116616
PLAU,-0.12878354978354972,0.03335557518616259,0.09224063033978548
PLAUR,-0.11514837662337656,0.17547742499641084,0.30603849240125824
PLB1,-0.07944664502164489,0.730837371204852,0.8125666169767146
PLCB1,-0.1969946428571428,0.13162971889225036,0.24632117050067082
PLCB2,1.8087428030303032,2.687572493880904e-13,2.708887724004787e-11
PLEKHO1,0.16760676406926395,0.0006287870107544285,0.0037585775714421158
PLG,-0.06640952380952381,0.15979040242195397,0.28410422523076123
PLIN1,0.013111958874458825,0.9830579555820083,0.992223205858498
PLIN3,0.16278084415584426,0.004036954677148114,0.01835150625397191
PLPBP,0.7662275432900434,1.0601486094918528e-08,1.3651164694029452e-07
PLSCR3,0.12593603896103897,0.04925372231212594,0.12273540521597966
PLTP,-0.17867023809523808,0.01530538387109289,0.05160050410058191
PLXDC1,0.07534285714285714,0.7372345691475306,0.8171925087668684
PLXDC2,0.04397326839826837,0.6495154691014562,0.7483380828472828
PLXNA4,0.6402140151515152,1.311763389616547e-10,2.52255551832182e-09
PLXNB2,-0.09810081168831167,0.0985128804040233,0.19886267225204424
PLXNB3,0.032668777056277035,0.6803652140431975,0.7738161558942671
PM20D1,-0.0029454545454548064,0.7372345691475306,0.8171925087668684
PMCH,-0.2049878787878785,0.014603741165550745,0.05010180214425449
PMM2,-0.003810876623376591,0.9221845086619007,0.9514808749801397
PMS1,-0.1603110389610387,0.4320377368948195,0.5670642266297266
PMVK,3.139734686147187,6.57643081103424e-14,2.217460459053443e-11
PNLIP,-0.3510895562770563,0.02811127576900405,0.08079573163500377
PNLIPRP1,-0.16779058441558442,0.43203969644351725,0.5670642266297266
PNLIPRP2,-0.7616244588744588,0.3182507094774285,0.4614319562512518
PNMA1,0.3869099025974026,4.476050048555861e-05,0.00033633661418840056
PNMA2,-0.05691623376623384,0.5213238597585075,0.6432375019308221
PNPT1,0.23522624458874478,0.1038169889388071,0.20573359909703942
PODXL,-0.040798484848484876,0.208704722965818,0.3442685695423736
PODXL2,-0.24969707792207788,0.00034323735832902697,0.0022147523143393947
POF1B,-0.2865977272727272,0.01178536956179584,0.0424767388768548
POLR2A,-0.021707034632034605,0.989834284409546,0.9949400320939144
POLR2F,0.014478300865800597,0.7857658148165743,0.8586143838163912
POMC,-0.14294902597402598,0.58378066754384,0.6979103849614087
PON1,-0.09452153679653674,0.05876576192664041,0.13976592523317324
PON2,-0.04548089826839821,0.4172574595163224,0.5543834337119138
PON3,-0.2770482142857143,0.00024713308607916454,0.0016417500241122682
POSTN,-0.08847213203463206,0.24283037070150637,0.38160923309704464
PPBP,2.2174614177489183,3.8130444865361765e-12,1.2523066330500276e-10
PPCDC,0.2170267316017317,0.03861011284257504,0.1021333573202234
PPIB,1.396935335497836,4.299960635026336e-12,1.3514822512023633e-10
PPIE,-0.13804691558441554,0.16232857110913013,0.28739334545850237
PPIF,0.3787839285714284,0.0012662612517962935,0.006828932913285177
PPL,-0.16501082251082247,0.09015571005400386,0.18796372360046595
PPM1A,-0.011916612554112544,0.8818321073900629,0.9235382479043904
PPM1B,0.23442803030303033,0.60732592687876,0.7163897030938723
PPM1F,0.31770005411255414,3.4597075909844295e-05,0.0002682420500914453
PPME1,0.6154912337662344,0.0010585543133985163,0.005838026902007289
PPP1CC,0.5445274350649353,3.047998439695378e-06,2.6677127622303325e-05
PPP1R12A,1.791005519480519,1.6172216472260785e-13,2.2510185118294416e-11
PPP1R12B,0.12050887445887482,0.0252079777032983,0.07472912659912874
PPP1R14A,1.1568608766233766,3.4700049241738895e-09,4.784351128943528e-08
PPP1R14D,-0.3133235930735931,0.04064909176903231,0.10627665048379377
PPP1R2,0.8310113636363635,6.9343372933338825e-12,1.9489488373475904e-10
PPP1R9B,1.7931796536796538,3.458725940618997e-13,2.990573304948559e-11
PPP2R5A,1.5102996212121214,4.910360831759881e-10,7.88625533584293e-09
PPP3R1,0.05092813852813882,0.8952541288849709,0.9339142822022735
PPT1,-0.17059053030303017,0.05330864109064339,0.12995926431021737
PPY,-0.5198332792207787,0.06781358530185427,0.15413616628096427
PQBP1,-0.06962851731601738,0.848433383152062,0.899191725508875
PRAME,-0.09899740259740253,0.40277763344582707,0.5407988160597852
PRAP1,0.09171347402597405,0.2980938811170427,0.43984271302630784
PRC1,-0.12418127705627707,0.009696446887367219,0.037541218001841695
PRCP,-0.13594231601731593,0.06975557234434113,0.15769183137085005
PRDX1,-0.10500351731601798,0.42215143296961466,0.5591067687223307
PRDX2,0.17075568181818168,0.23942085271845726,0.37787643223328865
PRDX3,0.6494343073593075,2.925060985325063e-06,2.5752871265376984e-05
PRDX5,1.3138711580086582,8.857859767883928e-11,1.7733920617482687e-09
PRDX6,0.21743993506493497,0.07655671242954576,0.16787342117896645
PREB,-0.08067959956709958,0.1865561740282996,0.31889105069281853
PRELP,-0.14717077922077923,0.04828144215012611,0.12082761592878306
PRG2,-0.1340694805194805,0.44712086445544286,0.5806016378512926
PRG3,-0.01840930735930736,0.661787079767117,0.7574015795455298
PRKAB1,0.04255562770562765,0.5779614624377551,0.693506303245303
PRKAG3,-0.2400695346320344,0.03781888606158265,0.10095397621735716
PRKAR1A,1.793055898268398,4.847681543875357e-12,1.4608013559533678e-10
PRKAR2A,0.429591937229437,0.0005207530507874613,0.003211310479856011
PRKCQ,-0.08863695887445888,0.18095199976767729,0.3118679964376264
PRKD2,-0.11736385281385289,0.17278601716839426,0.30242726238515955
PRKG1,2.5445764069264065,4.1759925343537265e-13,3.1298528661322926e-11
PRKRA,0.031060010822510586,0.4968005345398837,0.6245797688000345
PRL,0.029324729437229455,0.9627382556941022,0.977791494577436
PRND,-0.035595616883116965,0.7630017961330808,0.8390723288551525
PROC,-0.04592061688311691,0.352316140130296,0.49534395266996406
PROCR,-0.12975584415584415,0.0646788973747446,0.14851250355567827
PROK1,-0.14129702380952383,0.22287979638857502,0.3597336525918304
PROS1,0.0007788961038961428,0.888539123512752,0.9292307184356974
PRR4,-0.4604629329004331,0.01530538387109289,0.05160050410058191
PRR5,-0.1884462662337662,0.12522938386332919,0.23692264662298462
PRRT3,-0.18449902597402595,0.1648970438222377,0.2907081176673105
PRSS2,-0.20998371212121217,0.05226963311979686,0.12806717318454838
PRSS22,-0.2632569264069264,0.015666765232987566,0.05257778251998282
PRSS27,-0.3009683441558442,0.0031602300359701847,0.014995701940163716
PRSS53,-0.16656066017316007,0.10563313662268126,0.2084875055219125
PRSS8,0.02758262987012987,0.782502831063937,0.855688655143991
PRTFDC1,2.3000382034632034,8.042103524075539e-12,2.217647981214415e-10
PRTG,-0.026981872294372267,0.6013984032898323,0.71140916905055
PRTN3,-0.03949383116883119,0.6991393951411515,0.7878120478016908
PRUNE2,-0.08619155844155844,0.1360355390521625,0.2518251302403236
PSAP,-0.06601969696969692,0.4547704141551917,0.5881831506971794
PSAPL1,0.018220400432900408,0.7759866120255959,0.8504720161045434
PSCA,0.07076233766233819,0.9154423172339606,0.9482061988925822
PSG1,-0.4576920454545454,0.017190833279909615,0.05608125633613371
PSIP1,0.21549718614718616,0.00814667698624129,0.03239935994609246
PSMA1,-0.07610016233766237,0.18373920080264938,0.3155521057262891
PSMC3,-0.14358771645021645,0.03861011284257504,0.1021333573202234
PSMD1,0.2950417748917747,0.12315070478654275,0.23405039667819538
PSMD5,-0.06607694805194808,0.412397091054609,0.550176493451676
PSMD9,0.28130064935064913,0.07942438149872902,0.17146046316158414
PSME1,0.2657890692640692,0.004146902225712535,0.018792860784120527
PSME2,0.15304312770562767,0.1475478625446385,0.2677109883413894
PSMG3,0.3776280844155837,0.025766936574731118,0.07623153401613265
PSMG4,0.45102115800865805,0.026336582608908192,0.07729099494562112
PSPN,0.24754145021645024,0.26948892043437034,0.41198541549668644
PSRC1,0.6152652597402597,4.829612585371122e-08,5.247939623434866e-07
PSTPIP2,2.0525226731601727,2.82001967958429e-12,1.0176441386944296e-10
PTEN,0.5472088744588746,0.00012551571203267027,0.0008819289093064789
PTGDS,-0.10420725108225112,0.12733531063635145,0.2399749277821117
PTGES2,0.32680860389610394,0.0012292163338923378,0.006641403593285218
PTGR1,-0.2085088744588745,0.45733912163135615,0.5899392111776055
PTH,-0.20112234848484845,0.42215143296961466,0.5591067687223307
PTH1R,-0.06959512987012986,0.2902752795613569,0.43267447330843767
PTK7,-0.039329383116883124,0.4075704450855334,0.5459800233661843
PTN,0.1322672619047619,0.5492826199977975,0.6670349390334699
PTP4A3,-0.054116720779220584,0.9627382556941022,0.977791494577436
PTPN1,0.46023760822510806,4.603922531866411e-08,5.021367746509523e-07
PTPN6,2.2166977272727273,1.2523759724869048e-13,2.217460459053443e-11
PTPN9,-0.008908170995670987,0.9356851983007191,0.9593152699519474
PTPRB,-0.0359294913419914,0.4370317717497634,0.5718216528190085
PTPRC,-0.13435995670995673,0.04191628258910783,0.10852421958585524
PTPRF,-0.07527478354978356,0.27880829795740836,0.4213839994464864
PTPRH,-0.028522348484848484,0.4994962818960309,0.6250118287594598
PTPRK,-0.10131309523809495,0.05543844930483066,0.1335915806414015
PTPRM,-0.031888149350649375,0.46768721201268604,0.5982712125658999
PTPRN2,-0.15236390692640697,0.09177985399200234,0.1905344554109537
PTPRR,-0.07349648268398272,0.4941162142860759,0.6214723297582615
PTPRS,-0.17638322510822507,0.006650199779492735,0.027572388589301083
PTPRZ1,-0.1842318181818182,0.08237878506582293,0.17692372428170494
PTRHD1,0.9818647186147189,3.364597054142463e-11,7.450543325195772e-10
PTS,-0.039851028138528255,0.6373382289671439,0.7392617632027625
PTTG1,-0.22215633116883127,0.004614383754624294,0.02056073737007136
PTX3,-0.06942581168831168,0.7054392605839808,0.7921624889308396
PVALB,1.4542213744588741,1.0287772169777908e-07,1.0856013737278275e-06
PVR,-0.15001661255411247,0.15728236118062883,0.28084077075808067
PXDNL,-0.2163677489177489,0.1038169889388071,0.20573359909703942
PXN,0.13324642857142832,0.19666494295357728,0.3294278671938719
PYDC1,-0.11640638528138525,0.69286017704125,0.7828489746778406
PYY,0.19351899350649404,0.5779614624377551,0.693506303245303
PZP,-0.11774458874458893,0.30404726757022715,0.4472723518408525
QDPR,0.3442145562770563,0.00011711713946625233,0.0008288944277478343
QPCT,-0.07789972943722942,0.07797981416037646,0.16921677564274715
QSOX1,-0.12404767316017315,0.026917078257816827,0.0784432898779647
RAB10,0.21553354978354974,0.0006588438593662824,0.0038983817832543392
RAB11FIP3,1.5251272186147187,5.038788172192022e-13,3.3473585971175635e-11
RAB27B,2.218412932900433,1.517249715397498e-13,2.217460459053443e-11
RAB2B,0.4086477813852812,1.4214999186455852e-05,0.00011541789617225127
RAB33A,0.08206720779220776,0.36566474093493195,0.5067985005940284
RAB37,0.5170485930735929,4.159928427703708e-05,0.00031747965520046833
RAB39B,-0.21105811688311693,0.29416716358058137,0.4355879529615194
RAB3GAP1,-0.12231709956709969,0.2532632288256408,0.39293440438288113
RAB44,0.02738030303030281,0.40516580507323485,0.5437555776992955
RAB6A,-0.005818993506493564,0.848433383152062,0.899191725508875
RAB6B,-0.12493095238095231,0.2902752795613569,0.43267447330843767
RABEP1,0.3022422077922078,0.03129829894901738,0.08779743553548733
RABEPK,-0.09568198051948054,0.4172574595163224,0.5543834337119138
RABGAP1L,0.34379816017316056,0.07655671242954576,0.16787342117896645
RAC3,-0.30422142857142864,0.010959456807464239,0.04065290894443905
RAD23B,0.7837602813852815,1.6391723159011266e-10,3.0911617286316087e-09
RAD51,-0.16434345238095233,0.05876576192664041,0.13976592523317324
RALB,0.08217007575757573,0.60732592687876,0.7163897030938723
RALY,-0.03653701298701292,0.69286017704125,0.7828489746778406
RANBP1,0.5651113636363636,0.0026762125083491955,0.013169308353374912
RANBP2,-0.14915633116883123,0.1170745439084686,0.22618205403488642
RANGAP1,0.155617261904762,0.43203969644351725,0.5670642266297266
RAP1A,-0.40662072510822506,0.005694936394293753,0.02423042078678405
RAPGEF2,0.20173165584415576,0.03265731947791567,0.09073892094481702
RARRES1,-0.1410131493506494,0.06591857655879427,0.15064894392600128
RARRES2,0.01342467532467534,0.6132778265119712,0.7207925560492529
RASA1,-0.15968073593073592,0.19962609596491399,0.33286199572472536
RASGRF1,-0.041940422077922146,0.7500833253020773,0.8276683880173544
RASSF2,0.030618939393939115,0.7565340556476334,0.8335277213185197
RBFOX3,-0.1449358766233766,0.31414747289810174,0.457300340379123
RBKS,0.10266022727272772,0.4370337230234913,0.5718216528190085
RBM17,0.4783323593073593,4.064433459279523e-06,3.483970381663943e-05
RBM19,0.02250854978354999,0.49949445626318534,0.6250118287594598
RBM25,-0.08292321428571428,0.4420608276938772,0.5765925030563156
RBP1,-0.1820660714285713,0.07515485848406672,0.1660450879432555
RBP2,-0.0452535173160169,0.9356851983007191,0.9593152699519474
RBP5,-0.018052435064935146,0.8021415247722942,0.869680889061356
RBP7,0.06417505411255386,0.46768721201268604,0.5982712125658999
RBPMS,-0.1461228354978355,0.4624970214120131,0.5934498654904804
RBPMS2,1.6418530844155845,2.6543361204400457e-12,9.698280600057818e-11
RCC1,-0.1618218073593074,0.19814338282391764,0.33076705196705386
RCOR1,-0.1513608225108225,0.3932939322736131,0.5327146265226002
RECK,-0.08896634199134185,0.026915778928127545,0.0784432898779647
REEP4,0.09310286796536799,0.09679372214868749,0.19634146415032167
REG1A,-0.4585405303030302,0.007553541888652616,0.030538040028397783
REG1B,-0.4964835497835496,0.00993839554373497,0.03822359233465436
REG3A,-0.5896197510822514,0.00040347414055083076,0.00254720283548613
REG3G,-0.3450119588744589,0.03941536306565961,0.10351402177980507
REG4,-0.10468165584415601,0.510349047054832,0.6337086935179583
RELB,-0.3954983225108226,0.0007457570927254247,0.004359695964072832
RELT,-0.14967175324675328,0.013285020480595256,0.046449898163612356
REN,0.09785649350649352,0.31414953249445055,0.457300340379123
REPS1,0.02567835497835505,0.8087163030849599,0.8745385697067473
REST,-0.27182786796536784,0.01603653560491927,0.05326681087861252
RET,0.11733685064935068,0.14993720333884344,0.27137241198726897
RETN,-0.11394437229437229,0.15480426857962448,0.2774327878959181
REXO2,-0.25908760822510823,0.026336582608908192,0.07729099494562112
RFC4,-0.14444853896103882,0.010695812378074475,0.040288478841638775
RGCC,1.4820911796536798,6.9343372933338825e-12,1.9489488373475904e-10
RGL2,0.08891444805194837,0.5324188901098932,0.6522466118152631
RGMA,-0.1359478354978355,0.07241402374998926,0.16170068099405546
RGMB,-0.23560952380952405,0.0006386385017363256,0.00380191515392114
RGS10,1.127809902597402,1.1806913007730469e-11,2.9751385104824275e-10
RGS8,-0.1744199134199127,0.3611805450974275,0.5029684294043737
RHOC,1.8361429112554115,2.6713274281679462e-11,6.100226619167896e-10
RICTOR,-0.2391825757575757,0.025766306162327602,0.07623153401613265
RIDA,-0.035033982683983056,0.5380108904868224,0.657718876157667
RILP,0.5511130411255403,8.249816852306129e-05,0.0005983676094116828
RILPL2,1.5938392857142858,1.2003428014780242e-12,5.569209537651214e-11
RIPK4,-0.32405530303030305,0.09342742580051744,0.19258699972842908
RLN1,-0.4637660714285712,0.005548579968276149,0.023676641236892237
RLN2,-0.3436583333333325,0.36566474093493195,0.5067985005940284
RNASE1,-0.14856028138528143,0.10563462048510175,0.2084875055219125
RNASE10,-0.01329301948051949,0.9762828489184295,0.9867478448784818
RNASE3,0.28682992424242415,0.22287979638857502,0.3597336525918304
RNASE4,-0.07269686147186155,0.1338186027803898,0.24914125855227987
RNASE6,-0.11303560606060614,0.04365863973475036,0.11204056535967981
RNASEH2A,0.16423787878787877,0.002602469733452512,0.012849694308921777
RNASET2,-0.13858425324675322,0.011504128734735776,0.04182408991496601
RNF149,-0.09577554112554107,0.15979040242195397,0.28410422523076123
RNF168,-0.0984140692640692,0.171450120698735,0.30099021189333475
RNF31,-0.13746001082251091,0.1038169889388071,0.20573359909703942
RNF4,-0.23036147186147182,0.05330864109064339,0.12995926431021737
RNF41,0.10521628787878787,0.06781358530185427,0.15413616628096427
RNF43,-0.06316185064935076,0.9424427302245387,0.9628661658323407
RNF5,0.2738080627705629,0.0024605288309563233,0.012315283857680366
ROBO1,-0.12960757575757575,0.020632222274323615,0.06463878425278449
ROBO2,-0.14748181818181816,0.020171006131519755,0.06367322135923167
ROBO4,-0.11910081168831171,0.005405430298727538,0.023201281590573556
ROR1,-0.11667299783549787,0.10025633385690731,0.20017026220200823
RP2,0.2517936147186147,0.0002471180225587615,0.0016417500241122682
RPA2,-0.0821557359307359,0.30605191565420764,0.4486407971199844
RPE,0.12795649350649363,0.04365863973475036,0.11204056535967981
RPGR,-0.22471845238095237,0.010959456807464239,0.04065290894443905
RPL14,0.21568354978354978,0.024121479247361213,0.07246360106889704
RPS10,-0.17400622294372298,0.03552747166298082,0.09651189560491909
RRAS,0.7603770021645022,4.159928427703708e-05,0.00031747965520046833
RRM2,-0.35532987012986983,0.06107481628675527,0.14281735040494853
RRM2B,0.2940975649350649,0.005265623464192284,0.02276836891395569
RRP15,-0.29039058441558446,0.11510435723491985,0.22340639853762997
RSPO1,-0.017804761904762212,0.9762828489184295,0.9867478448784818
RSPO3,-0.05457380952380969,0.4370337230234913,0.5718216528190085
RTBDN,-0.0687216991341991,0.2568092292616898,0.3965416677928787
RTKN2,0.07458722943722947,0.1951983876996347,0.32715876562272495
RTN4IP1,1.21540670995671,2.5436891937440588e-09,3.574617073708598e-08
RTN4R,-0.059294751082251074,0.56640564535146,0.6832867112514723
RUVBL1,-0.5921473484848485,0.004259559915115352,0.01915491327981873
RWDD1,1.0917067640692644,1.9589049373537733e-12,7.534051489322472e-11
RYR1,-0.17393387445887448,0.054364844116844196,0.13165570783225813
S100A11,-0.08992088744588789,0.03552747166298082,0.09651189560491909
S100A12,0.2813375541125551,0.17278601716839426,0.30242726238515955
S100A13,-0.06384669913419905,0.2133565915857203,0.34918326831190394
S100A14,-0.27851255411255416,0.05226963311979686,0.12806717318454838
S100A16,-0.3908478896103891,0.007553541888652616,0.030538040028397783
S100A3,-0.19312987012987012,0.006156011466674422,0.025779400454282713
S100A4,0.5364414502164498,7.962742577553632e-05,0.0005789825013479917
S100G,-0.3716577380952381,0.013604432957995736,0.04739661208131291
S100P,0.0960705086580087,0.4941162142860759,0.6214723297582615
SAA4,-0.04160979437229438,0.08312983144043273,0.17840565146871137
SAFB2,-0.07923414502164502,0.12839693020192947,0.24166402252430125
SAG,-0.1081568181818181,0.24283037070150637,0.38160923309704464
SAMD9L,0.7037733766233767,3.7423147536596297e-10,6.250734871398341e-09
SAP18,-0.33682510822510814,0.020632222274323615,0.06463878425278449
SARG,1.556641883116883,3.812246436562468e-12,1.2523066330500276e-10
SART1,0.05418533549783544,0.8351462519765688,0.8922267889354936
SAT1,-0.10952922077922078,0.07377403471094729,0.163736904677372
SAT2,-0.2836383658008659,0.03941536306565961,0.10351402177980507
SATB1,-0.05662429653679654,0.3724538351656246,0.51450026473966
SBSN,-0.18637261904761904,0.0347904705633877,0.09530697793512864
SCAMP3,0.6779566558441558,1.2203814620010572e-09,1.8482772090306167e-08
SCARA5,-0.08350140692640695,0.3701814890108188,0.5116058845484972
SCARB1,-0.3680372835497836,0.07377403471094729,0.163736904677372
SCARB2,-0.17390465367965371,0.024659545062765322,0.07340106946890329
SCARF1,0.017065530303030325,0.9966113466412806,0.9972937234619867
SCARF2,-0.16607862554112568,0.018000279361300168,0.0581379188652822
SCG2,-0.15390806277056285,0.11608538762689326,0.22516097414293895
SCG3,-0.23618203463203463,0.01603653560491927,0.05326681087861252
SCGB1A1,-0.2437938852813853,0.08855477636169766,0.18595230697215678
SCGB2A2,-0.11284009740259748,0.007553541888652616,0.030538040028397783
SCGB3A1,-0.05678333333333331,0.5436322184092088,0.6632040794699989
SCGB3A2,-0.15185660173160165,0.3747368378685546,0.5164336525647266
SCGN,-0.30417602813852807,0.010437822495165797,0.03977803800960838
SCIN,0.03752721861471857,0.4781637613617501,0.6082126520715385
SCLY,-0.08447559523809525,0.5324188901098932,0.6522466118152631
SCN2A,-0.11740795454545438,0.18095385629771277,0.3118679964376264
SCN2B,-0.2663637445887447,0.0007120243552242201,0.004170836052746283
SCN3A,-0.06298230519480516,0.08697683507511222,0.184093619786063
SCN3B,-0.014975162337662357,0.8219060114431775,0.8838967150288477
SCN4B,-0.10738609307359301,0.2293953153373186,0.366005735115165
SCP2,-0.1826103354978354,0.7500833253020773,0.8276683880173544
SCPEP1,0.4107963744588742,0.0010585543133985163,0.005838026902007289
SCRG1,0.06892364718614713,0.28834033871412557,0.43267447330843767
SCRIB,-0.9584454004329006,0.16232857110913013,0.28739334545850237
SCRN1,0.8614908008658011,3.54367420633417e-10,6.022185875066732e-09
SCT,-0.08029502164502164,0.5955002115928472,0.7075801294658098
SDC1,-0.16223079004329005,0.08542166818902228,0.18172309761027083
SDC4,1.0934369588744604,3.951137059070084e-10,6.489406983392431e-09
SDCCAG8,0.20674583333333318,0.04191715494780382,0.10852421958585524
SDHB,0.22108403679653676,0.018000279361300168,0.0581379188652822
SDK2,-0.13818095238095232,0.27133712314825253,0.41222370632138366
SEC31A,0.7751429653679653,4.388471356160572e-08,4.822369087991485e-07
SEL1L,-0.21794437229437225,0.0009669669263518644,0.005425037093524952
SELE,-0.14460616883116884,0.3307637157371567,0.47486362529455256
SELENOP,-0.08607819264069269,0.1951983876996347,0.32715876562272495
SELL,-0.20138295454545455,0.00599878531066667,0.025193174515917637
SELP,0.30907489177489184,0.00015959973825095734,0.0011054740163685978
SELPLG,0.01299150432900431,0.8219060114431775,0.8838967150288477
SEMA3F,-0.09068262987012983,0.14285662937606336,0.26179932769042835
SEMA3G,-0.19639989177489175,0.006999184592573354,0.02881495290717171
SEMA4C,-0.05082824675324682,0.48344975363490605,0.6125373341460036
SEMA4D,-0.13577635281385284,0.09342742580051744,0.19258699972842908
SEMA6C,-0.1602860930735931,0.03861011284257504,0.1021333573202234
SEMA7A,-0.1870883658008658,0.006156011466674422,0.025779400454282713
SEPTIN3,-0.3123513528138528,0.059911063969961785,0.14122583869693411
SEPTIN7,-0.19660811688311694,0.6252581203826834,0.7301755836510521
SEPTIN8,0.05660595238095234,0.4172574595163224,0.5543834337119138
SEPTIN9,0.0992700216450216,0.008781741799887367,0.03454782137425407
SERPINA1,-0.1353683441558442,8.530006003992537e-08,9.066620927152794e-07
SERPINA11,-0.19811439393939392,0.08089063243161297,0.1741114275387369
SERPINA12,-0.07690248917748832,0.37932461003532403,0.5203030666979127
SERPINA3,-0.16078149350649357,0.0010271692746994473,0.005697183662137542
SERPINA4,-0.14613993506493506,0.06845669882557134,0.1551154501295698
SERPINA5,-0.13187348484848485,0.35673099453946366,0.498672738899499
SERPINA6,-0.11978414502164506,0.0215811808036836,0.06682393166225335
SERPINA7,-0.17981812770562772,0.005405430298727538,0.023201281590573556
SERPINA9,-0.18583149350649353,0.22287979638857502,0.3597336525918304
SERPINB1,0.6324945346320346,2.0459882249334748e-10,3.785078216126928e-09
SERPINB5,-0.07943506493506503,0.31008327000867275,0.45318669911767523
SERPINB6,0.31574567099567097,4.592790472012819e-06,3.9139144459747725e-05
SERPINB8,0.030672673160173303,0.9289322965480106,0.9557441403765697
SERPINB9,0.38959150432900436,1.9222121224222175e-08,2.3121917834733093e-07
SERPINC1,-0.11798798701298704,0.013285020480595256,0.046449898163612356
SERPIND1,0.08497786796536795,0.5808660438129509,0.6967055585003101
SERPINE1,1.347391125541125,1.1714782891626718e-08,1.5018557189572323e-07
SERPINE2,0.641998971861472,2.018989615475478e-08,2.408778222871356e-07
SERPINF1,-0.026105573593073583,0.35673099453946366,0.498672738899499
SERPINF2,-0.08644015151515153,0.0370406894956771,0.09942358925677709
SERPING1,-0.12415963203463201,0.0347904705633877,0.09530697793512864
SERPINH1,1.8072449134199133,2.292261326443537e-09,3.284450910389441e-08
SERPINI1,-0.12224085497835496,0.412397091054609,0.550176493451676
SERPINI2,-0.20661953463203464,0.15235594365292643,0.27422193552801966
SESTD1,-0.1484416666666667,0.8417841854281243,0.8953912569164509
SETMAR,-0.0327694264069264,0.4887673037871233,0.6174013954061198
SEZ6,-0.12101985930735926,0.10202429828522597,0.20300682361314876
SEZ6L,-0.21607348484848482,0.0009099546612550144,0.005195441951191214
SEZ6L2,-0.08838933982683977,0.16749599485081068,0.29457929780320075
SF3B4,1.210947997835498,1.1090641579630524e-10,2.1611963558173346e-09
SFRP1,-0.3702569264069264,0.001601799048249817,0.008406237315522336
SFRP4,0.04604540043290048,0.7117593852512301,0.7983394793128724
SFTPA1,-0.31998863636363617,0.05543844930483066,0.1335915806414015
SFTPA2,-0.0078119588744588655,0.9087062036483103,0.9439048447988668
SFTPD,0.14126477272727272,0.4270788882352503,0.5628275880575458
SGSH,0.017825703463203432,0.7694861237542385,0.8442972746747895
SH2B3,0.2693397727272724,0.012666022106130628,0.044821770721815764
SH2D1A,0.2940563311688313,0.004493240649374663,0.020051515142171208
SH3BGRL2,-0.11763863636363625,0.9255574172719444,0.9542872418645126
SH3BP1,0.37291109307359316,0.00026405887713887153,0.0017383876078309042
SH3GL3,-0.17108739177489152,0.48344975363490605,0.6125373341460036
SH3GLB2,0.47251726190476084,0.04685234850569221,0.11826374324882412
SHBG,-0.472501785714286,0.0005546773680663811,0.003377754055954233
SHC1,-0.4575195346320348,0.01178536956179584,0.0424767388768548
SHD,-0.26371293290043296,0.02206974982059847,0.06783373157267017
SHH,-0.04590795454545457,0.3392801819297282,0.48211763334010477
SHISA5,-0.1219300865800865,0.18373920080264938,0.3155521057262891
SHMT1,0.8288379329004328,4.783089715625164e-06,4.064235825224521e-05
SHPK,-0.2392617424242424,0.001960797978742443,0.010108311273129032
SIAE,0.2516612554112555,4.009926708131179e-05,0.00030844778336493254
SIGLEC1,-0.2650160173160173,0.010959456807464239,0.04065290894443905
SIGLEC10,-0.18793571428571426,0.010437822495165797,0.03977803800960838
SIGLEC15,-0.19942619047619048,0.004995766587374946,0.021958835691574387
SIGLEC5,0.26365097402597404,0.3956500751794134,0.535162040605935
SIGLEC6,-0.1496122835497836,0.020171537112093237,0.06367322135923167
SIGLEC7,-0.009234740259740228,0.35673099453946366,0.498672738899499
SIGLEC8,-0.11957088744588734,0.20717312334809712,0.34212827093021914
SIGLEC9,-0.05135974025974023,0.3307637157371567,0.47486362529455256
SIL1,-0.17584047619047605,0.18373920080264938,0.3155521057262891
SIRPA,-0.18914220779220778,0.15979040242195397,0.28410422523076123
SIRPB1,-0.2563992965367966,0.02750858748709986,0.07953274107299001
SIRT1,0.12178695887445883,0.989834284409546,0.9949400320939144
SIRT2,1.3130518398268405,4.847681543875357e-12,1.4608013559533678e-10
SIRT5,-0.1522541666666667,0.03063576206068976,0.08652413576605571
SIT1,-0.05389599567099568,0.5721680575340528,0.6882518568850509
SKAP1,0.18055562770562777,0.1648970438222377,0.2907081176673105
SKAP2,2.1186964826839834,1.3351795017351673e-13,2.217460459053443e-11
SKIV2L,-0.02074523809523815,0.2293953153373186,0.366005735115165
SLA2,1.7465084415584409,3.997285044511306e-11,8.71945088440787e-10
SLAMF1,-0.08328923160173143,0.5955002115928472,0.7075801294658098
SLAMF6,-0.198191341991342,0.03063718115561671,0.08652413576605571
SLAMF7,-0.4683402056277056,0.00014403490372769104,0.0010024143418953355
SLAMF8,-0.08302056277056279,0.8153046147914853,0.8787372378449527
SLC12A2,-0.14190427489177487,0.03031043942986753,0.08635225580263428
SLC13A1,0.27489707792207796,0.02998809208778528,0.08551726163180133
SLC16A1,-0.10499545454545467,0.5492826199977975,0.6670349390334699
SLC1A4,-0.18082521645021654,0.07515485848406672,0.1660450879432555
SLC27A4,0.21796639610389607,0.012366205194889214,0.04397374426357807
SLC28A1,-0.07067288961038959,0.3932939322736131,0.5327146265226002
SLC34A3,-0.20017548701298712,0.044552052363545,0.11343697653191814
SLC39A14,-0.13866450216450213,0.10025633385690731,0.20017026220200823
SLC39A5,0.17172732683982678,0.4420608276938772,0.5765925030563156
SLC44A4,-0.2577757575757576,0.006481642845627389,0.02698837897118071
SLC4A1,0.27660303030303,0.1093455616837158,0.2139337863463864
SLC51B,-0.13356726190476198,0.352316140130296,0.49534395266996406
SLC9A3R1,0.912519696969697,1.9988432074970907e-11,4.789031717634423e-10
SLC9A3R2,0.016539935064935077,0.6252581203826834,0.7301755836510521
SLIRP,-0.2214249999999999,0.002076141195144022,0.010627952212619925
SLIT2,-0.06224945887445888,0.6556396536746179,0.7518378610007486
SLITRK1,-0.16299242424242436,0.10025633385690731,0.20017026220200823
SLITRK2,-0.009798214285714299,0.8717870580547076,0.9156426772166404
SLITRK6,-0.2461027597402597,0.0012292163338923378,0.006641403593285218
SLK,-0.01062012987012978,0.41969827442091456,0.5573730377702558
SLMAP,0.09505919913419918,0.4941162142860759,0.6214723297582615
SLURP1,-0.09312651515151515,0.31008327000867275,0.45318669911767523
SMAD2,0.060129220779220775,0.42214945788101177,0.5591067687223307
SMAD3,0.44559891774891774,1.2075818253737174e-06,1.1277193851652958e-05
SMAD5,-0.004757792207792204,0.8717870580547076,0.9156426772166404
SMARCA2,-0.23326217532467375,0.5549601517253584,0.6716991495660412
SMC3,-0.25201650432900424,0.10202429828522597,0.20300682361314876
SMNDC1,0.11372721861471735,0.2293953153373186,0.366005735115165
SMOC1,-0.004450162337662378,0.888539123512752,0.9292307184356974
SMOC2,0.14719702380952362,0.06717777205291098,0.1529288377808869
SMPD1,-0.2426442640692639,0.01884291680539264,0.060392374805002945
SMPD3,0.0628371212121212,0.989834284409546,0.9949400320939144
SMPDL3A,-0.2949785173160175,0.009002956432049061,0.035228435944952355
SMPDL3B,-0.16385692640692623,0.12733531063635145,0.2399749277821117
SMS,-0.2471777056277056,0.06107481628675527,0.14281735040494853
SMTN,0.23753414502164502,0.014263673280005065,0.04922398700998207
SNAP23,1.8457709415584411,5.77658873748661e-14,2.217460459053443e-11
SNAP25,-0.11244523809523806,0.2164978042940242,0.352351381932869
SNAP29,1.835126515151516,1.1016215229216854e-13,2.217460459053443e-11
SNAPIN,-0.0421375541125541,0.4624970214120131,0.5934498654904804
SNCA,1.0999612012987026,4.476050048555861e-05,0.00033633661418840056
SNCG,0.061486255411255325,0.32865434078811817,0.47322987099688146
SNED1,-0.08615514069264107,0.1210990688896973,0.23090187760246916
SNRPB2,0.02226585497835496,0.5380108904868224,0.657718876157667
SNU13,-0.2272288961038962,0.02206974982059847,0.06783373157267017
SNX15,0.4480705086580081,0.00017083395124762343,0.0011749356223454196
SNX18,0.022450541125541124,0.9019766479785182,0.938582321837383
SNX2,0.2859879329004329,0.016413495525295262,0.0540277561040969
SNX5,0.06403241341991339,0.4941162142860759,0.6214723297582615
SNX9,0.5424879870129871,3.131534786056228e-08,3.5755766326727947e-07
SOD1,0.46285492424242447,9.498882620537832e-05,0.0006805204387213745
SOD2,-0.08882662337662336,0.2980938811170427,0.43984271302630784
SOD3,-0.001744913419913452,0.33500451362962924,0.47766741138507623
SORBS1,-0.010163041125541172,0.9627382556941022,0.977791494577436
SORCS2,-0.15417256493506493,0.22287979638857502,0.3597336525918304
SORD,0.3043444805194806,0.22612080897100362,0.36296052972116616
SORT1,0.13989356060606067,0.07655671242954576,0.16787342117896645
SOST,-0.07018787878787885,0.5268564656123884,0.6484216627305311
SOWAHA,-0.3375600108225113,0.0013836694517350557,0.007380412057338627
SOX2,-0.18243100649350652,0.0023257049923550537,0.011761307426736716
SOX9,-0.22021304112554113,0.001851364590635197,0.009594926770260073
SPACA5_SPACA5B,-0.017703517316017325,0.8351462519765688,0.8922267889354936
SPAG1,0.2103349567099566,0.13827736922991657,0.2553345292729446
SPARC,0.8317097943722942,1.6993209930380055e-08,2.104709857055123e-07
SPARCL1,-0.17919983766233766,0.03063718115561671,0.08652413576605571
SPART,0.5817739177489176,1.4300482880539071e-09,2.1326689520314135e-08
SPESP1,-0.1635513528138528,0.06717777205291098,0.1529288377808869
SPINK1,-0.27611439393939385,0.008146948190344836,0.03239935994609246
SPINK2,-0.17934967532467536,0.10025633385690731,0.20017026220200823
SPINK4,-0.3258915043290044,0.04365774437049427,0.11204056535967981
SPINK5,-0.19434675324675313,0.016413495525295262,0.0540277561040969
SPINK6,-0.14139036796536797,0.2327034229368925,0.37027332893006903
SPINK8,-0.0864243506493507,0.33500451362962924,0.47766741138507623
SPINT1,-0.14086991341991342,0.009002956432049061,0.035228435944952355
SPINT2,0.2871433441558443,0.07797981416037646,0.16921677564274715
SPINT3,0.4741599567099568,0.5158213097199362,0.6388752916573617
SPOCK1,-0.09335730519480523,0.1360355390521625,0.2518251302403236
SPON1,-0.1392128246753247,0.1338186027803898,0.24914125855227987
SPON2,-0.06257656926406927,0.58378066754384,0.6979103849614087
SPP1,-0.08260367965367987,0.6866019901563465,0.7781844192427301
SPRED2,0.004263474025974025,0.47290951878759135,0.603630796251585
SPRING1,-0.2997139610389611,0.005548579968276149,0.023676641236892237
SPRR1B,-0.2667746212121211,0.011228860279959754,0.04138960731188192
SPRR3,-0.3362110930735929,0.0008304645460793055,0.004787865617731381
SPRY2,1.3305718073593071,2.292261326443537e-09,3.284450910389441e-08
SPTBN2,-0.07596996753246749,0.4624970214120131,0.5934498654904804
SPTLC1,-0.15882727272727273,0.12315070478654275,0.23405039667819538
SRC,1.949926623376623,3.6832240498853277e-13,2.990573304948559e-11
SRP14,0.3314939393939394,0.0013043345027746664,0.007008400278695496
SRPK2,0.20329767316017316,0.0014674337136421206,0.007784589373821993
SRPX,-0.043288798701298724,0.9221845086619007,0.9514808749801397
SSB,0.09351650432900427,0.730837371204852,0.8125666169767146
SSBP1,-0.014371699134199119,0.8918951999501619,0.9324068917933916
SSC4D,0.6225589826839826,0.05124761400863193,0.12641078122129212
SSC5D,0.13210129870129883,0.21967216643148701,0.3563272710761579
SSH3,-0.09985064935064937,0.04106869279552443,0.10689562692904533
SSNA1,0.35869155844155864,0.0005207530507874613,0.003211310479856011
ST13,0.4625811147186143,0.0004887706143842616,0.003039737246479142
ST3GAL1,-0.1481204004329003,0.3392801819297282,0.48211763334010477
ST6GAL1,-0.018883116883116877,0.7436479191209786,0.823367053682288
ST8SIA1,-0.25044729437229424,0.05330864109064339,0.12995926431021737
STAB2,-0.06004908008658008,0.3839467695675344,0.5241832823194316
STAM,0.034973701298701476,0.868443936316295,0.9127873519786157
STAMBP,0.39639393939393963,0.00010550683461686343,0.0007503563931510749
STAT2,0.06653555194805172,0.412397091054609,0.550176493451676
STAT5B,1.6363083333333335,4.73334435204177e-13,3.2941822716709747e-11
STAU1,0.0135318181818182,0.24283037070150637,0.38160923309704464
STC1,-0.050015367965367964,0.9221845086619007,0.9514808749801397
STC2,-0.07210649350649351,0.8219052661780006,0.8838967150288477
STEAP4,0.06867359307359311,0.9762828489184295,0.9867478448784818
STIP1,0.6636451839826842,3.235033276236715e-07,3.2606904367034198e-06
STK11,0.6172099567099565,1.9222121224222175e-08,2.3121917834733093e-07
STK24,0.2826154220779221,0.005265623464192284,0.02276836891395569
STK4,1.026486904761905,1.276443243515216e-12,5.6530963648408734e-11
STOML2,-0.3239702922077926,0.45733912163135615,0.5899392111776055
STX16,-0.1858237554112563,0.2133565915857203,0.34918326831190394
STX1B,-0.09749226190476191,0.4172574595163224,0.5543834337119138
STX3,0.03649816017316015,0.31008327000867275,0.45318669911767523
STX4,0.27311801948051945,5.281348641606732e-07,5.129267913045492e-06
STX5,-0.013711471861471869,0.6495154691014562,0.7483380828472828
STX6,0.45401147186147206,0.03335557518616259,0.09224063033978548
STX7,0.3553461038961032,0.011504128734735776,0.04182408991496601
STX8,0.1251881493506493,0.014603741165550745,0.05010180214425449
STXBP1,1.5220303571428577,4.745925125720962e-11,1.0200249369472331e-09
STXBP3,0.7258286255411258,7.971416444931327e-10,1.2199188622269248e-08
SUGP1,0.0931369047619047,0.1951983876996347,0.32715876562272495
SUGT1,0.9874854437229432,7.161258857238568e-10,1.107532256069224e-08
SULT1A1,1.230341396103896,3.1296589368734864e-09,4.356187177372001e-08
SULT2A1,-0.21963149350649314,0.4994962818960309,0.6250118287594598
SUMF1,-0.3578017857142858,0.021102054488974606,0.06568829102371967
SUMF2,0.11589788961038947,0.18940492958756383,0.32187826115374946
SUOX,-0.18234372294372297,0.6192553319982443,0.7254843027779031
SUSD1,0.8590995670995671,2.414293881851969e-10,4.303037205276406e-09
SUSD2,-0.16784621212121226,0.01178536956179584,0.0424767388768548
SUSD4,-0.17008392857142868,0.05024237850163885,0.12456189343536078
SUSD5,-0.2548030303030303,0.0037228033572041575,0.017163650178403395
SV2A,0.0920136363636363,0.3435906963497789,0.4872952961816612
SWAP70,0.20003641774891778,0.012666022106130628,0.044821770721815764
SYAP1,0.47699356060606063,8.551439982059253e-07,8.011493290884357e-06
SYNGAP1,-0.3051089285714286,0.021102054488974606,0.06568829102371967
SYT1,0.018113798701298693,0.8952541288849709,0.9339142822022735
SYTL4,0.5785631493506493,6.602046721584584e-06,5.5136521620547823e-05
TAB2,0.5046799783549784,3.094939595124614e-05,0.000243185710659926
TACC3,1.5484551948051948,1.1806913007730469e-11,2.9751385104824275e-10
TACSTD2,-0.24479226190476194,0.0006386385017363256,0.00380191515392114
TADA3,0.11177445887445897,0.08388905758217229,0.17950784429918712
TAFA5,-0.0683049783549784,0.43203969644351725,0.5670642266297266
TAGLN3,-0.23311266233766223,0.07241402374998926,0.16170068099405546
TALDO1,0.25237532467532464,0.0005546773680663811,0.003377754055954233
TANK,-0.14129042207792214,0.5779614624377551,0.693506303245303
TAP1,-0.08445054112554096,0.2532612087622603,0.39293440438288113
TARBP2,0.41246899350649346,5.771445099636429e-05,0.00042493536590018345
TARM1,-0.4263449134199132,0.010695812378074475,0.040288478841638775
TARS1,0.4053410714285715,4.046811287701045e-07,4.023411358486447e-06
TAX1BP1,-0.07033852813852812,0.24627388139920292,0.3851570654520439
TBC1D17,0.06624621212121207,0.6679573903796867,0.7638652003442191
TBC1D23,0.8583571969696968,3.653429964941182e-09,5.01360365611412e-08
TBC1D5,0.07853787878787843,0.510349047054832,0.6337086935179583
TBCA,1.2391485930735933,4.745925125720962e-11,1.0200249369472331e-09
TBCB,1.577426515151515,6.881042191201164e-13,3.9437816323296086e-11
TBCC,1.0396896645021645,6.9343372933338825e-12,1.9489488373475904e-10
TBL1X,0.45989648268398264,0.0001828088792654694,0.0012484821357312314
TBR1,-0.1679962121212121,0.08855477636169766,0.18595230697215678
TCL1A,0.39792905844155846,0.1093455616837158,0.2139337863463864
TCL1B,-0.01857061688311687,0.7565340556476334,0.8335277213185197
TCN1,-0.1741161255411255,0.03063718115561671,0.08652413576605571
TCN2,-0.1283703463203463,0.08542166818902228,0.18172309761027083
TCOF1,-0.07903511904761902,0.32655780733082984,0.47090699103503486
TCP11,-0.21337305194805234,0.01178536956179584,0.0424767388768548
TCTN3,-0.07794247835497842,0.3182507094774285,0.4614319562512518
TDGF1,-0.18893836580086582,0.38860323823892773,0.5285655027326133
TDO2,-0.22024101731601736,0.17547742499641084,0.30603849240125824
TDP1,-0.24167191558441561,0.06591857655879427,0.15064894392600128
TDRKH,0.42550860389610395,3.4597075909844295e-05,0.0002682420500914453
TEF,-0.1998167207792203,0.020632222274323615,0.06463878425278449
TEK,-0.12748528138528142,0.010185384096149979,0.039019498968606015
TERF1,-0.14207586580086584,0.054364844116844196,0.13165570783225813
TET2,-0.6654121212121211,0.0058451863821378965,0.024689999703741434
TEX101,-0.13386217532467537,0.69286017704125,0.7828489746778406
TEX33,-0.21100232683982684,0.023332884987360483,0.07096984684501008
TF,-0.015280086580086533,0.8751335543272245,0.9181677599779172
TFAP2A,-0.14708230519480514,0.2011207452948004,0.334590744733467
TFF1,0.01920000000000005,0.8153046147914853,0.8787372378449527
TFF2,-0.04217261904761915,0.5896270163130954,0.7028873444874298
TFF3,-0.19647104978354982,0.011228860279959754,0.04138960731188192
TFPI,0.03036374458874458,0.5464503861672722,0.6660881858581426
TFPI2,-0.21287683982683991,0.020171537112093237,0.06367322135923167
TFRC,-0.046014231601731556,0.3611805450974275,0.5029684294043737
TG,0.10550687229437226,0.7054392605839808,0.7921624889308396
TGFA,0.028264123376623318,0.7117593852512301,0.7983394793128724
TGFB1,0.08614458874458872,0.06845552219473318,0.1551154501295698
TGFB2,0.03514339826839826,0.7759866120255959,0.8504720161045434
TGFBI,-0.035154761904762036,0.2980938811170427,0.43984271302630784
TGFBR1,-0.22943793290043288,0.0010271692746994473,0.005697183662137542
TGFBR2,-0.14168603896103898,0.03552747166298082,0.09651189560491909
TGFBR3,-0.10427981601731601,0.48344975363490605,0.6125373341460036
TGM2,0.30923533549783633,0.09679372214868749,0.19634146415032167
TGOLN2,-0.1829312770562771,0.0038768379625558585,0.017761751355095258
THAP12,-0.4874069805194805,0.013604432957995736,0.04739661208131291
THBD,-0.11767846320346328,0.02206974982059847,0.06783373157267017
THBS2,-0.1979125541125541,0.11707610255038767,0.22618205403488642
THBS4,0.07128219696969709,0.8417835209466066,0.8953912569164509
THOP1,-0.07035871212121225,0.26400222884123703,0.4055094358659211
THPO,0.10346866883116884,0.08855477636169766,0.18595230697215678
THRAP3,-0.2636706168831169,0.10025633385690731,0.20017026220200823
THSD1,-0.16216266233766233,0.27880829795740836,0.4213839994464864
THTPA,0.5319798160173161,1.3728440589942409e-06,1.2698807545696728e-05
THY1,-0.08873820346320346,0.1475478625446385,0.2677109883413894
TIA1,1.508656060606061,2.2848539867124473e-10,4.122610001950916e-09
TIE1,-0.2025910173160173,0.004995766587374946,0.021958835691574387
TIGAR,-0.1685236471861471,0.05226963311979686,0.12806717318454838
TIGIT,-0.08258809523809504,0.48344975363490605,0.6125373341460036
TIMD4,-0.34664069264069275,0.007944665158406822,0.03172439379511358
TIMM10,-0.002943019480519532,0.8351448688503063,0.8922267889354936
TIMM8A,0.30845941558441564,0.00017973186132420389,0.0012332305883818028
TIMP1,-0.048148214285714225,0.9424427302245387,0.9628661658323407
TIMP2,-0.1478784090909091,0.009816600952200898,0.03795492669746458
TIMP3,0.6212129870129869,4.159928427703708e-05,0.00031747965520046833
TIMP4,-0.00557873376623378,0.9966113466412806,0.9972937234619867
TINAGL1,-0.14862689393939396,0.006316938895598476,0.026415468371722952
TJAP1,0.21110189393939405,0.00023905699475236053,0.0016063530934739077
TJP3,-0.21264686147186146,0.008146948190344836,0.03239935994609246
TK1,-0.1511170995670999,0.09015571005400386,0.18796372360046595
TLR1,-0.23188906926406924,0.0031602300359701847,0.014995701940163716
TLR2,-0.2211752705627706,0.004036954677148114,0.01835150625397191
TLR3,-0.30486509740259726,0.07797981416037646,0.16921677564274715
TLR4,0.07790936147186145,0.9221845086619007,0.9514808749801397
TMCO5A,0.4343609307359309,8.546653605963151e-05,0.0006138051226100809
TMED1,-0.18543398268398256,0.4994962818960309,0.6250118287594598
TMED10,-0.3500342532467533,0.015667207860042776,0.05257778251998282
TMED4,-0.031413474025974025,0.5955002115928472,0.7075801294658098
TMED8,1.3241592532467528,1.0612568979124063e-12,5.0853342829474805e-11
TMEM106A,1.0631287337662336,8.372306912011821e-11,1.699462021097955e-09
TMEM132A,-0.06739837662337664,0.5213238597585075,0.6432375019308221
TMEM25,-0.3638191558441558,0.0037228033572041575,0.017163650178403395
TMOD4,-0.08258582251082248,0.352316140130296,0.49534395266996406
TMPRSS11B,-0.34089458874458867,0.022317051881682374,0.06852178849806469
TMPRSS11D,-0.2801840367965369,0.0009966473438463566,0.005559542339814695
TMPRSS15,-0.09161980519480512,0.9356851983007191,0.9593152699519474
TMPRSS5,-0.21847380952380951,0.03941536306565961,0.10351402177980507
TMSB10,0.6272154761904762,3.901642652563184e-06,3.3542651392477025e-05
TNC,-0.09758901515151513,0.3435906963497789,0.4872952961816612
TNF,-0.7731010281385282,0.504907297688539,0.629895019694238
TNFAIP2,-0.03746996753246734,0.5213238597585075,0.6432375019308221
TNFAIP8,0.6550893398268399,0.002602469733452512,0.012849694308921777
TNFAIP8L2,1.0082253246753248,6.533862770815658e-12,1.8909387009004126e-10
TNFRSF10A,-0.09036774891774892,0.11907427044042534,0.22838195045758747
TNFRSF10B,-0.0626754329004327,0.4781637613617501,0.6082126520715385
TNFRSF10C,-0.19355649350649345,0.03406656554113726,0.0935870028916769
TNFRSF11A,-0.1530251623376624,0.06107481628675527,0.14281735040494853
TNFRSF11B,-0.19965535714285715,0.014263260049710532,0.04922398700998207
TNFRSF12A,-0.06213544372294379,0.5324171454282487,0.6522466118152631
TNFRSF13B,-0.4133073593073593,6.582024034170415e-07,6.246511770090949e-06
TNFRSF13C,-0.14939458874458875,0.20717312334809712,0.34212827093021914
TNFRSF14,-0.055865476190476174,0.5492826199977975,0.6670349390334699
TNFRSF17,-0.41673831168831155,0.000537465875364035,0.003300446961531669
TNFRSF19,-0.09605616883116883,0.2902752795613569,0.43267447330843767
TNFRSF1A,-0.12360081168831168,0.12522938386332919,0.23692264662298462
TNFRSF1B,-0.24309426406926404,0.00473847714609868,0.020985710148555214
TNFRSF21,-0.16041266233766233,0.013930610803210083,0.048302699143277665
TNFRSF4,-0.21934550865800864,0.0034310347546838713,0.016097776224624327
TNFRSF6B,-0.10082597402597401,0.31414953249445055,0.457300340379123
TNFRSF8,-0.4581198593073593,0.0009381069033538992,0.005303842318188486
TNFRSF9,-0.2754175324675324,0.003248253389528666,0.015338682807095785
TNFSF10,-0.11497770562770564,0.07241037900717083,0.16170068099405546
TNFSF11,0.09317792207792208,0.6495154691014562,0.7483380828472828
TNFSF12,-0.021947510822510785,0.730837371204852,0.8125666169767146
TNFSF13,0.1006426948051948,0.37932461003532403,0.5203030666979127
TNFSF13B,0.028829220779220732,0.9356849251659921,0.9593152699519474
TNFSF14,0.1890392857142856,0.047800431710025876,0.12003493289381927
TNFSF8,-0.16435162337662337,0.05124761400863193,0.12641078122129212
TNFSF9,-0.12595963203463206,0.22287979638857502,0.3597336525918304
TNIP1,0.299608225108225,0.002260861517117636,0.011473087178011892
TNN,-0.11117911255411256,0.38860323823892773,0.5285655027326133
TNNI3,0.6148902597402598,0.06910244576016825,0.156457357828793
TNPO1,-0.14950611471861477,0.09177985399200234,0.1905344554109537
TNR,-0.19319448051948068,0.12946868834529043,0.2430552190322954
TNXB,-0.17936423160173165,0.008353828927302399,0.03304227598715143
TOM1L2,0.8373107142857144,6.028702129193793e-07,5.796676422247848e-06
TOMM20,0.30108603896103914,4.6425286715004085e-05,0.00034706167025052925
TOP1,-0.08209702380952366,0.5955002115928472,0.7075801294658098
TOP1MT,-0.3034625541125541,0.026336582608908192,0.07729099494562112
TOP2B,0.47314810606060587,0.0009381069033538992,0.005303842318188486
TOR1AIP1,0.16518901515151518,0.23604523544834932,0.37416498005180315
TP53,0.09014015151515159,0.2864181983517873,0.43065863877689003
TP53BP1,-0.028978571428571076,0.7890343476731525,0.8596151316618057
TP53I3,0.43904117965367995,2.472115050504557e-05,0.00019689352295980435
TP53INP1,-0.07853652597402605,0.13828072522718826,0.2553345292729446
TP73,-0.054647673160173216,0.35673099453946366,0.498672738899499
TPBGL,-0.1543014610389617,0.05330864109064339,0.12995926431021737
TPD52L2,2.379995995670996,1.9988432074970907e-11,4.789031717634423e-10
TPK1,-0.08229199134199142,0.2902752795613569,0.43267447330843767
TPM3,0.10542191558441547,0.7372345691475306,0.8171925087668684
TPMT,0.42245178571428565,0.005694936394293753,0.02423042078678405
TPP1,0.015310768398268282,0.8285200418107319,0.8880689703750528
TPPP2,-0.4423304112554113,7.416685877035717e-05,0.0005406227635554963
TPPP3,-0.020400757575757558,0.782502831063937,0.855688655143991
TPR,0.043065800865800835,0.36566474093493195,0.5067985005940284
TPRKB,0.12303928571428563,0.5896254326356974,0.7028873444874298
TPSAB1,-0.049301244588744575,0.9019762328894967,0.938582321837383
TPSD1,-0.03574134199134202,0.7500833253020773,0.8276683880173544
TPSG1,-0.08134323593073597,0.412397091054609,0.550176493451676
TPT1,-0.17527012987012985,0.730837371204852,0.8125666169767146
TRAF2,0.10136066017316059,0.5268564656123884,0.6484216627305311
TRAF3,-0.044627110389610425,0.5492826199977975,0.6670349390334699
TRAF3IP2,-0.03434891774891774,0.3747368378685546,0.5164336525647266
TRDMT1,0.418723051948052,0.001424984278079686,0.007573143717867132
TREH,0.1909755411255411,0.69286017704125,0.7828489746778406
TREM2,0.09480936147186142,0.8417841854281243,0.8953912569164509
TREML1,0.7039564935064937,2.4144143430380806e-09,3.426422939204889e-08
TREML2,-0.23700454545454536,0.0024605288309563233,0.012315283857680366
TRIAP1,0.5386162337662337,3.799148893108371e-08,4.254755637760831e-07
TRIM21,0.13263387445887442,0.15480426857962448,0.2774327878959181
TRIM24,-0.15868690476190467,0.14285662937606336,0.26179932769042835
TRIM25,0.15120416666666625,0.2568092292616898,0.3965416677928787
TRIM26,-0.19732413419913442,0.08935099281636542,0.1874895563547998
TRIM40,0.01768636363636364,0.7955807254302163,0.8641703680537057
TRIM5,0.07926910173160168,0.5779614624377551,0.693506303245303
TRIM58,0.3483647186147186,0.03665712905388361,0.09875464352488644
TRPV3,-0.21268116883116878,0.044552052363545,0.11343697653191814
TSC1,0.06508782467532467,0.7436500245368596,0.823367053682288
TSC22D1,0.4675772727272727,0.04106869279552443,0.10689562692904533
TSHB,-0.17104237012986934,0.23942085271845726,0.37787643223328865
TSLP,-0.4015209956709956,0.0008562449667692546,0.004926779602099471
TSNAX,0.3165990800865801,0.007944665158406822,0.03172439379511358
TSPAN1,-0.037654437229437204,0.22612080897100362,0.36296052972116616
TSPAN15,-0.2929477272727273,0.10202429828522597,0.20300682361314876
TSPAN7,-0.25027299783549756,0.04321674809418339,0.1111994319360018
TSPAN8,-0.14154042207792195,0.5954986457539224,0.7075801294658098
TSPYL1,0.007217045454545434,0.38860323823892773,0.5285655027326133
TST,0.08094334415584406,0.14518773421096182,0.2645783959467839
TTF2,0.19504669913419903,0.04106869279552443,0.10689562692904533
TTN,0.21323652597402598,0.12315070478654275,0.23405039667819538
TTR,0.001266937229437215,0.8219060114431775,0.8838967150288477
TUBB3,-0.13888706709956708,0.04732439355599365,0.1189440725674632
TWF2,1.2912219155844156,8.815892935394194e-13,4.772010194473561e-11
TXK,-0.3855709956709959,0.14055435723976775,0.2580655692285434
TXLNA,0.3796556277056276,6.34289900024845e-06,5.312405093904361e-05
TXN,0.2973801948051945,0.001158111339837588,0.006339249899522978
TXNDC15,-0.14864577922077923,0.05543844930483066,0.1335915806414015
TXNDC5,0.18529258658008663,0.03163269803249056,0.08865040877178323
TXNDC9,0.3780929112554112,4.231250966475237e-07,4.178360329394297e-06
TXNL1,-0.3651819264069266,0.03129829894901738,0.08779743553548733
TXNRD1,0.16309329004328998,0.0027518602751821658,0.013496120107982333
TYMP,0.7080015151515155,3.4499189403274395e-06,2.992318416194987e-05
TYRO3,-0.18706174242424242,0.0027518602751821658,0.013496120107982333
TYRP1,0.06089669913419882,0.8617637234313373,0.9073974652701006
UBAC1,0.15600941558441472,0.1865561740282996,0.31889105069281853
UBE2B,0.0804668831168831,0.20564585060972063,0.3409545214589979
UBE2L6,0.29479567099567117,0.0007120243552242201,0.004170836052746283
UBE2Z,0.23490898268398258,0.09015571005400386,0.18796372360046595
UBQLN3,-0.29395205627705645,0.0029090460743657173,0.014078049131408928
UBXN1,0.7017791666666666,1.5020348602806948e-08,1.884312401974451e-07
UFD1,2.518304383116883,2.118506666667445e-11,4.993866924733017e-10
UGDH,-0.41153804112554115,0.007746891922151553,0.03114740727434524
UHRF2,0.03384853896103896,0.9289322965480106,0.9557441403765697
ULBP2,-0.1114683982683983,0.16749599485081068,0.29457929780320075
UMOD,-0.1972117965367965,0.02206974982059847,0.06783373157267017
UNC5D,-0.12763863636363637,0.019277027534274255,0.061513920832624074
UNC79,-0.2695301406926407,0.03860928562566394,0.1021333573202234
UNG,-0.05254913419913422,0.9559697449079332,0.974302498035526
UPB1,-0.04468198051948058,0.7565340556476334,0.8335277213185197
UPK3A,0.02951758658008663,0.8952541288849709,0.9339142822022735
UPK3BL1,-0.2675159632034632,0.22612080897100362,0.36296052972116616
UROD,0.7659280844155838,6.299510395351548e-07,6.017473492030254e-06
UROS,0.4539794372294374,0.016413495525295262,0.0540277561040969
USO1,1.3800987554112556,5.229258062074915e-09,6.947782416111353e-08
USP25,0.46445075757575793,1.6905582033699104e-05,0.00013688370161912047
USP28,-0.1837612554112554,0.09679372214868749,0.19634146415032167
USP47,0.13911450216450205,0.8751335543272245,0.9181677599779172
USP8,1.105171158008658,6.877965308485802e-13,3.9437816323296086e-11
UXS1,0.135321645021645,0.5955002115928472,0.7075801294658098
VAMP5,-0.3055749458874456,0.10563462048510175,0.2084875055219125
VAMP8,0.6074804653679654,8.546653605963151e-05,0.0006138051226100809
VASH1,1.3543285714285718,7.321962091508454e-13,4.038131168580983e-11
VASN,-0.11501028138528138,0.018417380502646352,0.059223325862745084
VASP,1.0660819805194803,7.358836859296854e-12,2.0485600133071148e-10
VAT1,-0.04657023809523808,0.4420608276938772,0.5765925030563156
VAV3,0.7369324134199134,2.12049068073632e-08,2.5195911625171803e-07
VCAM1,-0.17699496753246757,0.011504128734735776,0.04182408991496601
VCAN,-0.23344567099567098,0.002076141195144022,0.010627952212619925
VCPKMT,-0.569634090909091,0.0058451863821378965,0.024689999703741434
VEGFA,0.06822873376623378,0.3020554581044024,0.44456601411841296
VEGFB,-0.21717738095238098,0.014950936755892104,0.05081580015985188
VEGFC,0.29609772727272726,0.0002162893266524188,0.0014634576430671762
VEGFD,-0.2576248376623376,0.06591857655879427,0.15064894392600128
VGF,-0.14980665584415576,0.14518773421096182,0.2645783959467839
VIM,0.15042353896103888,0.5324188901098932,0.6522466118152631
VIPR1,-0.08339025974025974,0.024659545062765322,0.07340106946890329
VIT,-0.10200990259740261,0.8417841854281243,0.8953912569164509
VMO1,-0.03036098484848483,0.9019766479785182,0.938582321837383
VNN1,0.28641758658008654,0.02256791169459095,0.06900209820427755
VNN2,-0.20189572510822512,0.06107481628675527,0.14281735040494853
VPS28,0.24663290043290034,0.0036231318438332285,0.016810181554800834
VPS37A,0.5705178030303033,2.2788628034984803e-06,2.0432871087809994e-05
VPS4B,0.5163267857142859,4.814867532721917e-05,0.0003590269846465858
VPS53,0.3587901515151515,1.3602476477011516e-08,1.7137947733752008e-07
VSIG10,-0.2153659632034632,0.29416716358058137,0.4355879529615194
VSIG10L,-0.19412537878787883,0.03406656554113726,0.0935870028916769
VSIG2,-0.0058995670995669325,0.38860323823892773,0.5285655027326133
VSIG4,-0.17470335497835499,0.02872531007475566,0.0821566353703628
VSIR,0.3766967532467532,5.853502717245442e-06,4.916605874284031e-05
VSNL1,-0.21320698051948045,0.2164978042940242,0.352351381932869
VSTM1,-0.025783062770562803,0.8818321073900629,0.9235382479043904
VSTM2B,-0.3010795454545452,9.815909219405735e-06,8.105057245288973e-05
VSTM2L,0.01587012987012986,0.9221845086619007,0.9514808749801397
VTA1,1.2727692099567096,1.677859425844768e-11,4.1562568658849635e-10
VTCN1,-0.25931650432900427,0.0048655835032573175,0.021516037186113675
VTI1A,0.28918771645021646,5.622567043182894e-06,4.749931637925895e-05
VWA1,0.04676791125541127,0.9154423172339606,0.9482061988925822
VWA5A,-0.4049902056277056,0.010959456807464239,0.04065290894443905
VWC2,-0.20918809523809523,0.037041494594810216,0.09942358925677709
VWC2L,-0.24201872294372284,0.001851364590635197,0.009594926770260073
VWF,-0.4260693722943725,0.0023922475653277986,0.012035352209041577
WARS,0.07012467532467548,0.37932461003532403,0.5203030666979127
WAS,1.0872906385281385,0.02872531007475566,0.0821566353703628
WASF1,0.1852338203463203,0.018000279361300168,0.0581379188652822
WASF3,2.6684425324675325,2.2451751474258686e-11,5.250117564740651e-10
WASHC3,0.22091655844155836,3.4597075909844295e-05,0.0002682420500914453
WASL,0.08497489177489179,0.45733912163135615,0.5899392111776055
WDR46,0.004869209956709988,0.868443936316295,0.9127873519786157
WFDC1,-0.11141379870129861,0.5436305033528391,0.6632040794699989
WFDC12,0.18688939393939388,0.352316140130296,0.49534395266996406
WFDC2,-0.124555681818182,0.510349047054832,0.6337086935179583
WFIKKN1,-0.18790703463203473,0.06717777205291098,0.1529288377808869
WFIKKN2,-0.2743545995670996,0.0058451863821378965,0.024689999703741434
WIF1,-0.0520055194805195,0.5436322184092088,0.6632040794699989
WNT9A,-0.16821406926406912,0.10563462048510175,0.2084875055219125
WWP2,-0.10748906926406943,0.2011207452948004,0.334590744733467
XCL1,-0.10212489177489176,0.7244588389762001,0.8088591238836643
XG,-0.14720730519480518,0.07655671242954576,0.16787342117896645
XIAP,0.05030200216450212,0.1865561740282996,0.31889105069281853
XPNPEP2,-0.2441995129870131,0.352316140130296,0.49534395266996406
XRCC4,-0.06831125541125542,0.510349047054832,0.6337086935179583
YAP1,-0.08592380952380951,0.28259588451950446,0.42578751054150077
YARS1,3.4534505952380936,7.016223497466644e-14,2.217460459053443e-11
YES1,0.7539506493506494,2.6713274281679462e-11,6.100226619167896e-10
YJU2,0.16395898268398262,0.023075818130982143,0.07026105874673001
YOD1,0.41792624458874483,0.06591857655879427,0.15064894392600128
YTHDF3,1.5655365800865804,6.881042191201164e-13,3.9437816323296086e-11
YWHAQ,0.686247673160173,1.2314986050377275e-08,1.5719084814520863e-07
YY1,-0.03935097402597397,0.8153038429082348,0.8787372378449527
ZBP1,0.04425449134199122,0.6373382289671439,0.7392617632027625
ZBTB16,0.15505854978354977,0.08542166818902228,0.18172309761027083
ZBTB17,0.006952813852813877,0.730837371204852,0.8125666169767146
ZCCHC8,-0.13932261904761897,0.22612080897100362,0.36296052972116616
ZFYVE19,1.2246491883116877,4.969163201882666e-09,6.632358008722846e-08
ZHX2,-0.08964556277056271,0.17012559612862388,0.29884442156488433
ZNF174,-0.25194480519480517,0.010695812378074475,0.040288478841638775
ZNF75D,-0.016690259740259894,0.2327034229368925,0.37027332893006903
ZNF830,0.08806948051948055,0.32655780733082984,0.47090699103503486
ZNRD2,0.015128679653679922,0.6556396536746179,0.7518378610007486
ZNRF4,-0.08102997835497838,0.8351462519765688,0.8922267889354936
ZP3,-0.3434571428571427,0.23942085271845726,0.37787643223328865
ZP4,-0.0889028679653679,0.07797601547642098,0.16921677564274715
ZPR1,-0.6132214826839827,0.00745824547706644,0.030362745862764908
