feature,layer,diff_high_minus_low,p,q
YARS1,proteomics,3.4534505952380936,7.016223497466644e-14,2.2174604590534428e-11
GCC1,proteomics,1.7169434523809524,7.984307439931356e-14,2.2174604590534428e-11
MTDH,proteomics,2.1782389610389608,7.982378300933561e-14,2.2174604590534428e-11
SKAP2,proteomics,2.118696482683984,1.3351795017351673e-13,2.2174604590534428e-11
DBNL,proteomics,1.6268358766233764,1.5172497153974982e-13,2.2174604590534428e-11
SNAP23,proteomics,1.845770941558441,5.77658873748661e-14,2.2174604590534428e-11
PTPN6,proteomics,2.2166977272727277,1.2523759724869048e-13,2.2174604590534428e-11
DNAJB6,proteomics,1.346462608225108,1.5172497153974982e-13,2.2174604590534428e-11
PLA2G4A,proteomics,1.2149056818181816,9.083386320255616e-14,2.2174604590534428e-11
CRKL,proteomics,1.3438689393939394,1.1746242951127898e-13,2.2174604590534428e-11
PMVK,proteomics,3.139734686147187,6.57643081103424e-14,2.2174604590534428e-11
LAT,proteomics,2.3134488636363644,4.171909466880932e-14,2.2174604590534428e-11
HCLS1,proteomics,1.351224404761905,7.984307439931356e-14,2.2174604590534428e-11
CASP3,proteomics,1.6211407467532464,7.984307439931356e-14,2.2174604590534428e-11
IRAK4,proteomics,1.386309090909091,1.1746242951127898e-13,2.2174604590534428e-11
SNAP29,proteomics,1.835126515151516,1.1016215229216854e-13,2.2174604590534428e-11
RAB27B,proteomics,2.218412932900433,1.5172497153974982e-13,2.2174604590534428e-11
CLIP2,proteomics,2.2613240259740257,1.469219016705208e-13,2.2174604590534428e-11
FYB1,proteomics,2.070245995670996,5.4133461732438456e-14,2.2174604590534428e-11
MPIG6B,proteomics,1.911025811688312,1.423356760629281e-13,2.2174604590534428e-11
PPP1R12A,proteomics,1.791005519480519,1.6172216472260785e-13,2.2510185118294416e-11
EBAG9,proteomics,1.2615480519480515,1.9575916803770719e-13,2.600927491700991e-11
DAPP1,proteomics,3.1214833874458883,2.22264327354745e-13,2.7069942869079985e-11
DAB2,proteomics,1.9832507575757576,2.22264327354745e-13,2.7069942869079985e-11
CDC26,proteomics,1.2708672619047623,2.687572493880904e-13,2.708887724004787e-11
MESD,proteomics,1.596762445887446,2.5228660168836644e-13,2.708887724004787e-11
BCL2L1,proteomics,1.6454637987012988,2.368085506861417e-13,2.708887724004787e-11
EGF,proteomics,1.4658028679653687,2.687572493880904e-13,2.708887724004787e-11
PLCB2,proteomics,1.8087428030303032,2.687572493880904e-13,2.708887724004787e-11
DNAJA2,proteomics,1.528428463203463,2.862828838106907e-13,2.789349564595496e-11
GRAP2,proteomics,2.4422204004329005,3.0492973411713224e-13,2.875192299433476e-11
IST1,proteomics,2.007022564935065,3.247680995697094e-13,2.966553609507065e-11
ERP29,proteomics,1.6926240800865804,3.683224049885328e-13,2.990573304948559e-11
PPP1R9B,proteomics,1.7931796536796538,3.458725940618997e-13,2.990573304948559e-11
NEXN,proteomics,1.5694678030303029,3.683224049885328e-13,2.990573304948559e-11
SRC,proteomics,1.949926623376623,3.683224049885328e-13,2.990573304948559e-11
MGLL,proteomics,1.8576615800865803,3.9220156727569443e-13,3.0168557398601436e-11
NCK2,proteomics,1.6119440476190476,3.9220156727569443e-13,3.0168557398601436e-11
PRKG1,proteomics,2.5445764069264065,4.1759925343537275e-13,3.1298528661322926e-11
CD69,proteomics,1.230029816017316,4.73334435204177e-13,3.2941822716709747e-11
GIPC3,proteomics,1.928761958874459,4.73334435204177e-13,3.2941822716709747e-11
STAT5B,proteomics,1.6363083333333337,4.73334435204177e-13,3.2941822716709747e-11
CCL5,proteomics,2.4310119588744588,5.038788172192022e-13,3.3473585971175635e-11
RAB11FIP3,proteomics,1.525127218614719,5.038788172192022e-13,3.3473585971175635e-11
MANF,proteomics,2.5987161796536795,5.363562035317752e-13,3.483931517607509e-11
JPT2,proteomics,1.3471454545454544,6.07596614055181e-13,3.8608802236593336e-11
TBCB,proteomics,1.577426515151515,6.881042191201164e-13,3.9437816323296086e-11
YTHDF3,proteomics,1.5655365800865804,6.881042191201164e-13,3.9437816323296086e-11
USP8,proteomics,1.105171158008658,6.877965308485802e-13,3.9437816323296086e-11
FXN,proteomics,1.2926203463203465,6.46621554716418e-13,3.9437816323296086e-11
ITGB1BP2,proteomics,2.386399512987013,6.881042191201164e-13,3.9437816323296086e-11
VASH1,proteomics,1.3543285714285718,7.321962091508454e-13,4.038131168580983e-11
CIRBP,proteomics,2.001435606060606,7.321962091508454e-13,4.038131168580983e-11
TWF2,proteomics,1.2912219155844156,8.815892935394194e-13,4.772010194473561e-11
KIFBP,proteomics,2.125121482683982,9.380211720491282e-13,4.9851561561810937e-11
CRYBB1,proteomics,0.7669104978354977,9.977735199621089e-13,5.028434480774558e-11
PDLIM7,proteomics,1.8426303030303035,9.977735199621089e-13,5.028434480774558e-11
PDGFB,proteomics,2.3282135281385274,9.977735199621089e-13,5.028434480774558e-11
TMED8,proteomics,1.3241592532467528,1.0612568979124065e-12,5.0853342829474805e-11
CACYBP,proteomics,1.7568593073593073,1.0612568979124065e-12,5.0853342829474805e-11
CDKN1A,proteomics,1.7929889069264071,1.0288082534089817e-12,5.0853342829474805e-11
RILPL2,proteomics,1.5938392857142858,1.2003428014780242e-12,5.569209537651214e-11
ANXA11,proteomics,2.1937781926406923,1.2003428014780242e-12,5.569209537651214e-11
OTUD6B,proteomics,0.8424152597402599,1.276443243515216e-12,5.6530963648408734e-11
STK4,proteomics,1.026486904761905,1.276443243515216e-12,5.6530963648408734e-11
AKT2,proteomics,2.1107878787878787,1.276443243515216e-12,5.6530963648408734e-11
CXCL3,proteomics,2.719594642857142,1.3572721856678329e-12,5.834274409863347e-11
EIF4G1,proteomics,1.4711067640692643,1.3572721856678329e-12,5.834274409863347e-11
DIABLO,proteomics,2.0794400432900435,1.4431172393246841e-12,5.941171395135284e-11
DAAM1,proteomics,1.0409793831168832,1.4431172393246841e-12,5.941171395135284e-11
NT5C3A,proteomics,1.6007716450216445,1.4431172393246841e-12,5.941171395135284e-11
DRG2,proteomics,0.5874751082251083,1.534283118311427e-12,6.143437746334659e-11
DTD1,proteomics,2.3053637445887443,1.534283118311427e-12,6.143437746334659e-11
ANXA3,proteomics,1.1743310064935066,1.6310926315880036e-12,6.442815894772615e-11
RWDD1,proteomics,1.0917067640692644,1.9589049373537733e-12,7.534051489322471e-11
MINK1,proteomics,1.95818170995671,1.9589049373537733e-12,7.534051489322471e-11
MAP4K5,proteomics,1.1610949675324678,2.2124969337552738e-12,8.291190432521366e-11
HARS1,proteomics,0.8398929112554112,2.2124969337552738e-12,8.291190432521366e-11
RBPMS2,proteomics,1.6418530844155843,2.6543361204400457e-12,9.698280600057818e-11
APPL2,proteomics,1.813428300865801,2.6543361204400457e-12,9.698280600057818e-11
PSTPIP2,proteomics,2.0525226731601727,2.82001967958429e-12,1.0176441386944295e-10
PDGFA,proteomics,1.466119588744589,3.182381960385935e-12,1.1207352373744681e-10
FKBP5,proteomics,1.5342980519480522,3.182381960385935e-12,1.1207352373744681e-10
ABL1,proteomics,0.5611981601731602,3.3803078137632414e-12,1.1762666356702327e-10
EHD3,proteomics,1.9053249999999995,3.5902892465096008e-12,1.220280868319484e-10
GMFG,proteomics,1.013937932900433,3.5902892465096008e-12,1.220280868319484e-10
SARG,proteomics,1.556641883116883,3.812246436562468e-12,1.2523066330500276e-10
PPBP,proteomics,2.2174614177489183,3.813044486536177e-12,1.2523066330500276e-10
HSPB1,proteomics,1.7069565476190476,3.813044486536177e-12,1.2523066330500276e-10
DOK1,proteomics,1.2680356060606062,4.049333554488003e-12,1.3151335533076034e-10
PPIB,proteomics,1.396935335497836,4.299960635026336e-12,1.351482251202363e-10
HPSE,proteomics,2.6409355519480524,4.299064990761956e-12,1.351482251202363e-10
HBEGF,proteomics,0.7567026515151513,4.299960635026336e-12,1.351482251202363e-10
CDKN2D,proteomics,2.0616112012987013,4.565776579049799e-12,1.4197622277194215e-10
SIRT2,proteomics,1.3130518398268405,4.847681543875357e-12,1.4608013559533678e-10
PRKAR1A,proteomics,1.793055898268398,4.847681543875357e-12,1.4608013559533678e-10
CD40LG,proteomics,1.1408424783549789,4.847681543875357e-12,1.4608013559533678e-10
EIF4E,proteomics,1.660410606060606,5.799731308575975e-12,1.7298586341803644e-10
FKBP1B,proteomics,2.5916363095238104,6.1560808244615844e-12,1.7994224249901207e-10
ATP5IF1,proteomics,1.927317965367965,6.1560808244615844e-12,1.7994224249901207e-10
TNFAIP8L2,proteomics,1.0082253246753248,6.533862770815658e-12,1.8909387009004126e-10
RGCC,proteomics,1.4820911796536798,6.9343372933338825e-12,1.9489488373475902e-10
PPP1R2,proteomics,0.8310113636363635,6.9343372933338825e-12,1.9489488373475902e-10
TBCC,proteomics,1.0396896645021645,6.9343372933338825e-12,1.9489488373475902e-10
VASP,proteomics,1.0660819805194803,7.358836859296854e-12,2.0485600133071148e-10
PRTFDC1,proteomics,2.3000382034632034,8.042103524075539e-12,2.2176479812144147e-10
LYN,proteomics,1.015832251082251,8.790981797734849e-12,2.401499046241025e-10
MTIF3,proteomics,1.885508225108225,9.326498895964199e-12,2.5241996548984586e-10
FADD,proteomics,1.2182813852813847,9.893937696819949e-12,2.6532091640187806e-10
DNM1,proteomics,1.8185782467532463,1.1132123865500015e-11,2.93145928458167e-10
APRT,proteomics,1.049768344155844,1.1132123865500015e-11,2.93145928458167e-10
ERBIN,proteomics,1.2318718073593076,1.1806913007730467e-11,2.9751385104824275e-10
RGS10,proteomics,1.127809902597402,1.1806913007730467e-11,2.9751385104824275e-10
CLEC1B,proteomics,0.8033613095238096,1.1806913007730467e-11,2.9751385104824275e-10
DOK2,proteomics,1.9829514069264067,1.1806913007730467e-11,2.9751385104824275e-10
TACC3,proteomics,1.5484551948051948,1.1806913007730467e-11,2.9751385104824275e-10
DCTD,proteomics,1.315013041125541,1.5829497352892894e-11,3.9546684412398227e-10
VTA1,proteomics,1.2727692099567096,1.677859425844768e-11,4.156256865884964e-10
CHMP1A,proteomics,1.2576193181818185,1.7790344792707284e-11,4.3698468763935617e-10
LACTB2,proteomics,0.7173879870129871,1.8858055340624283e-11,4.5935079800537314e-10
SLC9A3R1,proteomics,0.912519696969697,1.9988432074970907e-11,4.789031717634423e-10
TPD52L2,proteomics,2.379995995670996,1.9988432074970907e-11,4.789031717634423e-10
HPCAL1,proteomics,1.130008333333334,2.118506666667445e-11,4.993866924733017e-10
UFD1,proteomics,2.518304383116883,2.118506666667445e-11,4.993866924733017e-10
WASF3,proteomics,2.6684425324675325,2.245175147425869e-11,5.250117564740651e-10
RHOC,proteomics,1.8361429112554115,2.6713274281679462e-11,6.100226619167895e-10
YES1,proteomics,0.7539506493506494,2.6713274281679462e-11,6.100226619167895e-10
LZTFL1,proteomics,1.1333190476190478,2.6713274281679462e-11,6.100226619167895e-10
MGMT,proteomics,1.9560542207792209,2.830249147345317e-11,6.413037409062296e-10
NUDT2,proteomics,1.049695670995671,2.998413365406398e-11,6.741817128525308e-10
PTRHD1,proteomics,0.9818647186147188,3.364597054142463e-11,7.450543325195771e-10
CA13,proteomics,2.162561688311688,3.364597054142463e-11,7.450543325195771e-10
GOPC,proteomics,1.4280863095238097,3.997285044511306e-11,8.71945088440787e-10
SLA2,proteomics,1.7465084415584409,3.997285044511306e-11,8.71945088440787e-10
STXBP1,proteomics,1.5220303571428575,4.745925125720962e-11,1.0200249369472331e-09
TBCA,proteomics,1.2391485930735933,4.745925125720962e-11,1.0200249369472331e-09
CIAPIN1,proteomics,0.8448119047619046,4.8824557791822745e-11,1.0417093607700575e-09
PDLIM5,proteomics,0.8930432900432902,5.02471474139293e-11,1.056636056769175e-09
PF4,proteomics,1.3347575216450211,5.02471474139293e-11,1.056636056769175e-09
EIF2AK2,proteomics,0.7923353354978349,5.631192716007094e-11,1.1673742063041655e-09
MITD1,proteomics,1.3674475108225108,5.631192716007094e-11,1.1673742063041655e-09
PDAP1,proteomics,1.673051244588744,5.960721668684731e-11,1.22698517165954e-09
CNPY4,proteomics,0.7123126623376623,7.912811134604826e-11,1.6174228633881054e-09
TMEM106A,proteomics,1.0631287337662336,8.372306912011821e-11,1.699462021097955e-09
PRDX5,proteomics,1.3138711580086582,8.857859767883928e-11,1.7733920617482687e-09
ENO2,proteomics,0.8396332792207788,8.857859767883928e-11,1.7733920617482687e-09
FLI1,proteomics,1.067120779220779,9.370910328820553e-11,1.863344958581121e-09
ARF6,proteomics,1.967234794372294,1.0485658646155084e-10,2.057018806893377e-09
MSRA,proteomics,0.7704756493506493,1.0485658646155084e-10,2.057018806893377e-09
SF3B4,proteomics,1.210947997835498,1.1090641579630523e-10,2.161196355817334e-09
HNRNPK,proteomics,1.2054022727272726,1.2404708521828435e-10,2.4012558284307634e-09
PLXNA4,proteomics,0.6402140151515152,1.311763389616547e-10,2.52255551832182e-09
HSPA1A,proteomics,0.6046102813852814,1.5505234210959943e-10,2.942973999911423e-09
NUMB,proteomics,0.9574780844155844,1.5505234210959943e-10,2.942973999911423e-09
RAD23B,proteomics,0.7837602813852815,1.6391723159011266e-10,3.0911617286316087e-09
MED18,proteomics,0.6948037878787879,1.9358846977762328e-10,3.6041980710827566e-09
CRADD,proteomics,1.0656774891774896,1.9358846977762328e-10,3.6041980710827566e-09
SERPINB1,proteomics,0.6324945346320346,2.0459882249334748e-10,3.785078216126928e-09
NFU1,proteomics,1.6829606060606055,2.1622012678441128e-10,3.9500714411927154e-09
ANXA4,proteomics,0.7092939393939394,2.1622012678441128e-10,3.9500714411927154e-09
TIA1,proteomics,1.508656060606061,2.2848539867124476e-10,4.122610001950916e-09
AXIN1,proteomics,0.6941512445887448,2.2848539867124476e-10,4.122610001950916e-09
MPI,proteomics,0.9292351731601732,2.414293881851969e-10,4.3030372052764065e-09
SUSD1,proteomics,0.8590995670995671,2.414293881851969e-10,4.3030372052764065e-09
BDNF,proteomics,2.192286309523809,2.6950172436409496e-10,4.7455032549171665e-09
NDUFB7,proteomics,0.7260430735930737,2.6950172436409496e-10,4.7455032549171665e-09
ATOX1,proteomics,1.0058123376623378,2.8470905769524924e-10,4.983260931995291e-09
ENO1,proteomics,0.9962931818181816,3.00753281126928e-10,5.232749051988158e-09
FHIT,proteomics,1.172572023809524,3.3553406948098745e-10,5.735474181829979e-09
PCYT2,proteomics,1.024290638528139,3.3553406948098745e-10,5.735474181829979e-09
CACNB3,proteomics,1.2108160173160174,3.3553406948098745e-10,5.735474181829979e-09
SCRN1,proteomics,0.8614908008658011,3.54367420633417e-10,6.022185875066732e-09
ANGPT1,proteomics,1.1917349025974024,3.7423147536596297e-10,6.250734871398341e-09
SAMD9L,proteomics,0.7037733766233767,3.7423147536596297e-10,6.250734871398341e-09
MAP2K6,proteomics,0.830754274891775,3.7423147536596297e-10,6.250734871398341e-09
HS1BP3,proteomics,0.8880771645021646,3.951811300184238e-10,6.489406983392431e-09
SDC4,proteomics,1.0934369588744604,3.9511370590700836e-10,6.489406983392431e-09
DNAJC6,proteomics,1.1839500541125547,3.951811300184238e-10,6.489406983392431e-09
ELAC1,proteomics,1.3298338203463205,4.1727412017053155e-10,6.813923202561251e-09
GGACT,proteomics,0.664592478354978,4.6513610570997954e-10,7.553293538834835e-09
PPP2R5A,proteomics,1.5102996212121214,4.910360831759881e-10,7.886255335842931e-09
FKBP14,proteomics,1.1762898268398263,4.910360831759881e-10,7.886255335842931e-09
PHACTR2,proteomics,1.1573729978354974,5.183416804293655e-10,8.234308325516497e-09
CMC1,proteomics,0.6355570346320348,5.183416804293655e-10,8.234308325516497e-09
CETN3,proteomics,0.9767226190476188,5.77470366955029e-10,9.074977863492205e-09
NRGN,proteomics,0.943497943722944,5.77470366955029e-10,9.074977863492205e-09
DBI,proteomics,0.6814119588744589,6.094534670498169e-10,9.526376920784036e-09
ACOT13,proteomics,1.738481493506493,6.78688335141288e-10,1.0552159593712685e-08
SUGT1,proteomics,0.9874854437229432,7.161258857238567e-10,1.107532256069224e-08
PDE5A,proteomics,0.7484588744588743,7.555752838137362e-10,1.1623929234671324e-08
STXBP3,proteomics,0.7258286255411258,7.971416444931327e-10,1.2199188622269248e-08
CDC37,proteomics,0.7183770562770564,1.0407947843478452e-09,1.5845016430462252e-08
SCAMP3,proteomics,0.6779566558441558,1.220381462001057e-09,1.8482772090306167e-08
LAT2,proteomics,0.7738087662337663,1.286701772051295e-09,1.9386748864463584e-08
FAM172A,proteomics,0.530409145021645,1.3565306118798692e-09,2.0334046043717217e-08
SPART,proteomics,0.5817739177489176,1.4300482880539071e-09,2.132668952031413e-08
HGS,proteomics,1.208245779220779,1.58891670107242e-09,2.3338711141882835e-08
GADD45GIP1,proteomics,0.6285939393939394,1.58891670107242e-09,2.3338711141882835e-08
FABP5,proteomics,0.7277115800865801,1.58891670107242e-09,2.3338711141882835e-08
FXYD5,proteomics,0.7406974025974025,1.8599332069717766e-09,2.7182923819892524e-08
GYS1,proteomics,0.8813523809523802,1.959904525378299e-09,2.8501497152640642e-08
MAX,proteomics,1.699725811688312,2.065103867682225e-09,2.988266636255022e-08
SPRY2,proteomics,1.3305718073593071,2.292261326443537e-09,3.2844509103894414e-08
SERPINH1,proteomics,1.8072449134199131,2.292261326443537e-09,3.2844509103894414e-08
LATS1,proteomics,1.2768174242424246,2.4147900289983133e-09,3.4264229392048894e-08
TREML1,proteomics,0.7039564935064937,2.4144143430380806e-09,3.4264229392048894e-08
RTN4IP1,proteomics,1.21540670995671,2.5436891937440588e-09,3.574617073708598e-08
MTSS1,proteomics,1.2586714826839829,2.5436891937440588e-09,3.574617073708598e-08
DCTN2,proteomics,1.2068174242424246,2.97190295550045e-09,4.1563982482908215e-08
SULT1A1,proteomics,1.230341396103896,3.129658936873486e-09,4.3561871773720014e-08
HHEX,proteomics,0.7876586038961036,3.295557044471788e-09,4.565361725588169e-08
PPP1R14A,proteomics,1.1568608766233766,3.470004924173889e-09,4.784351128943528e-08
TBC1D23,proteomics,0.8583571969696968,3.653429964941182e-09,5.01360365611412e-08
NFE2,proteomics,0.581944264069264,4.049025373362848e-09,5.5047912401579554e-08
LBR,proteomics,0.5358484848484848,4.049025373362848e-09,5.5047912401579554e-08
DXO,proteomics,0.6635409632034632,4.2621577393969344e-09,5.767725496415388e-08
IL7,proteomics,0.8052748917748918,4.969163201882666e-09,6.632358008722846e-08
MYDGF,proteomics,1.073452922077922,4.969163201882666e-09,6.632358008722846e-08
ZFYVE19,proteomics,1.2246491883116877,4.969163201882666e-09,6.632358008722846e-08
USO1,proteomics,1.3800987554112556,5.229258062074915e-09,6.947782416111353e-08
DUT,proteomics,1.0141685606060598,5.502579706873867e-09,7.27784637248521e-08
GORASP2,proteomics,0.4605756493506491,6.741646648516179e-09,8.876501420546303e-08
METAP2,proteomics,0.8819818722943723,7.091523564862735e-09,9.295301964167612e-08
MAPKAPK2,proteomics,0.6831742424242424,8.676178574155544e-09,1.1321638380471723e-07
ARHGAP1,proteomics,0.6001866883116882,9.592676111452969e-09,1.246195212167868e-07
NARS1,proteomics,0.6330752705627707,1.0085551377739957e-08,1.3044277290767208e-07
PLPBP,proteomics,0.7662275432900434,1.0601486094918528e-08,1.3651164694029454e-07
SERPINE1,proteomics,1.347391125541125,1.1714782891626718e-08,1.5018557189572326e-07
YWHAQ,proteomics,0.686247673160173,1.2314986050377277e-08,1.5719084814520866e-07
VPS53,proteomics,0.3587901515151515,1.3602476477011516e-08,1.713794773375201e-07
FOXO1,proteomics,0.6046313311688312,1.3602476477011516e-08,1.713794773375201e-07
MIF,proteomics,0.931572294372294,1.3602476477011516e-08,1.713794773375201e-07
UBXN1,proteomics,0.7017791666666666,1.5020348602806948e-08,1.884312401974451e-07
GPI,proteomics,0.5217246212121212,1.5782117423840592e-08,1.963026775739832e-07
CEP170,proteomics,0.5114712662337662,1.5782117423840592e-08,1.963026775739832e-07
SPARC,proteomics,0.8317097943722942,1.6993209930380055e-08,2.104709857055123e-07
GMPR2,proteomics,0.8877899350649352,1.7419844944099554e-08,2.139420452588361e-07
OTUD7B,proteomics,0.5119753246753248,1.7419844944099554e-08,2.139420452588361e-07
MECR,proteomics,1.1018509740259743,1.8299450371763705e-08,2.2194727567081043e-07
IPCEF1,proteomics,0.8758584956709958,1.8296910588336184e-08,2.2194727567081043e-07
FIS1,proteomics,0.798048647186147,1.8299450371763705e-08,2.2194727567081043e-07
SERPINB9,proteomics,0.3895915043290043,1.922212122422217e-08,2.3121917834733093e-07
STK11,proteomics,0.6172099567099565,1.922212122422217e-08,2.3121917834733093e-07
NUDT5,proteomics,0.5078229978354979,2.0189896154754783e-08,2.408778222871356e-07
SERPINE2,proteomics,0.641998971861472,2.0189896154754783e-08,2.408778222871356e-07
VAV3,proteomics,0.7369324134199134,2.12049068073632e-08,2.519591162517181e-07
CXCL5,proteomics,1.9902721861471864,2.2269381886400148e-08,2.6353604556254104e-07
ESYT2,proteomics,0.7007936147186149,2.2817767020875122e-08,2.689368266210403e-07
NOTCH1,proteomics,-0.191851028138528,2.396069348838793e-08,2.812735223556544e-07
ABHD14B,proteomics,0.6925391774891774,2.4556151056997e-08,2.871105181584089e-07
GGCT,proteomics,0.6297583874458874,2.578342690541152e-08,3.0025879220923453e-07
CORO1A,proteomics,1.0542602272727273,2.8419071833386453e-08,3.296386784483675e-07
BANK1,proteomics,0.8685864177489178,2.9829108777459563e-08,3.4462642275302095e-07
PCBP2,proteomics,0.6426623917748919,3.131534786056228e-08,3.575576632672795e-07
ATP6V1G1,proteomics,0.8133708333333329,3.13111407905686e-08,3.575576632672795e-07
SNX9,proteomics,0.5424879870129871,3.131534786056228e-08,3.575576632672795e-07
PARK7,proteomics,0.6955334415584415,3.2868902932025983e-08,3.709490473757218e-07
COX5B,proteomics,0.7983556277056276,3.2868902932025983e-08,3.709490473757218e-07
DTYMK,proteomics,0.9574548160173152,3.2868902932025983e-08,3.709490473757218e-07
FDX2,proteomics,0.99457408008658,3.620343208473844e-08,4.070101230141941e-07
TRIAP1,proteomics,0.5386162337662337,3.799148893108371e-08,4.254755637760831e-07
ARHGEF1,proteomics,1.201131764069264,3.986506016495552e-08,4.430630070804753e-07
GP6,proteomics,0.6467528138528137,3.986506016495552e-08,4.430630070804753e-07
INPPL1,proteomics,0.6389036255411262,4.18280939018594e-08,4.631193881633903e-07
SEC31A,proteomics,0.7751429653679653,4.3884713561605724e-08,4.822369087991485e-07
AKR1B1,proteomics,1.0555966991341994,4.3884713561605724e-08,4.822369087991485e-07
NAA80,proteomics,0.8334634199134199,4.603922531866411e-08,5.021367746509523e-07
PTPN1,proteomics,0.460237608225108,4.603922531866411e-08,5.021367746509523e-07
PSRC1,proteomics,0.6152652597402597,4.829612585371122e-08,5.247939623434866e-07
EIF4B,proteomics,1.1253764610389614,5.844467788811427e-08,6.327177535813258e-07
GLOD4,proteomics,0.4431921536796533,6.426561314390179e-08,6.931674805152212e-07
CRYZL1,proteomics,0.8046752705627708,7.76391585453302e-08,8.343355162794124e-07
SERPINA1,proteomics,-0.1353683441558442,8.530006003992538e-08,9.066620927152794e-07
NUDC,proteomics,0.5269441558441559,8.530006003992538e-08,9.066620927152794e-07
MPHOSPH8,proteomics,0.5629887987012986,8.530006003992538e-08,9.066620927152794e-07
LDLRAP1,proteomics,0.9995633658008658,1.028777216977791e-07,1.0856013737278275e-06
PVALB,proteomics,1.454221374458874,1.028777216977791e-07,1.0856013737278275e-06
NDUFS6,proteomics,1.3061568722943726,1.1293403920778189e-07,1.1874323618861382e-06
CLPP,proteomics,0.6869576298701296,1.2393864967230821e-07,1.298468361979057e-06
CAMSAP1,proteomics,1.034096699134199,1.3284958916037861e-07,1.3868548182706669e-06
GLRX5,proteomics,0.7713234848484845,1.876811864826519e-07,1.9522850821665176e-06
METAP1D,proteomics,0.6264732142857145,2.1522550337944339e-07,2.223246147970974e-06
APP,proteomics,0.3243778138528139,2.1525099551001906e-07,2.223246147970974e-06
MCEMP1,proteomics,0.80602132034632,2.3043778234207594e-07,2.371724076710873e-06
NIT2,proteomics,0.7967679112554111,2.3576333469162274e-07,2.4180218501881165e-06
CHMP6,proteomics,0.4905147727272726,2.467154036587962e-07,2.52150043669462e-06
NUB1,proteomics,0.5939206709956713,3.162375910431905e-07,3.2207751868266408e-06
STIP1,proteomics,0.6636451839826842,3.235033276236715e-07,3.26069043670342e-06
IGBP1,proteomics,0.9034245129870132,3.235033276236715e-07,3.26069043670342e-06
CDC42BPB,proteomics,0.3431772727272727,3.234661009250108e-07,3.26069043670342e-06
MARS1,proteomics,0.4352417748917749,3.8701410013537203e-07,3.887430291050489e-06
TARS1,proteomics,0.4053410714285715,4.046811287701045e-07,4.023411358486447e-06
NUDT16,proteomics,0.976960443722944,4.046811287701045e-07,4.023411358486447e-06
MINDY1,proteomics,0.8600760281385282,4.046811287701045e-07,4.023411358486447e-06
TXNDC9,proteomics,0.3780929112554112,4.231250966475237e-07,4.178360329394297e-06
DARS1,proteomics,0.6921792207792208,4.231250966475237e-07,4.178360329394297e-06
HSBP1,proteomics,0.8591479437229436,4.62476282130725e-07,4.551576338949862e-06
OPHN1,proteomics,0.495584523809524,4.834530650894748e-07,4.726198358717508e-06
CCN2,proteomics,0.4923652597402596,4.834530650894748e-07,4.726198358717508e-06
STX4,proteomics,0.2731180194805194,5.281348641606732e-07,5.129267913045492e-06
NMT1,proteomics,0.7220362554112554,5.281935141384513e-07,5.129267913045492e-06
BRAP,proteomics,0.6696425865800869,5.769132976106667e-07,5.565404517874517e-06
FKBP4,proteomics,0.4806444264069268,5.769132976106667e-07,5.565404517874517e-06
TOM1L2,proteomics,0.8373107142857144,6.028702129193793e-07,5.796676422247848e-06
DHRS4L2,proteomics,0.4161060064935066,6.299510395351548e-07,6.017473492030254e-06
UROD,proteomics,0.7659280844155838,6.299510395351548e-07,6.017473492030254e-06
ACYP1,proteomics,0.7306818722943724,6.582024034170415e-07,6.246511770090949e-06
TNFRSF13B,proteomics,-0.4133073593073593,6.582024034170415e-07,6.246511770090949e-06
EHBP1,proteomics,0.3782579545454546,6.87672773325121e-07,6.50507286870333e-06
L3HYPDH,proteomics,0.5442316558441561,7.503928715056206e-07,7.075478591648158e-06
EIF1AX,proteomics,0.9227292748917748,8.187821110325966e-07,7.695498747743664e-06
SYAP1,proteomics,0.4769935606060606,8.551439982059253e-07,8.011493290884357e-06
SMAD3,proteomics,0.4455989177489177,1.2075818253737174e-06,1.1277193851652958e-05
CNST,proteomics,0.2637695887445888,1.3728440589942409e-06,1.2698807545696728e-05
MAP2K1,proteomics,0.4387354437229438,1.3728440589942409e-06,1.2698807545696728e-05
THTPA,proteomics,0.5319798160173161,1.3728440589942409e-06,1.2698807545696728e-05
CCL17,proteomics,0.9947104437229436,1.4326131036747846e-06,1.3209867829783582e-05
FKBPL,proteomics,0.5489674783549783,1.5597450091471408e-06,1.4291958187263612e-05
ARHGAP45,proteomics,0.2787699675324674,1.5597450091471408e-06,1.4291958187263612e-05
ATP6V1F,proteomics,0.9997209956709951,1.7709807518679591e-06,1.6176802305343888e-05
DLG4,proteomics,0.3000449134199134,1.8473114470603037e-06,1.671731071132281e-05
ARSB,proteomics,0.559469264069264,1.8473114470603037e-06,1.671731071132281e-05
LGALS8,proteomics,0.4735794372294373,1.8473114470603037e-06,1.671731071132281e-05
FAM13A,proteomics,0.5491500000000002,1.9267979454315798e-06,1.732932429075848e-05
NT5C,proteomics,0.6452996753246751,1.9267979454315798e-06,1.732932429075848e-05
VPS37A,proteomics,0.5705178030303033,2.2788628034984803e-06,2.0432871087809998e-05
ARHGEF12,proteomics,0.4195025432900435,2.376091416496002e-06,2.1174741495176265e-05
EPGN,proteomics,-0.2485060606060606,2.376091416496002e-06,2.1174741495176265e-05
BCR,proteomics,0.4230139069264066,2.692258828581029e-06,2.3774841558738213e-05
CTF1,proteomics,0.7854319264069266,2.692258828581029e-06,2.3774841558738213e-05
LRCH4,proteomics,0.6440676406926404,2.692258828581029e-06,2.3774841558738213e-05
PRDX3,proteomics,0.6494343073593075,2.925060985325063e-06,2.5752871265376984e-05
PEBP1,proteomics,0.5458757575757576,3.0482930639238144e-06,2.6677127622303325e-05
PPP1CC,proteomics,0.5445274350649353,3.047998439695378e-06,2.6677127622303325e-05
DECR1,proteomics,0.4389646103896103,3.1771101835147976e-06,2.7638967459564743e-05
KYAT1,proteomics,0.6211575216450218,3.1771101835147976e-06,2.7638967459564743e-05
TYMP,proteomics,0.7080015151515155,3.4499189403274395e-06,2.992318416194987e-05
GMPR,proteomics,0.6810952922077922,3.7451118747912025e-06,3.238746156809078e-05
NSFL1C,proteomics,0.7787304112554092,3.901642652563184e-06,3.3542651392477025e-05
TMSB10,proteomics,0.6272154761904762,3.901642652563184e-06,3.3542651392477025e-05
RBM17,proteomics,0.4783323593073593,4.064433459279523e-06,3.483970381663943e-05
DENR,proteomics,0.7402277597402595,4.592790472012819e-06,3.9139144459747725e-05
SERPINB6,proteomics,0.3157456709956709,4.592790472012819e-06,3.9139144459747725e-05
SHMT1,proteomics,0.8288379329004328,4.783089715625164e-06,4.064235825224521e-05
AP3B1,proteomics,0.4750826839826839,4.980928084762731e-06,4.2200732729743365e-05
VTI1A,proteomics,0.2891877164502164,5.622567043182894e-06,4.749931637925895e-05
VSIR,proteomics,0.3766967532467532,5.853502717245442e-06,4.916605874284031e-05
CXCL1,proteomics,0.6413579004329006,5.853502717245442e-06,4.916605874284031e-05
TXLNA,proteomics,0.3796556277056276,6.34289900024845e-06,5.312405093904361e-05
SYTL4,proteomics,0.5785631493506493,6.602046721584584e-06,5.5136521620547823e-05
BTN2A1,proteomics,-0.2306609307359307,7.441667738689747e-06,6.197149515723685e-05
PDIA4,proteomics,0.4279843614718614,7.743558998755162e-06,6.430233793568563e-05
AK2,proteomics,0.6191747835497836,8.721094631240552e-06,7.221461645075392e-05
VSTM2B,proteomics,-0.3010795454545452,9.815909219405736e-06,8.105057245288973e-05
EGFR,proteomics,-0.1849844696969697,1.0617439607383456e-05,8.742190414755449e-05
PDCD5,proteomics,0.571965097402598,1.1041277291267262e-05,9.065633011902866e-05
DPY30,proteomics,0.4197308441558442,1.1481239132534569e-05,9.400465541848332e-05
KAZN,proteomics,0.4396880411255411,1.241187673291807e-05,0.000101340546621
CSNK2A1,proteomics,0.5034395021645022,1.3414234811779255e-05,0.0001092195218797
RAB2B,proteomics,0.4086477813852812,1.4214999186455852e-05,0.0001154178961722
USP25,proteomics,0.4644507575757579,1.6905582033699104e-05,0.0001368837016191
DNAJB14,proteomics,0.3999900432900434,1.825063302626722e-05,0.0001473662992701
ITGB1BP1,proteomics,0.7254354978354979,2.1252661953103967e-05,0.0001711336939088
NGF,proteomics,-0.1644015692640694,2.2073549022546183e-05,0.0001772554499805
CC2D1A,proteomics,0.510129058441558,2.2924559373604693e-05,0.0001830832979482
MAVS,proteomics,0.3563040043290044,2.2924559373604693e-05,0.0001830832979482
TP53I3,proteomics,0.4390411796536799,2.472115050504557e-05,0.0001968935229598
DNM3,proteomics,0.3706544372294371,2.7669117703557132e-05,0.0002197739974116
IL1B,proteomics,0.6604396103896095,2.872395479222032e-05,0.0002269192428585
PACS2,proteomics,0.4811985389610387,2.872395479222032e-05,0.0002269192428585
CASP8,proteomics,0.4205851731601732,2.9816948042279945e-05,0.0002349189733897
TAB2,proteomics,0.5046799783549784,3.094939595124614e-05,0.0002431857106599
DFFA,proteomics,0.4912599025974027,3.212263809371371e-05,0.0002517278046861
DNAJB1,proteomics,1.0869419372294369,3.3338056307458416e-05,0.0002605538464885
PPM1F,proteomics,0.3177000541125541,3.459707590984429e-05,0.0002682420500914
TDRKH,proteomics,0.4255086038961039,3.459707590984429e-05,0.0002682420500914
WASHC3,proteomics,0.2209165584415583,3.459707590984429e-05,0.0002682420500914
NAP1L4,proteomics,0.5681884199134208,3.725184546371956e-05,0.0002880612282816
DAG1,proteomics,0.2020544913419912,4.009926708131179e-05,0.0003084477833649
SIAE,proteomics,0.2516612554112555,4.009926708131179e-05,0.0003084477833649
TIMP3,proteomics,0.6212129870129869,4.159928427703708e-05,0.0003174796552004
RRAS,proteomics,0.7603770021645022,4.159928427703708e-05,0.0003174796552004
RAB37,proteomics,0.5170485930735929,4.159928427703708e-05,0.0003174796552004
BNIP2,proteomics,0.3744608766233765,4.315243993923272e-05,0.0003259291523058
APLP1,proteomics,-0.5962996753246753,4.315243993923272e-05,0.0003259291523058
EIF5,proteomics,0.4475733225108225,4.315243993923272e-05,0.0003259291523058
BRD1,proteomics,-0.3567271103896103,4.315243993923272e-05,0.0003259291523058
SNCA,proteomics,1.0999612012987026,4.476050048555861e-05,0.0003363366141884
PNMA1,proteomics,0.3869099025974026,4.476050048555861e-05,0.0003363366141884
CRYGD,proteomics,0.8783748376623377,4.642528671500409e-05,0.0003470616702505
TOMM20,proteomics,0.3010860389610391,4.642528671500409e-05,0.0003470616702505
VPS4B,proteomics,0.5163267857142859,4.814867532721917e-05,0.0003590269846465
MDH1,proteomics,0.2824522727272727,4.9928912330326805e-05,0.0003704390639598
PGD,proteomics,0.3908313852813853,4.99326004790256e-05,0.0003704390639598
IDS,proteomics,-0.1320251082251083,5.368615980202e-05,0.0003972775825349
TARBP2,proteomics,0.4124689935064934,5.771445099636429e-05,0.0004249353659001
DCTN6,proteomics,0.5068269480519478,5.77102557905584e-05,0.0004249353659001
CNP,proteomics,0.6898913961038963,5.983219599610003e-05,0.0004394208766246
CSNK1D,proteomics,0.6368858766233767,6.906176799576428e-05,0.0005059337038887
BID,proteomics,0.9539169372294364,7.416685877035717e-05,0.0005406227635554
TPPP2,proteomics,-0.4423304112554113,7.416685877035717e-05,0.0005406227635554
S100A4,proteomics,0.5364414502164498,7.962742577553632e-05,0.0005789825013479
RILP,proteomics,0.5511130411255403,8.249816852306129e-05,0.0005983676094116
IZUMO1,proteomics,-0.3356283008658007,8.39641087273823e-05,0.0006074927965597
VAMP8,proteomics,0.6074804653679654,8.546653605963151e-05,0.00061380512261
TMCO5A,proteomics,0.4343609307359309,8.546653605963151e-05,0.00061380512261
GP5,proteomics,0.4089006493506497,8.546653605963151e-05,0.00061380512261
SOD1,proteomics,0.4628549242424244,9.498882620537832e-05,0.0006805204387213
ICAM3,proteomics,-0.237491829004329,0.0001018844043226,0.0007281371976407
MRC1,proteomics,-0.315428896103896,0.0001055068346168,0.000750356393151
STAMBP,proteomics,0.3963939393939396,0.0001055068346168,0.000750356393151
DNAJC9,proteomics,0.7878944264069265,0.0001171171394662,0.0008288944277478
QDPR,proteomics,0.3442145562770563,0.0001171171394662,0.0008288944277478
ARL13B,proteomics,0.5756109307359307,0.0001191576721433,0.0008412992166062
BIN2,proteomics,0.4396663419913419,0.0001255157120326,0.0008819289093064
PTEN,proteomics,0.5472088744588746,0.0001255157120326,0.0008819289093064
IMPA1,proteomics,0.298565800865801,0.0001344796685688,0.0009426476528221
HDGF,proteomics,1.049870292207792,0.0001391846199615,0.0009709705110918
PDP1,proteomics,0.6923496212121205,0.0001391846199615,0.0009709705110918
SLAMF7,proteomics,-0.4683402056277056,0.0001440349037276,0.0010024143418953
COMT,proteomics,0.4261458874458874,0.0001542469424963,0.0010709354226056
SELP,proteomics,0.3090748917748918,0.0001595997382509,0.0011054740163685
EDIL3,proteomics,-0.4910885281385279,0.0001651269833056,0.0011383636136849
CD7,proteomics,-0.3940593073593074,0.0001651269833056,0.0011383636136849
SNX15,proteomics,0.4480705086580081,0.0001708339512476,0.0011749356223454
TIMM8A,proteomics,0.3084594155844156,0.0001797318613242,0.0012332305883818
TBL1X,proteomics,0.4598964826839826,0.0001828088792654,0.0012484821357312
LAP3,proteomics,0.6547831709956711,0.0001828088792654,0.0012484821357312
DNAJB2,proteomics,0.5531021645021648,0.0001890881262742,0.0012883556948706
ARL2BP,proteomics,0.3685940476190475,0.0002091509655689,0.0014185298332669
ANKMY2,proteomics,0.3903857142857142,0.0002091639952576,0.0014185298332669
VEGFC,proteomics,0.2960977272727272,0.0002162893266524,0.0014634576430671
CETN2,proteomics,0.7184878246753241,0.0002236420987931,0.0015062346884158
BMPER,proteomics,-0.1975374999999999,0.0002236282875767,0.0015062346884158
TJAP1,proteomics,0.211101893939394,0.0002390569947523,0.0016063530934739
HEXIM1,proteomics,0.3704797619047618,0.0002430487279071,0.001629429889157
RP2,proteomics,0.2517936147186147,0.0002471180225587,0.0016417500241122
DCTN1,proteomics,0.4633842532467531,0.0002471330860791,0.0016417500241122
NFKB2,proteomics,-0.3699241341991341,0.0002471330860791,0.0016417500241122
PON3,proteomics,-0.2770482142857143,0.0002471330860791,0.0016417500241122
ITGAX,proteomics,-0.5644795454545456,0.0002554645616325,0.0016894183566788
PLA2G1B,proteomics,-0.3753860930735931,0.0002554645616325,0.0016894183566788
SH3BP1,proteomics,0.3729110930735931,0.0002640588771388,0.0017383876078309
HYOU1,proteomics,-0.1668804653679653,0.0002640588771388,0.0017383876078309
ENSA,proteomics,0.5036211580086583,0.0002729236850117,0.0017927099579534
CEP20,proteomics,0.5485852272727271,0.0002820668388677,0.001848612937243
F11R,proteomics,0.207698106060606,0.0002914963981248,0.0019061386391921
CASP2,proteomics,0.203181060606062,0.0003012206326849,0.0019653301547724
FCRL2,proteomics,-0.4914476731601732,0.0003112480277014,0.002026231592364
CPXM1,proteomics,0.3587141774891776,0.0003322473451831,0.0021533458757655
LY9,proteomics,-0.2419021103896104,0.0003322473451831,0.0021533458757655
PIBF1,proteomics,0.4348720238095238,0.000343237358329,0.0022147523143393
PODXL2,proteomics,-0.2496970779220778,0.000343237358329,0.0022147523143393
BEX3,proteomics,-0.5117683441558443,0.0003488387265859,0.0022410013138699
IFNGR1,proteomics,-0.1738558982683982,0.0003488387265859,0.0022410013138699
DDX39A,proteomics,-0.1970105519480519,0.0003662239088693,0.0023475273807568
CLIC5,proteomics,-0.3061862012987012,0.0003782822990853,0.00240373730484
ALCAM,proteomics,-0.158984145021645,0.0003782605338023,0.00240373730484
BECN1,proteomics,0.6211290043290043,0.0003782822990853,0.00240373730484
ATXN3,proteomics,0.5976218073593071,0.0003782822990853,0.00240373730484
ACADSB,proteomics,0.2956219696969695,0.0003844165732292,0.0024374178818853
BTNL10,proteomics,-0.2813025974025975,0.0003906885240139,0.0024718237136209
REG3A,proteomics,-0.5896197510822514,0.0004034741405508,0.0025472028354861
LPL,proteomics,-0.5910670995670997,0.0004166498001207,0.0026247141503297
MZT1,proteomics,0.2946344696969697,0.0004302264219458,0.0027044125405327
ARFIP1,proteomics,0.2836776515151515,0.0004586276028922,0.0028705963238844
NIT1,proteomics,0.5047880952380956,0.0004586276028922,0.0028705963238844
IL12RB1,proteomics,-0.322373593073593,0.0004734753917623,0.0029508924736061
IL6ST,proteomics,-0.1274594155844155,0.0004734753917623,0.0029508924736061
ST13,proteomics,0.4625811147186143,0.0004887706143842,0.0030397372464791
ADGRG2,proteomics,-0.1863012445887446,0.0005045256172838,0.0031310581301925
PRKAR2A,proteomics,0.429591937229437,0.0005207530507874,0.003211310479856
B3GAT3,proteomics,-0.1919240259740259,0.0005207244202749,0.003211310479856
SSNA1,proteomics,0.3586915584415586,0.0005207530507874,0.003211310479856
DKK1,proteomics,0.4218128246753246,0.000537465875364,0.0033004469615316
TNFRSF17,proteomics,-0.4167383116883115,0.000537465875364,0.0033004469615316
TALDO1,proteomics,0.2523753246753246,0.0005546773680663,0.0033777540559542
PDXDC1,proteomics,-0.5158188311688312,0.0005546773680663,0.0033777540559542
SHBG,proteomics,-0.472501785714286,0.0005546773680663,0.0033777540559542
HIP1,proteomics,-0.2813790584415584,0.0005546773680663,0.0033777540559542
F2R,proteomics,0.280966341991342,0.0005724011290724,0.003478437630517
GIGYF2,proteomics,0.4156929653679653,0.0006094415122846,0.0036579004936511
KIF20B,proteomics,-0.5981505952380954,0.0006094415122846,0.0036579004936511
ARHGEF5,proteomics,-0.5066894480519482,0.0006094415122846,0.0036579004936511
CD48,proteomics,-0.2227523268398268,0.0006094415122846,0.0036579004936511
PDIA2,proteomics,-0.3461574134199134,0.0006094415122846,0.0036579004936511
KIF22,proteomics,0.6449736471861472,0.0006094415122846,0.0036579004936511
KIRREL2,proteomics,-0.2957731601731601,0.0006287870107544,0.0037585775714421
PLEKHO1,proteomics,0.1676067640692639,0.0006287870107544,0.0037585775714421
TACSTD2,proteomics,-0.2447922619047619,0.0006386385017363,0.0038019151539211
RGMB,proteomics,-0.235609523809524,0.0006386385017363,0.0038019151539211
CD82,proteomics,-0.1894569264069264,0.0006487025438461,0.0038461613299438
GATD3,proteomics,0.3552080086580087,0.0006487025438461,0.0038461613299438
RAB10,proteomics,0.2155335497835497,0.0006588438593662,0.0038983817832543
GRHPR,proteomics,0.4570720238095239,0.00066920342902,0.0039516800465163
FUCA1,proteomics,-0.5676244047619048,0.0006903053482389,0.0040598843720371
LRFN2,proteomics,-0.3048757034632036,0.0006903053482389,0.0040598843720371
SCN2B,proteomics,-0.2663637445887447,0.0007120243552242,0.0041708360527462
UBE2L6,proteomics,0.2947956709956711,0.0007120243552242,0.0041708360527462
RELB,proteomics,-0.3954983225108226,0.0007457570927254,0.0043596959640728
FGF2,proteomics,0.1875385822510822,0.0007810501716533,0.0045478279915193
IGLC2,proteomics,-0.1785880411255411,0.0007810097571071,0.0045478279915193
EDF1,proteomics,0.5237167207792206,0.0008054057618688,0.0046617842414703
DNPH1,proteomics,0.4941816558441572,0.0008054057618688,0.0046617842414703
EEF1D,proteomics,0.4189120129870129,0.0008054057618688,0.0046617842414703
SPRR3,proteomics,-0.3362110930735929,0.0008304645460793,0.0047878656177313
PFKFB2,proteomics,0.5467148809523811,0.0008304645460793,0.0047878656177313
TSLP,proteomics,-0.4015209956709956,0.0008562449667692,0.0049267796020994
CEACAM18,proteomics,-0.3987444805194803,0.0008827658918978,0.005059460200034
DCC,proteomics,-0.2272951298701297,0.0008827658918978,0.005059460200034
SEZ6L,proteomics,-0.2160734848484848,0.000909954661255,0.0051954419511912
PCNA,proteomics,-0.2021598484848487,0.0009100466229934,0.0051954419511912
TNFRSF8,proteomics,-0.4581198593073593,0.0009381069033538,0.0053038423181884
CDH23,proteomics,-0.1879709956709955,0.0009381069033538,0.0053038423181884
IRAK1,proteomics,0.2818483766233766,0.0009381069033538,0.0053038423181884
COL2A1,proteomics,0.3914003246753244,0.0009381069033538,0.0053038423181884
TOP2B,proteomics,0.4731481060606058,0.0009381069033538,0.0053038423181884
SEL1L,proteomics,-0.2179443722943722,0.0009669669263518,0.0054250370935249
BAX,proteomics,0.6030590909090908,0.0009669669263518,0.0054250370935249
FOLR2,proteomics,-0.2487033008658007,0.0009669669263518,0.0054250370935249
BSG,proteomics,-0.1105814393939393,0.0009669185354025,0.0054250370935249
OSMR,proteomics,-0.1374964826839826,0.0009966473438463,0.0055595423398146
DDR1,proteomics,-0.1938078463203463,0.0009965977071788,0.0055595423398146
TMPRSS11D,proteomics,-0.2801840367965369,0.0009966473438463,0.0055595423398146
SERPINA3,proteomics,-0.1607814935064935,0.0010271692746994,0.0056971836621375
LRTM2,proteomics,-0.1979956168831168,0.0010271692746994,0.0056971836621375
TGFBR1,proteomics,-0.2294379329004328,0.0010271692746994,0.0056971836621375
ITGA6,proteomics,0.3344504329004323,0.0010427009790856,0.0057723768217182
PPME1,proteomics,0.6154912337662344,0.0010585543133985,0.0058380269020072
SCPEP1,proteomics,0.4107963744588742,0.0010585543133985,0.0058380269020072
HSD11B1,proteomics,-0.3194186147186146,0.0010908245387837,0.006004670672062
CD27,proteomics,-0.2990564935064935,0.0011240025228807,0.0061640888825146
ADGRB3,proteomics,-0.3101460497835498,0.0011240025228807,0.0061640888825146
TXN,proteomics,0.2973801948051945,0.0011581113398375,0.0063392498995229
AP3S2,proteomics,0.1394706168831168,0.0011931168565822,0.0064946914015434
LEPR,proteomics,-0.2097873917748917,0.0011931745749671,0.0064946914015434
MET,proteomics,-0.1691130952380952,0.0011931745749671,0.0064946914015434
C7orf50,proteomics,-0.0988712121212121,0.0012291571623707,0.0066414035932852
DSG2,proteomics,-0.2287757575757576,0.0012292163338923,0.0066414035932852
PTGES2,proteomics,0.3268086038961039,0.0012292163338923,0.0066414035932852
SLITRK6,proteomics,-0.2461027597402597,0.0012292163338923,0.0066414035932852
PPIF,proteomics,0.3787839285714284,0.0012662612517962,0.0068289329132851
DLL1,proteomics,-0.201578354978355,0.0013043345027746,0.0070084002786954
SRP14,proteomics,0.3314939393939394,0.0013043345027746,0.0070084002786954
GSN,proteomics,-0.1683257575757575,0.0013434618092911,0.0072053924193727
SOWAHA,proteomics,-0.3375600108225113,0.001383669451735,0.0073804120573386
CEP290,proteomics,-0.387440367965368,0.0013836041441676,0.0073804120573386
CTRL,proteomics,-0.4735916666666667,0.001383669451735,0.0073804120573386
TRDMT1,proteomics,0.418723051948052,0.0014249842780796,0.0075731437178671
HDGFL2,proteomics,0.2579762445887446,0.0014249173527923,0.0075731437178671
SRPK2,proteomics,0.2032976731601731,0.0014674337136421,0.0077845893738219
HMMR,proteomics,-0.278229329004329,0.0015110457709422,0.0080014253414208
KIR3DL2,proteomics,-0.3588882034632034,0.0016018727966972,0.0084062373155223
NME3,proteomics,-0.2160347943722944,0.0016018727966972,0.0084062373155223
SFRP1,proteomics,-0.3702569264069264,0.0016017990482498,0.0084062373155223
BLOC1S3,proteomics,0.1522653679653679,0.0016017990482498,0.0084062373155223
PCDH1,proteomics,-0.14129329004329,0.0016018727966972,0.0084062373155223
APEX1,proteomics,0.409287283549784,0.0016252023499457,0.0085133807686225
ASPSCR1,proteomics,0.4025766774891776,0.0017475681888431,0.0091379996708202
LILRA4,proteomics,-0.3414363095238092,0.0017729231270163,0.0092540255361943
PLA2G10,proteomics,-0.4536722943722944,0.0017987783898533,0.0093722446230683
MMP1,proteomics,0.6938480519480519,0.0018513645906351,0.00959492677026
VWC2L,proteomics,-0.2420187229437228,0.0018513645906351,0.00959492677026
SOX9,proteomics,-0.2202130411255411,0.0018513645906351,0.00959492677026
FASLG,proteomics,-0.3356323051948049,0.0019053598679297,0.0098398708373829
LTBP3,proteomics,-0.4127661796536795,0.0019053598679297,0.0098398708373829
SHPK,proteomics,-0.2392617424242424,0.0019607979787424,0.010108311273129
IL21R,proteomics,-0.2591655844155844,0.0020177133711415,0.0103651602528063
EIF2S2,proteomics,0.2517214826839826,0.0020177133711415,0.0103651602528063
SLIRP,proteomics,-0.2214249999999999,0.002076141195144,0.0106279522126199
VCAN,proteomics,-0.2334456709956709,0.002076141195144,0.0106279522126199
PIK3IP1,proteomics,-0.1752931818181818,0.0021360238283799,0.010915380507613
MTPN,proteomics,0.1801785714285714,0.0021975826268619,0.0111913130851274
MTSS2,proteomics,0.4234378246753245,0.0021976783136719,0.0111913130851274
TNIP1,proteomics,0.299608225108225,0.0022608615171176,0.0114730871780118
LSM1,proteomics,0.2870900974025974,0.0022608615171176,0.0114730871780118
SOX2,proteomics,-0.1824310064935065,0.002325704992355,0.0117613074267367
NPR1,proteomics,-0.1496405844155844,0.002325704992355,0.0117613074267367
VWF,proteomics,-0.4260693722943725,0.0023922475653277,0.0120353522090415
FLRT2,proteomics,-0.2200916125541125,0.0023922475653277,0.0120353522090415
CRIM1,proteomics,-0.1434419913419913,0.0023922475653277,0.0120353522090415
MAPK9,proteomics,0.2171253787878788,0.002425960872968,0.0121839924943049
RNF5,proteomics,0.2738080627705629,0.0024605288309563,0.0123152838576803
TREML2,proteomics,-0.2370045454545453,0.0024605288309563,0.0123152838576803
IQGAP2,proteomics,0.3202429653679652,0.0025304817964968,0.0125797825307123
CD40,proteomics,0.1543566017316018,0.002530589164577,0.0125797825307123
ADAM8,proteomics,-0.1579202922077922,0.002530589164577,0.0125797825307123
ITGB7,proteomics,-0.2909535714285713,0.0025304817964968,0.0125797825307123
RNASEH2A,proteomics,0.1642378787878787,0.0026024697334525,0.0128496943089217
TNFAIP8,proteomics,0.6550893398268399,0.0026024697334525,0.0128496943089217
CDAN1,proteomics,-0.1380762445887445,0.0026024697334525,0.0128496943089217
ODAM,proteomics,-0.433407251082251,0.0026024697334525,0.0128496943089217
RANBP1,proteomics,0.5651113636363636,0.0026762125083491,0.0131693083533749
GID8,proteomics,-0.2280916666666667,0.0026762125083491,0.0131693083533749
TXNRD1,proteomics,0.1630932900432899,0.0027518602751821,0.0134961201079823
TYRO3,proteomics,-0.1870617424242424,0.0027518602751821,0.0134961201079823
CTBS,proteomics,-0.1763446969696969,0.0028293390844665,0.0137383750471261
LY96,proteomics,-0.2890790584415584,0.0028294566467225,0.0137383750471261
CX3CL1,proteomics,-0.3169809523809524,0.0028294566467225,0.0137383750471261
CEP43,proteomics,0.4218404761904762,0.0028294566467225,0.0137383750471261
ITPRIP,proteomics,-0.197210119047619,0.0028294566467225,0.0137383750471261
GART,proteomics,-0.1440787337662337,0.0028293390844665,0.0137383750471261
MMP15,proteomics,-0.2102652597402597,0.0029090460743657,0.0140780491314089
UBQLN3,proteomics,-0.2939520562770564,0.0029090460743657,0.0140780491314089
CA7,proteomics,-0.2932806277056278,0.0029494807178889,0.0142501357659327
INSR,proteomics,-0.127010119047619,0.002990673859958,0.0143778613366073
PEAR1,proteomics,-0.140754816017316,0.002990673859958,0.0143778613366073
ANXA2,proteomics,0.2700055194805197,0.002990673859958,0.0143778613366073
AK1,proteomics,0.5074432900432897,0.0030743861676779,0.0146358807298413
AIFM1,proteomics,0.5135067099567099,0.0030743861676779,0.0146358807298413
CR1,proteomics,-0.2555599025974026,0.0030743861676779,0.0146358807298413
LEG1,proteomics,-0.4956662337662337,0.0030743861676779,0.0146358807298413
DENND2B,proteomics,-0.2352958333333334,0.0030743861676779,0.0146358807298413
GAPDH,proteomics,0.5600958333333335,0.0030743861676779,0.0146358807298413
PRSS27,proteomics,-0.3009683441558442,0.0031602300359701,0.0149957019401637
TLR1,proteomics,-0.2318890692640692,0.0031602300359701,0.0149957019401637
HNRNPUL1,proteomics,0.2683529761904761,0.0032482533895286,0.0153386828070957
GLI2,proteomics,-0.1637747835497835,0.0032482533895286,0.0153386828070957
TNFRSF9,proteomics,-0.2754175324675324,0.0032482533895286,0.0153386828070957
CD160,proteomics,-0.2912785714285714,0.0033385050513256,0.0157394359113304
BCAN,proteomics,-0.2618567640692639,0.0033842102870349,0.0159292216892159
TNFRSF4,proteomics,-0.2193455086580086,0.0034310347546838,0.0160977762246243
DDX25,proteomics,-0.3030037878787878,0.0034310347546838,0.0160977762246243
BRDT,proteomics,0.2435880952380952,0.0035258931553881,0.0164372977562991
CD1C,proteomics,-0.1645239718614718,0.0035257527514576,0.0164372977562991
CERT,proteomics,0.4873473484848486,0.0035258931553881,0.0164372977562991
MMP13,proteomics,-0.3633233225108224,0.0035257527514576,0.0164372977562991
ENPP2,proteomics,-0.1679640151515151,0.0036231318438332,0.0168101815548008
VPS28,proteomics,0.2466329004329003,0.0036231318438332,0.0168101815548008
CRNN,proteomics,-0.5150987012987014,0.0036231318438332,0.0168101815548008
SUSD5,proteomics,-0.2548030303030303,0.0037228033572041,0.0171636501784033
TMEM25,proteomics,-0.3638191558441558,0.0037228033572041,0.0171636501784033
BOLA2_BOLA2B,proteomics,0.4758145562770564,0.0037228033572041,0.0171636501784033
DHODH,proteomics,-0.3292797077922078,0.0037228033572041,0.0171636501784033
DEFA1_DEFA1B,proteomics,-0.2663440476190475,0.0038249611916857,0.0175515880114558
C7,proteomics,-0.2257958874458875,0.0038249611916857,0.0175515880114558
CASC3,proteomics,0.2846992965367965,0.0038249611916857,0.0175515880114558
TGOLN2,proteomics,-0.1829312770562771,0.0038768379625558,0.0177617513550952
ACOX1,proteomics,0.2750220238095238,0.0039296598146971,0.0179755800287319
TLR2,proteomics,-0.2211752705627706,0.0040369546771481,0.0183515062539719
PLIN3,proteomics,0.1627808441558442,0.0040369546771481,0.0183515062539719
BOC,proteomics,-0.1582553571428571,0.0040369546771481,0.0183515062539719
KLK11,proteomics,-0.1723561147186147,0.0040369546771481,0.0183515062539719
PSME1,proteomics,0.2657890692640692,0.0041469022257125,0.0187928607841205
NELL2,proteomics,-0.2311654761904761,0.004146742364645,0.0187928607841205
ADAM15,proteomics,-0.1814161255411255,0.0042027270940319,0.0190163642350704
ASAH1,proteomics,0.2041544372294373,0.0042595599151153,0.0191549132798187
CD164L2,proteomics,-0.2534660173160173,0.0042595599151153,0.0191549132798187
MRPL58,proteomics,0.3432983766233766,0.0042595599151153,0.0191549132798187
RUVBL1,proteomics,-0.5921473484848485,0.0042595599151153,0.0191549132798187
CLEC1A,proteomics,-0.1962715909090909,0.004374986220429,0.0195835906926707
CD5L,proteomics,-0.3580386363636362,0.004374986220429,0.0195835906926707
ITIH3,proteomics,-0.3675017857142857,0.004374986220429,0.0195835906926707
SH2D1A,proteomics,0.2940563311688313,0.0044932406493746,0.0200515151421712
NMRK2,proteomics,-0.2003243506493506,0.0044932406493746,0.0200515151421712
PTTG1,proteomics,-0.2221563311688312,0.0046143837546242,0.0205607373700713
FGFBP1,proteomics,-0.2446497835497835,0.0047384771460986,0.0209857101485552
TNFRSF1B,proteomics,-0.243094264069264,0.0047384771460986,0.0209857101485552
BRD2,proteomics,-0.1913147727272728,0.0047384771460986,0.0209857101485552
NECAP2,proteomics,0.2974069264069264,0.0047384771460986,0.0209857101485552
VTCN1,proteomics,-0.2593165043290042,0.0048655835032573,0.0215160371861136
AP1G2,proteomics,0.2347055194805195,0.0049957665873749,0.0219588356915743
TIE1,proteomics,-0.2025910173160173,0.0049957665873749,0.0219588356915743
SIGLEC15,proteomics,-0.1994261904761904,0.0049957665873749,0.0219588356915743
NECTIN4,proteomics,-0.153146645021645,0.0049955812766806,0.0219588356915743
NRCAM,proteomics,-0.1778679112554113,0.0051290912538003,0.0223766175147141
CLU,proteomics,-0.1129441017316017,0.0051290912538003,0.0223766175147141
MARCO,proteomics,-0.1877980519480519,0.0051290912538003,0.0223766175147141
CDH3,proteomics,-0.214440422077922,0.0051290912538003,0.0223766175147141
LCN2,proteomics,-0.2203488636363636,0.0051290912538003,0.0223766175147141
MRPL28,proteomics,-0.1923353896103896,0.0051967610780823,0.0226380516113782
ATXN10,proteomics,0.410652867965368,0.0052656234641922,0.0227683689139556
CCL28,proteomics,-0.2244868506493506,0.0052656234641922,0.0227683689139556
STK24,proteomics,0.2826154220779221,0.0052656234641922,0.0227683689139556
CASP7,proteomics,0.4297051948051948,0.0052656234641922,0.0227683689139556
RRM2B,proteomics,0.2940975649350649,0.0052656234641922,0.0227683689139556
ARID4B,proteomics,-0.3460725649350649,0.0054054302987275,0.0232012815905735
ID4,proteomics,-0.2834196428571429,0.0054052331166279,0.0232012815905735
SERPINA7,proteomics,-0.1798181277056277,0.0054054302987275,0.0232012815905735
LRP2BP,proteomics,-0.6022464826839833,0.0054054302987275,0.0232012815905735
ROBO4,proteomics,-0.1191008116883117,0.0054054302987275,0.0232012815905735
RLN1,proteomics,-0.4637660714285712,0.0055485799682761,0.0236766412368922
CD109,proteomics,-0.2095740800865801,0.0055485799682761,0.0236766412368922
SPRING1,proteomics,-0.2997139610389611,0.0055485799682761,0.0236766412368922
CYB5R2,proteomics,0.2425983225108225,0.0055485799682761,0.0236766412368922
TPMT,proteomics,0.4224517857142856,0.0056949363942937,0.024230420786784
RAP1A,proteomics,-0.406620725108225,0.0056949363942937,0.024230420786784
MCFD2,proteomics,0.1854306277056277,0.0058451863821378,0.0246899997037414
ADAMTSL4,proteomics,-0.1468162878787879,0.0058451863821378,0.0246899997037414
VCPKMT,proteomics,-0.569634090909091,0.0058451863821378,0.0246899997037414
WFIKKN2,proteomics,-0.2743545995670996,0.0058451863821378,0.0246899997037414
TET2,proteomics,-0.6654121212121211,0.0058451863821378,0.0246899997037414
APOF,proteomics,-0.1037612012987013,0.0059987853106666,0.0251931745159176
CD300A,proteomics,-0.1402714285714284,0.0059987853106666,0.0251931745159176
CLASP1,proteomics,-0.3554458333333333,0.0059987853106666,0.0251931745159176
SELL,proteomics,-0.2013829545454545,0.0059987853106666,0.0251931745159176
SEMA7A,proteomics,-0.1870883658008658,0.0061560114666744,0.0257794004542827
S100A3,proteomics,-0.1931298701298701,0.0061560114666744,0.0257794004542827
TINAGL1,proteomics,-0.1486268939393939,0.0063169388955984,0.0264154683717229
ITGB1,proteomics,-0.1130251082251082,0.0063985890447456,0.0267186796825595
CD226,proteomics,0.217856277056277,0.0064816428456273,0.0269883789711807
SLC44A4,proteomics,-0.2577757575757576,0.0064816428456273,0.0269883789711807
PTPRS,proteomics,-0.176383225108225,0.0066501997794927,0.027572388589301
CA14,proteomics,-0.2510017857142858,0.0066499679221998,0.027572388589301
NUDT10,proteomics,-0.0760652597402596,0.0066501997794927,0.027572388589301
IFNL2,proteomics,-0.2690779761904762,0.0068226873861829,0.0282474719969019
LTB,proteomics,-0.1850108225108225,0.0069987021120815,0.0288149529071717
GPR101,proteomics,-0.2745171536796537,0.0069991845925733,0.0288149529071717
SEMA3G,proteomics,-0.1963998917748917,0.0069991845925733,0.0288149529071717
CKMT1A_CKMT1B,proteomics,-0.5941254329004337,0.0069989433501336,0.0288149529071717
ACSL1,proteomics,-0.2576909090909091,0.0071797715749656,0.029351709529545
COL3A1,proteomics,-0.2197451298701299,0.0071797715749656,0.029351709529545
AXL,proteomics,-0.1998983766233766,0.0071797715749656,0.029351709529545
CELA3A,proteomics,-0.3773390692640691,0.0071797715749656,0.029351709529545
MENT,proteomics,-0.1365482142857143,0.0071795255287234,0.029351709529545
CA11,proteomics,-0.1038930194805194,0.0072713756554705,0.0296846802247772
MEGF11,proteomics,-0.1231585497835497,0.0073645297705315,0.0300230411705212
ZPR1,proteomics,-0.6132214826839827,0.0074582454770664,0.0303627458627649
REG1A,proteomics,-0.4585405303030302,0.0075535418886526,0.0305380400283977
S100A16,proteomics,-0.3908478896103891,0.0075535418886526,0.0305380400283977
HS6ST1,proteomics,-0.1696936147186148,0.0075535418886526,0.0305380400283977
PIGR,proteomics,-0.2295052489177488,0.0075535418886526,0.0305380400283977
SCGB2A2,proteomics,-0.1128400974025974,0.0075535418886526,0.0305380400283977
NXPH3,proteomics,-0.2445097402597402,0.0076494109804631,0.0308829120109029
EFEMP1,proteomics,-0.2454602813852814,0.0077468919221515,0.0311474072743452
KIAA2013,proteomics,-0.1250040043290042,0.0077468919221515,0.0311474072743452
UGDH,proteomics,-0.4115380411255411,0.0077468919221515,0.0311474072743452
IL10RA,proteomics,0.0330699675324675,0.0079446651584068,0.0317243937951135
EPHB6,proteomics,-0.1730574134199135,0.0079446651584068,0.0317243937951135
TSNAX,proteomics,0.3165990800865801,0.0079446651584068,0.0317243937951135
KLRC1,proteomics,-0.191734577922078,0.0079446651584068,0.0317243937951135
TIMD4,proteomics,-0.3466406926406927,0.0079446651584068,0.0317243937951135
SPINK1,proteomics,-0.2761143939393938,0.0081469481903448,0.0323993599460924
PSIP1,proteomics,0.2154971861471861,0.0081466769862412,0.0323993599460924
TJP3,proteomics,-0.2126468614718614,0.0081469481903448,0.0323993599460924
TNXB,proteomics,-0.1793642316017316,0.0083538289273023,0.0330422759871514
DPP10,proteomics,-0.2755037337662338,0.00835355245932,0.0330422759871514
EPHA4,proteomics,-0.2021147186147185,0.0083538289273023,0.0330422759871514
GPKOW,proteomics,-0.1393720779220779,0.00835355245932,0.0330422759871514
CD58,proteomics,-0.0925938852813852,0.0085653966057526,0.0337876575959715
AKT1S1,proteomics,0.422016233766234,0.0085653966057526,0.0337876575959715
SEPTIN9,proteomics,0.0992700216450216,0.0087817417998873,0.034547821374254
HLA.E,proteomics,-0.1392365259740257,0.0087817417998873,0.034547821374254
CD274,proteomics,-0.1698770562770563,0.009002956432049,0.0352284359449523
SMPDL3A,proteomics,-0.2949785173160175,0.009002956432049,0.0352284359449523
CD46,proteomics,-0.1315636363636363,0.0090026636965096,0.0352284359449523
SPINT1,proteomics,-0.1408699134199134,0.009002956432049,0.0352284359449523
ICAM1,proteomics,-0.1926089826839827,0.0094603685020536,0.0367233162436955
CXCL16,proteomics,-0.1502631493506493,0.0094603685020536,0.0367233162436955
FZD10,proteomics,-0.3035402056277055,0.0094603685020536,0.0367233162436955
GAD1,proteomics,-0.1514737012987013,0.0094603685020536,0.0367233162436955
BAMBI,proteomics,-0.0876131493506493,0.0094603685020536,0.0367233162436955
GRK5,proteomics,0.3418690476190476,0.0094603685020536,0.0367233162436955
PRC1,proteomics,-0.124181277056277,0.0096964468873672,0.0375412180018416
CDH22,proteomics,-0.1921941017316017,0.0096967566169656,0.0375412180018416
TIMP2,proteomics,-0.1478784090909091,0.0098166009522008,0.0379549266974645
REG1B,proteomics,-0.4964835497835496,0.0099383955437349,0.0382235923346543
NEO1,proteomics,-0.1736224567099567,0.0099383955437349,0.0382235923346543
CHGB,proteomics,-0.3169355519480522,0.0099383955437349,0.0382235923346543
CDC123,proteomics,-0.365458170995671,0.0099383955437349,0.0382235923346543
NCR1,proteomics,-0.1686173701298701,0.0100608963820623,0.0386438897828753
TEK,proteomics,-0.1274852813852814,0.0101853840961499,0.039019498968606
FSTL1,proteomics,-0.1073049783549783,0.0101853840961499,0.039019498968606
CALCOCO1,proteomics,0.3173117424242423,0.0104374950294787,0.0397780380096083
SIGLEC10,proteomics,-0.1879357142857142,0.0104378224951657,0.0397780380096083
NME1,proteomics,-0.1606808982683982,0.0104378224951657,0.0397780380096083
SCGN,proteomics,-0.304176028138528,0.0104378224951657,0.0397780380096083
NRXN3,proteomics,-0.1841582792207792,0.0106958123780744,0.0402884788416387
DNER,proteomics,-0.2008590367965368,0.0106958123780744,0.0402884788416387
NUP50,proteomics,-0.1495647186147186,0.0106958123780744,0.0402884788416387
ZNF174,proteomics,-0.2519448051948051,0.0106958123780744,0.0402884788416387
CNTNAP4,proteomics,-0.3663481060606058,0.0106958123780744,0.0402884788416387
RFC4,proteomics,-0.1444485389610388,0.0106958123780744,0.0402884788416387
TARM1,proteomics,-0.4263449134199132,0.0106958123780744,0.0402884788416387
JCHAIN,proteomics,-0.261565422077922,0.0106958123780744,0.0402884788416387
CADPS,proteomics,-0.2115385822510822,0.0106958123780744,0.0402884788416387
IMPACT,proteomics,0.4040976731601731,0.0109594568074642,0.040652908944439
ASRGL1,proteomics,0.3919113095238095,0.0109594568074642,0.040652908944439
MVK,proteomics,0.3238143939393939,0.0109594568074642,0.040652908944439
EIF4EBP1,proteomics,0.5172422077922079,0.0109594568074642,0.040652908944439
EXOSC10,proteomics,-0.2404718614718612,0.0109594568074642,0.040652908944439
VWA5A,proteomics,-0.4049902056277056,0.0109594568074642,0.040652908944439
RAC3,proteomics,-0.3042214285714286,0.0109594568074642,0.040652908944439
FGF5,proteomics,-0.2726672077922077,0.0108265846605385,0.040652908944439
NOTCH3,proteomics,-0.2416934523809523,0.0109594568074642,0.040652908944439
SIGLEC1,proteomics,-0.2650160173160173,0.0109594568074642,0.040652908944439
DLGAP5,proteomics,-0.3042675324675323,0.0109594568074642,0.040652908944439
RPGR,proteomics,-0.2247184523809523,0.0109594568074642,0.040652908944439
SPRR1B,proteomics,-0.2667746212121211,0.0112288602799597,0.0413896073118819
C1S,proteomics,-0.132775487012987,0.0112288602799597,0.0413896073118819
PHOSPHO1,proteomics,-0.1713898268398268,0.0112288602799597,0.0413896073118819
GABARAPL1,proteomics,-0.2561727272727269,0.0112288602799597,0.0413896073118819
TFF3,proteomics,-0.1964710497835498,0.0112288602799597,0.0413896073118819
ADD1,proteomics,0.5614121212121215,0.0115041287347357,0.041824089914966
STX7,proteomics,0.3553461038961032,0.0115041287347357,0.041824089914966
ITIH4,proteomics,-0.2508742424242424,0.0115041287347357,0.041824089914966
ARAF,proteomics,-0.2793190476190476,0.0115041287347357,0.041824089914966
CCT5,proteomics,0.1943909090909088,0.0115041287347357,0.041824089914966
DDX53,proteomics,-0.2752997835497835,0.0115041287347357,0.041824089914966
GBP2,proteomics,0.4127476731601732,0.0115041287347357,0.041824089914966
VCAM1,proteomics,-0.1769949675324675,0.0115041287347357,0.041824089914966
PDZD2,proteomics,0.2192706168831168,0.0115041287347357,0.041824089914966
PDGFRA,proteomics,-0.1777253787878787,0.0115041287347357,0.041824089914966
RNASET2,proteomics,-0.1385842532467532,0.0115041287347357,0.041824089914966
BMP10,proteomics,-0.2075904761904762,0.0116436403401931,0.0422787089619685
SHC1,proteomics,-0.4575195346320348,0.0117853695617958,0.0424767388768548
SUSD2,proteomics,-0.1678462121212122,0.0117853695617958,0.0424767388768548
NECTIN1,proteomics,-0.1891507034632035,0.0117853695617958,0.0424767388768548
PAK4,proteomics,0.3954881493506491,0.0117853695617958,0.0424767388768548
TCP11,proteomics,-0.2133730519480523,0.0117853695617958,0.0424767388768548
POF1B,proteomics,-0.2865977272727272,0.0117853695617958,0.0424767388768548
CCL13,proteomics,0.3133553571428572,0.0120726916100079,0.0432987454920899
NTF4,proteomics,-0.2089589285714285,0.012072326388724,0.0432987454920899
LYPD3,proteomics,-0.1580659632034632,0.0120726916100079,0.0432987454920899
ITIH1,proteomics,-0.1037297077922078,0.0120726916100079,0.0432987454920899
FCRL1,proteomics,-0.3192912878787878,0.0122182990006162,0.0437136939765011
GRN,proteomics,-0.1510849567099567,0.0122182990006162,0.0437136939765011
NPHS2,proteomics,-0.3635849025974026,0.0123658333793178,0.043973744263578
NHLRC3,proteomics,-0.2006964826839826,0.0123662051948892,0.043973744263578
MYBPC2,proteomics,0.4963156385281385,0.0123662051948892,0.043973744263578
GZMH,proteomics,0.3987191017316019,0.0123662051948892,0.043973744263578
SLC27A4,proteomics,0.217966396103896,0.0123662051948892,0.043973744263578
SH2B3,proteomics,0.2693397727272724,0.0126660221061306,0.0448217707218157
PCDHB15,proteomics,-0.2710406926406926,0.0126660221061306,0.0448217707218157
SWAP70,proteomics,0.2000364177489177,0.0126660221061306,0.0448217707218157
CLEC2L,proteomics,-0.2543734848484849,0.0126660221061306,0.0448217707218157
IL20RB,proteomics,-0.1980217532467532,0.0128179477773135,0.0452498325520381
LPCAT2,proteomics,-0.095479383116883,0.0128179477773135,0.0452498325520381
IFIT1,proteomics,-0.3198931277056276,0.0132850204805952,0.0464498981636123
DCLRE1C,proteomics,-0.25553079004329,0.0132850204805952,0.0464498981636123
LRIG3,proteomics,-0.1238786796536797,0.0132850204805952,0.0464498981636123
ICOSLG,proteomics,-0.1596671536796538,0.0132846283561933,0.0464498981636123
RELT,proteomics,-0.1496717532467532,0.0132850204805952,0.0464498981636123
GAGE2A,proteomics,-0.1705699675324676,0.0132850204805952,0.0464498981636123
SERPINC1,proteomics,-0.117987987012987,0.0132850204805952,0.0464498981636123
AHSA1,proteomics,0.4264123376623378,0.0132850204805952,0.0464498981636123
THAP12,proteomics,-0.4874069805194805,0.0136044329579957,0.0473966120813129
IL1RAP,proteomics,-0.2464577380952381,0.0136044329579957,0.0473966120813129
S100G,proteomics,-0.3716577380952381,0.0136044329579957,0.0473966120813129
CLEC5A,proteomics,-0.1630084956709956,0.01393061080321,0.0483026991432776
MYH9,proteomics,0.252496699134199,0.01393061080321,0.0483026991432776
CSDE1,proteomics,0.1513316558441557,0.01393061080321,0.0483026991432776
TNFRSF21,proteomics,-0.1604126623376623,0.01393061080321,0.0483026991432776
COCH,proteomics,0.1843650432900433,0.014263673280005,0.049223987009982
TNFRSF11B,proteomics,-0.1996553571428571,0.0142632600497105,0.049223987009982
MUCL3,proteomics,-0.242264448051948,0.014263673280005,0.049223987009982
SMTN,proteomics,0.237534145021645,0.014263673280005,0.049223987009982
DCN,proteomics,-0.0973917748917748,0.0144324071127373,0.0497475542341171
PMCH,proteomics,-0.2049878787878785,0.0146037411655507,0.0501018021442544
EPB41L5,proteomics,-0.3430786796536796,0.0146037411655507,0.0501018021442544
C5,proteomics,-0.1084176406926407,0.0146037411655507,0.0501018021442544
STX8,proteomics,0.1251881493506493,0.0146037411655507,0.0501018021442544
FLT4,proteomics,-0.1559809523809523,0.0149509367558921,0.0508158001598518
H2AP,proteomics,-0.2023555735930733,0.0149509367558921,0.0508158001598518
GADD45B,proteomics,-0.2103187229437229,0.0149509367558921,0.0508158001598518
KRT6C,proteomics,-0.1641251082251082,0.0149509367558921,0.0508158001598518
VEGFB,proteomics,-0.2171773809523809,0.0149509367558921,0.0508158001598518
CA2,proteomics,0.5242320346320342,0.0149509367558921,0.0508158001598518
FOLR1,proteomics,-0.2180429112554112,0.0149509367558921,0.0508158001598518
CD5,proteomics,-0.1862811147186147,0.0149509367558921,0.0508158001598518
MANSC1,proteomics,-0.1774766233766233,0.0153053838710928,0.0516005041005819
PRR4,proteomics,-0.4604629329004331,0.0153053838710928,0.0516005041005819
MAN2B2,proteomics,-0.4319891233766233,0.0153053838710928,0.0516005041005819
PLTP,proteomics,-0.178670238095238,0.0153053838710928,0.0516005041005819
KLRF1,proteomics,-0.1795305194805194,0.0153053838710928,0.0516005041005819
CLGN,proteomics,-0.3377296536796536,0.0153049487286331,0.0516005041005819
ADAMTS13,proteomics,-0.1499452922077922,0.0153053838710928,0.0516005041005819
LONP1,proteomics,0.1179966991341991,0.0154844881206709,0.0521441921390798
NAAA,proteomics,-0.4102984848484848,0.0156672078600427,0.0525777825199828
TMED10,proteomics,-0.3500342532467533,0.0156672078600427,0.0525777825199828
PRSS22,proteomics,-0.2632569264069264,0.0156667652329875,0.0525777825199828
SCG3,proteomics,-0.2361820346320346,0.0160365356049192,0.0532668108786125
AAMDC,proteomics,0.1844103354978354,0.0160365356049192,0.0532668108786125
REST,proteomics,-0.2718278679653678,0.0160365356049192,0.0532668108786125
IL5RA,proteomics,-0.2728859307359306,0.0160365356049192,0.0532668108786125
NTRK2,proteomics,-0.0929708874458874,0.0160365356049192,0.0532668108786125
MAP1LC3B2,proteomics,-0.3989049242424243,0.0160365356049192,0.0532668108786125
GGA1,proteomics,-0.3148807359307358,0.0160360854025771,0.0532668108786125
EVI2B,proteomics,-0.1693738095238093,0.0160365356049192,0.0532668108786125
DSC2,proteomics,-0.2162485389610389,0.0160365356049192,0.0532668108786125
SNX2,proteomics,0.2859879329004329,0.0164134955252952,0.0540277561040969
ATP1B3,proteomics,-0.27065091991342,0.0164134955252952,0.0540277561040969
BIRC2,proteomics,0.2432063852813855,0.0164134955252952,0.0540277561040969
SPINK5,proteomics,-0.1943467532467531,0.0164134955252952,0.0540277561040969
UROS,proteomics,0.4539794372294374,0.0164134955252952,0.0540277561040969
ENG,proteomics,-0.1182670995670995,0.0164134955252952,0.0540277561040969
COMMD1,proteomics,0.2198860930735929,0.0164134955252952,0.0540277561040969
ALDH2,proteomics,-0.3475219696969697,0.0164134955252952,0.0540277561040969
IFNW1,proteomics,-0.1286383116883117,0.0167982175818835,0.0550461771209032
ADIPOQ,proteomics,-0.5509083333333336,0.0167982175818835,0.0550461771209032
PFDN4,proteomics,-0.2642986471861472,0.0167982175818835,0.0550461771209032
CD300LG,proteomics,-0.2584411796536796,0.0167982175818835,0.0550461771209032
PSG1,proteomics,-0.4576920454545454,0.0171908332799096,0.0560812563361337
FUT1,proteomics,-0.1887241341991342,0.0171908332799096,0.0560812563361337
OFD1,proteomics,-0.1545337121212121,0.0171908332799096,0.0560812563361337
IL10RB,proteomics,-0.1468022727272727,0.0171908332799096,0.0560812563361337
IKBKG,proteomics,0.1661676406926407,0.0175909942576118,0.0571332037661749
NCAN,proteomics,-0.2395225649350649,0.0175914756721031,0.0571332037661749
ATP1B2,proteomics,-0.1402670995670996,0.0175914756721031,0.0571332037661749
GIT1,proteomics,0.3266825757575757,0.0175914756721031,0.0571332037661749
SDHB,proteomics,0.2210840367965367,0.0180002793613001,0.0581379188652822
SCARF2,proteomics,-0.1660786255411256,0.0180002793613001,0.0581379188652822
MYL1,proteomics,-0.173627922077922,0.0180002793613001,0.0581379188652822
FLT3,proteomics,-0.2116136363636363,0.0180002793613001,0.0581379188652822
WASF1,proteomics,0.1852338203463203,0.0180002793613001,0.0581379188652822
CHM,proteomics,0.2168360930735929,0.0184168829332539,0.059223325862745
CD34,proteomics,-0.1511502705627707,0.0184168829332539,0.059223325862745
ILKAP,proteomics,0.3193183441558441,0.0184173805026463,0.059223325862745
VASN,proteomics,-0.1150102813852813,0.0184173805026463,0.059223325862745
CFD,proteomics,-0.1288214285714286,0.0188424110209519,0.0603923748050029
SMPD1,proteomics,-0.2426442640692639,0.0188429168053926,0.0603923748050029
IGFBP2,proteomics,-0.3378097943722945,0.0188429168053926,0.0603923748050029
MSLNL,proteomics,-0.2602866341991341,0.0190583816753374,0.0610160456046125
MYLPF,proteomics,0.2412126623376624,0.0192770275342742,0.061513920832624
UNC5D,proteomics,-0.1276386363636363,0.0192770275342742,0.061513920832624
PDIA5,proteomics,0.2827695346320346,0.0192770275342742,0.061513920832624
ECI2,proteomics,0.1759345779220779,0.0194968239751396,0.0621474552664483
FGF20,proteomics,-0.1812396103896104,0.0197198535104644,0.062721579772674
CLEC7A,proteomics,-0.2495053571428571,0.0197198535104644,0.062721579772674
F2,proteomics,-0.0959367424242424,0.019944052424829,0.0633657230845384
TFPI2,proteomics,-0.2128768398268399,0.0201715371120932,0.0636732213592316
ROBO2,proteomics,-0.1474818181818181,0.0201710061315197,0.0636732213592316
SIGLEC6,proteomics,-0.1496122835497836,0.0201715371120932,0.0636732213592316
ERP44,proteomics,0.1433609307359307,0.0201710061315197,0.0636732213592316
LELP1,proteomics,-0.3649411255411257,0.0201715371120932,0.0636732213592316
CD2AP,proteomics,0.3445888528138525,0.0201715371120932,0.0636732213592316
ROBO1,proteomics,-0.1296075757575757,0.0206322222743236,0.0646387842527844
IL22RA1,proteomics,-0.1797792748917748,0.0206322222743236,0.0646387842527844
GNGT1,proteomics,-0.2431457792207791,0.0206322222743236,0.0646387842527844
ITGAV,proteomics,-0.1366902056277056,0.0206322222743236,0.0646387842527844
TEF,proteomics,-0.1998167207792203,0.0206322222743236,0.0646387842527844
SAP18,proteomics,-0.3368251082251081,0.0206322222743236,0.0646387842527844
EFNA1,proteomics,-0.1544550865800865,0.0206322222743236,0.0646387842527844
DPT,proteomics,-0.1064814393939392,0.0211015062518459,0.0656882910237196
IL32,proteomics,-0.2432342532467532,0.0211020544889746,0.0656882910237196
SUMF1,proteomics,-0.3578017857142858,0.0211020544889746,0.0656882910237196
AARSD1,proteomics,0.3830961038961034,0.0211020544889746,0.0656882910237196
MFAP3,proteomics,-0.3510928030303031,0.0211020544889746,0.0656882910237196
SYNGAP1,proteomics,-0.3051089285714286,0.0211020544889746,0.0656882910237196
AKAP12,proteomics,-0.1605315476190476,0.0215811808036836,0.0668239316622533
SERPINA6,proteomics,-0.119784145021645,0.0215811808036836,0.0668239316622533
LHB,proteomics,-0.4305244588744589,0.0215811808036836,0.0668239316622533
KLRB1,proteomics,-0.2088091991341991,0.0215811808036836,0.0668239316622533
ATF4,proteomics,-0.1656792207792208,0.0215811808036836,0.0668239316622533
DLL4,proteomics,-0.3307936147186148,0.0220697498205984,0.0678337315726701
APOA1,proteomics,-0.1930874458874459,0.0220697498205984,0.0678337315726701
UMOD,proteomics,-0.1972117965367965,0.0220697498205984,0.0678337315726701
IL17D,proteomics,-0.192575487012987,0.0220697498205984,0.0678337315726701
THBD,proteomics,-0.1176784632034632,0.0220697498205984,0.0678337315726701
SNU13,proteomics,-0.2272288961038962,0.0220697498205984,0.0678337315726701
SHD,proteomics,-0.2637129329004329,0.0220697498205984,0.0678337315726701
TMPRSS11B,proteomics,-0.3408945887445886,0.0223170518816823,0.0685217884980646
VNN1,proteomics,0.2864175865800865,0.0225679116945909,0.0690020982042775
IGFBP7,proteomics,-0.1225449134199134,0.0225679116945909,0.0690020982042775
CD244,proteomics,-0.1383314393939394,0.0225679116945909,0.0690020982042775
IL17F,proteomics,-0.2916949134199132,0.0225679116945909,0.0690020982042775
EIF4G3,proteomics,0.3161073593073592,0.0228200579823087,0.069700135300197
CDC25A,proteomics,-0.2211814393939395,0.0230758181309821,0.07026105874673
DBN1,proteomics,0.1937709415584419,0.0230758181309821,0.07026105874673
YJU2,proteomics,0.1639589826839826,0.0230758181309821,0.07026105874673
TEX33,proteomics,-0.2110023268398268,0.0233328849873604,0.07096984684501
LILRB2,proteomics,-0.1838429653679653,0.0235936223827715,0.0713914681416577
CRTAC1,proteomics,-0.1939661796536796,0.0235936223827715,0.0713914681416577
CCER2,proteomics,-0.4428491341991341,0.0235936223827715,0.0713914681416577
C1QA,proteomics,-0.1399235930735931,0.0235936223827715,0.0713914681416577
LHPP,proteomics,0.3226290584415581,0.0235936223827715,0.0713914681416577
ESPL1,proteomics,-0.3557012445887446,0.0241214792473612,0.072463601068897
RPL14,proteomics,0.2156835497835497,0.0241214792473612,0.072463601068897
PAFAH1B3,proteomics,-0.4157983766233766,0.0241214792473612,0.072463601068897
CD86,proteomics,-0.1587143398268398,0.0241208770441959,0.072463601068897
GLA,proteomics,0.1285834956709956,0.0241214792473612,0.072463601068897
CNTN2,proteomics,-0.2236142857142857,0.0241214792473612,0.072463601068897
GLRX,proteomics,0.3768107683982686,0.0241214792473612,0.072463601068897
CRTAM,proteomics,-0.262296103896104,0.0246595450627653,0.0734010694689032
ANPEP,proteomics,-0.1236797619047618,0.0246595450627653,0.0734010694689032
ATRAID,proteomics,-0.0992166666666666,0.0246595450627653,0.0734010694689032
SCARB2,proteomics,-0.1739046536796537,0.0246595450627653,0.0734010694689032
JAM2,proteomics,-0.1115665043290043,0.0246595450627653,0.0734010694689032
FGFR2,proteomics,-0.0958313852813853,0.0246595450627653,0.0734010694689032
OBP2B,proteomics,-0.2907199134199134,0.0246595450627653,0.0734010694689032
C8B,proteomics,-0.1661694805194805,0.0246595450627653,0.0734010694689032
VIPR1,proteomics,-0.0833902597402597,0.0246595450627653,0.0734010694689032
MORC3,proteomics,-0.1007126082251084,0.024931839396536,0.0741360799146233
PPP1R12B,proteomics,0.1205088744588748,0.0252079777032983,0.0747291265991287
CCL20,proteomics,-0.6062213203463205,0.0252079777032983,0.0747291265991287
CPTP,proteomics,-0.1714311688311688,0.0252079777032983,0.0747291265991287
PSMG3,proteomics,0.3776280844155837,0.0257669365747311,0.0762315340161326
RICTOR,proteomics,-0.2391825757575757,0.0257663061623276,0.0762315340161326
PSMG4,proteomics,0.451021158008658,0.0263365826089081,0.0772909949456211
NOTCH2,proteomics,-0.1656451298701299,0.0263365826089081,0.0772909949456211
REXO2,proteomics,-0.2590876082251082,0.0263365826089081,0.0772909949456211
ERN1,proteomics,-0.1971844696969695,0.0263365826089081,0.0772909949456211
TOP1MT,proteomics,-0.3034625541125541,0.0263365826089081,0.0772909949456211
MMP10,proteomics,-0.3531857142857144,0.0263365826089081,0.0772909949456211
DYNLT3,proteomics,-0.1277153138528138,0.0263365826089081,0.0772909949456211
PITHD1,proteomics,-0.3346698593073593,0.0263353026235984,0.0772909949456211
RECK,proteomics,-0.0889663419913418,0.0269157789281275,0.0784432898779647
HDAC9,proteomics,-0.2918929112554111,0.0269170782578168,0.0784432898779647
IGFL4,proteomics,-0.189014989177489,0.0269170782578168,0.0784432898779647
ANP32C,proteomics,-0.1162675324675325,0.0269170782578168,0.0784432898779647
LTBR,proteomics,-0.1495136363636363,0.0269170782578168,0.0784432898779647
QSOX1,proteomics,-0.1240476731601731,0.0269170782578168,0.0784432898779647
ADAMTS8,proteomics,-0.2530280844155844,0.0269164285903507,0.0784432898779647
SIRPB1,proteomics,-0.2563992965367966,0.0275085874870998,0.07953274107299
PALM3,proteomics,-0.3574423160173159,0.0275085874870998,0.07953274107299
FAS,proteomics,-0.101963961038961,0.0275079280585796,0.07953274107299
CCL21,proteomics,-0.2467499999999999,0.0275085874870998,0.07953274107299
HAVCR2,proteomics,-0.1806889069264068,0.0275085874870998,0.07953274107299
ERVV.1,proteomics,-0.2247358766233765,0.0275085874870998,0.07953274107299
CALY,proteomics,-0.1974654761904762,0.0275085874870998,0.07953274107299
KITLG,proteomics,-0.2690170995670995,0.0275085874870998,0.07953274107299
ANK2,proteomics,-0.2276477272727273,0.028111275769004,0.0807957316350037
CRTAP,proteomics,-0.1961924783549783,0.028110606491003,0.0807957316350037
PNLIP,proteomics,-0.3510895562770563,0.028111275769004,0.0807957316350037
L1CAM,proteomics,-0.143215854978355,0.028111275769004,0.0807957316350037
CCS,proteomics,0.3426259740259731,0.028111275769004,0.0807957316350037
EBI3_IL27,proteomics,-0.2005545995670994,0.028111275769004,0.0807957316350037
NCAM1,proteomics,-0.1433166125541125,0.0287253100747556,0.0821566353703628
VSIG4,proteomics,-0.1747033549783549,0.0287253100747556,0.0821566353703628
WAS,proteomics,1.0872906385281385,0.0287253100747556,0.0821566353703628
A1BG,proteomics,-0.1195332792207791,0.0287253100747556,0.0821566353703628
FOSB,proteomics,-0.1695869588744588,0.0287253100747556,0.0821566353703628
AMOTL2,proteomics,-0.2436254870129869,0.0293508588663555,0.083863695470535
SLC13A1,proteomics,0.2748970779220779,0.0299880920877852,0.0855172616318013
DSG3,proteomics,-0.1683800865800866,0.0299880920877852,0.0855172616318013
SLC12A2,proteomics,-0.1419042748917748,0.0303104394298675,0.0863522558026342
SPARCL1,proteomics,-0.1791998376623376,0.0306371811556167,0.0865241357660557
CD63,proteomics,0.2565384199134198,0.0306371811556167,0.0865241357660557
SIRT5,proteomics,-0.1522541666666667,0.0306357620606897,0.0865241357660557
SLAMF6,proteomics,-0.198191341991342,0.0306371811556167,0.0865241357660557
FRMD7,proteomics,-0.0126276515151515,0.0306371811556167,0.0865241357660557
EPHX2,proteomics,-0.2857470238095239,0.0306371811556167,0.0865241357660557
LAYN,proteomics,-0.1762247294372294,0.0306371811556167,0.0865241357660557
NXPE4,proteomics,-0.1696717532467533,0.0306364716056267,0.0865241357660557
TCN1,proteomics,-0.1741161255411255,0.0306371811556167,0.0865241357660557
DCBLD2,proteomics,-0.1509781926406925,0.0312975791153732,0.0877974355354873
BST1,proteomics,-0.2349800865800865,0.0312982989490173,0.0877974355354873
EFNA4,proteomics,-0.1441115800865801,0.0312982989490173,0.0877974355354873
RABEP1,proteomics,0.3022422077922078,0.0312982989490173,0.0877974355354873
TXNL1,proteomics,-0.3651819264069266,0.0312982989490173,0.0877974355354873
CCL23,proteomics,-0.239640909090909,0.0312982989490173,0.0877974355354873
KIAA1549L,proteomics,-0.184571590909091,0.0312982989490173,0.0877974355354873
TXNDC5,proteomics,0.1852925865800866,0.0316326980324905,0.0886504087717832
ALMS1,proteomics,-0.3800288961038961,0.0319716197991438,0.0894287508831554
CCAR2,proteomics,-0.2851931818181814,0.0319716197991438,0.0894287508831554
IL1R1,proteomics,-0.1419214285714285,0.0326565788226834,0.090738920944817
ADA2,proteomics,-0.2427854978354976,0.0326573194779156,0.090738920944817
CPQ,proteomics,-0.1679957251082251,0.0326573194779156,0.090738920944817
MYL3,proteomics,0.4116976731601731,0.0326573194779156,0.090738920944817
RAPGEF2,proteomics,0.2017316558441557,0.0326573194779156,0.090738920944817
ECHS1,proteomics,0.3094216991341989,0.0326573194779156,0.090738920944817
EPHB4,proteomics,-0.126848593073593,0.0326573194779156,0.090738920944817
PLAU,proteomics,-0.1287835497835497,0.0333555751861625,0.0922406303397854
ICAM2,proteomics,-0.1329674242424242,0.0333555751861625,0.0922406303397854
STX6,proteomics,0.454011471861472,0.0333555751861625,0.0922406303397854
LETM1,proteomics,0.141670670995671,0.0333555751861625,0.0922406303397854
GAS6,proteomics,-0.1494535714285715,0.0333555751861625,0.0922406303397854
DDAH1,proteomics,0.1068790043290043,0.0340665655411372,0.0935870028916769
VSIG10L,proteomics,-0.1941253787878788,0.0340665655411372,0.0935870028916769
CDH1,proteomics,-0.1399521103896104,0.0340665655411372,0.0935870028916769
TNFRSF10C,proteomics,-0.1935564935064934,0.0340665655411372,0.0935870028916769
CUZD1,proteomics,-0.2363617424242424,0.0340665655411372,0.0935870028916769
KCNIP4,proteomics,-0.2980939935064932,0.0340665655411372,0.0935870028916769
ANXA5,proteomics,-0.1393135281385282,0.0340665655411372,0.0935870028916769
BAIAP2,proteomics,0.3790698593073592,0.034426125261681,0.0944859757182099
SERPING1,proteomics,-0.124159632034632,0.0347904705633877,0.0953069779351286
SBSN,proteomics,-0.186372619047619,0.0347904705633877,0.0953069779351286
EDEM2,proteomics,-0.1638867424242426,0.0351565448181353,0.0962196446661139
MAP2,proteomics,0.1220719696969697,0.0355274716629808,0.096511895604919
FGA,proteomics,-0.2044759199134199,0.0355266883683463,0.096511895604919
ATG4A,proteomics,0.3962173160173161,0.0355274716629808,0.096511895604919
RPS10,proteomics,-0.1740062229437229,0.0355274716629808,0.096511895604919
IL2RA,proteomics,-0.2611699134199134,0.0355274716629808,0.096511895604919
TGFBR2,proteomics,-0.1416860389610389,0.0355274716629808,0.096511895604919
S100A11,proteomics,-0.0899208874458878,0.0355274716629808,0.096511895604919
PAMR1,proteomics,-0.0988246212121212,0.0355274716629808,0.096511895604919
GTF2IRD1,proteomics,-0.2570446428571429,0.0362777516250715,0.0978227564576421
ATP1B4,proteomics,-0.1805900432900434,0.0362777516250715,0.0978227564576421
CTRC,proteomics,-0.3343064935064935,0.0362777516250715,0.0978227564576421
PDCD1,proteomics,-0.2749074134199136,0.0362777516250715,0.0978227564576421
CXCL6,proteomics,0.3129220779220778,0.0362777516250715,0.0978227564576421
DEFB116,proteomics,-0.2643896645021644,0.0362777516250715,0.0978227564576421
AGT,proteomics,-0.0366041666666666,0.0362777516250715,0.0978227564576421
CD99,proteomics,-0.0782181277056276,0.0362769574678373,0.0978227564576421
TRIM58,proteomics,0.3483647186147186,0.0366571290538836,0.0987546435248864
CST1,proteomics,-0.6039713744588742,0.0370414945948102,0.099423589256777
SERPINF2,proteomics,-0.0864401515151515,0.0370406894956771,0.099423589256777
GLO1,proteomics,0.3162530844155846,0.0370414945948102,0.099423589256777
VWC2,proteomics,-0.2091880952380952,0.0370414945948102,0.099423589256777
PLA2G15,proteomics,-0.1166852272727272,0.0378188860615826,0.1009539762173571
DNAJA4,proteomics,0.3677687770562765,0.0378188860615826,0.1009539762173571
FRZB,proteomics,-0.1311959956709956,0.0378188860615826,0.1009539762173571
ANKRA2,proteomics,-0.2887818722943723,0.0378188860615826,0.1009539762173571
PRKAG3,proteomics,-0.2400695346320344,0.0378188860615826,0.1009539762173571
GRSF1,proteomics,0.2073311688311688,0.0378188860615826,0.1009539762173571
APBB1IP,proteomics,0.1907334956709956,0.038610112842575,0.1021333573202234
ANGPTL3,proteomics,-0.1772722943722943,0.038610112842575,0.1021333573202234
ORM1,proteomics,-0.1145658549783549,0.038610112842575,0.1021333573202234
SEMA6C,proteomics,-0.1602860930735931,0.038610112842575,0.1021333573202234
CRISP3,proteomics,-0.1794679112554112,0.038610112842575,0.1021333573202234
CTRB1,proteomics,-0.2317393398268398,0.038610112842575,0.1021333573202234
GRIN2B,proteomics,-0.1378948051948051,0.038610112842575,0.1021333573202234
UNC79,proteomics,-0.2695301406926407,0.0386092856256639,0.1021333573202234
PPCDC,proteomics,0.2170267316017317,0.038610112842575,0.1021333573202234
PSMC3,proteomics,-0.1435877164502164,0.038610112842575,0.1021333573202234
HTRA2,proteomics,0.1074401515151514,0.0394153630656596,0.103514021779805
CD200,proteomics,-0.1378953463203463,0.0394153630656596,0.103514021779805
KLHL41,proteomics,0.2840635281385282,0.0394153630656596,0.103514021779805
SAT2,proteomics,-0.2836383658008659,0.0394153630656596,0.103514021779805
REG3G,proteomics,-0.3450119588744589,0.0394153630656596,0.103514021779805
TMPRSS5,proteomics,-0.2184738095238095,0.0394153630656596,0.103514021779805
C9,proteomics,-0.2439871212121213,0.0394153630656596,0.103514021779805
CRYBB2,proteomics,-0.4419609307359308,0.0394153630656596,0.103514021779805
FCGR2A,proteomics,-0.0593350649350648,0.0402348261515931,0.1052877321764607
C1R,proteomics,-0.1171711038961037,0.0402348261515931,0.1052877321764607
GALNT7,proteomics,-0.1294302489177489,0.0402348261515931,0.1052877321764607
BHMT2,proteomics,-0.1409759199134199,0.0402339765118637,0.1052877321764607
PPP1R14D,proteomics,-0.3133235930735931,0.0406490917690323,0.1062766504837937
CSF3,proteomics,-0.2178298701298702,0.0410686927955244,0.1068956269290453
SSH3,proteomics,-0.0998506493506493,0.0410686927955244,0.1068956269290453
TTF2,proteomics,0.195046699134199,0.0410686927955244,0.1068956269290453
TSC22D1,proteomics,0.4675772727272727,0.0410686927955244,0.1068956269290453
FCRL5,proteomics,-0.3298242965367965,0.0410686927955244,0.1068956269290453
CRELD2,proteomics,0.1630637445887446,0.0414902207360299,0.1078967217183412
PCDH7,proteomics,-0.258737987012987,0.0419171549478038,0.1085242195858552
SDCCAG8,proteomics,0.2067458333333331,0.0419171549478038,0.1085242195858552
DNLZ,proteomics,-0.3970241341991349,0.0419171549478038,0.1085242195858552
PTPRC,proteomics,-0.1343599567099567,0.0419162825891078,0.1085242195858552
HAGH,proteomics,0.4413872835497821,0.0419171549478038,0.1085242195858552
NFATC1,proteomics,0.1493307359307362,0.0423460415787908,0.1095375925086775
LAMP2,proteomics,-0.1123915584415584,0.042779521967815,0.110173679415089
ADGRG1,proteomics,0.31844908008658,0.0427804057940903,0.110173679415089
ELAVL4,proteomics,-0.3300641233766233,0.0427804057940903,0.110173679415089
APOBR,proteomics,-0.1960084415584417,0.0427804057940903,0.110173679415089
DCUN1D2,proteomics,-0.3987314935064935,0.0427804057940903,0.110173679415089
TSPAN7,proteomics,-0.2502729978354975,0.0432167480941833,0.1111994319360018
RPE,proteomics,0.1279564935064936,0.0436586397347503,0.1120405653596798
SPINK4,proteomics,-0.3258915043290044,0.0436577443704942,0.1120405653596798
RNASE6,proteomics,-0.1130356060606061,0.0436586397347503,0.1120405653596798
GPIHBP1,proteomics,-0.2309291125541125,0.0441025352832586,0.1130804479236535
CBX2,proteomics,-0.1090732683982685,0.044552052363545,0.1134369765319181
SLC34A3,proteomics,-0.2001754870129871,0.044552052363545,0.1134369765319181
CHL1,proteomics,-0.1407653679653679,0.044551145392206,0.1134369765319181
CHRM1,proteomics,-0.2358301406926407,0.044552052363545,0.1134369765319181
TRPV3,proteomics,-0.2126811688311687,0.044552052363545,0.1134369765319181
NLGN1,proteomics,-0.2883410714285714,0.044551145392206,0.1134369765319181
IL18BP,proteomics,-0.1658069264069264,0.044552052363545,0.1134369765319181
APOA2,proteomics,-0.2917467532467534,0.044552052363545,0.1134369765319181
NTRK3,proteomics,-0.1211363636363635,0.0454608404455987,0.1151490785290164
C1QTNF9,proteomics,-0.2164321969696969,0.0454608404455987,0.1151490785290164
BPIFB2,proteomics,0.4452004870129868,0.0454608404455987,0.1151490785290164
APOM,proteomics,-0.1467053571428572,0.0454599217994168,0.1151490785290164
B2M,proteomics,-0.1669579004329006,0.0454608404455987,0.1151490785290164
ARNTL,proteomics,-0.1572867424242424,0.0454608404455987,0.1151490785290164
KIR2DS4,proteomics,-0.7735133116883117,0.0463852018946471,0.1171857779931318
PI3,proteomics,-0.2575497294372294,0.0463852018946471,0.1171857779931318
CD28,proteomics,-0.1526532467532467,0.0463852018946471,0.1171857779931318
SH3GLB2,proteomics,0.4725172619047608,0.0468523485056922,0.1182637432488241
ENTPD5,proteomics,-0.0972792207792207,0.0473253357495585,0.1189440725674632
NECTIN2,proteomics,-0.1512574134199135,0.0473253357495585,0.1189440725674632
AKR1B10,proteomics,-0.3478809523809525,0.0473253357495585,0.1189440725674632
TUBB3,proteomics,-0.138887067099567,0.0473243935559936,0.1189440725674632
CD59,proteomics,-0.1006464285714286,0.0473253357495585,0.1189440725674632
TNFSF14,proteomics,0.1890392857142856,0.0478004317100258,0.1200349328938192
LYAR,proteomics,0.2223891233766233,0.0482814421501261,0.120827615928783
HDDC2,proteomics,0.1689086038961038,0.0482814421501261,0.120827615928783
PRELP,proteomics,-0.1471707792207792,0.0482814421501261,0.120827615928783
FABP3,proteomics,0.2601733225108223,0.0482814421501261,0.120827615928783
CD276,proteomics,-0.169324567099567,0.0492537223121259,0.1227354052159796
NCR3LG1,proteomics,-0.147814935064935,0.0492527563173182,0.1227354052159796
BRME1,proteomics,-0.1707118506493506,0.0492537223121259,0.1227354052159796
BSND,proteomics,-0.1272659090909091,0.0492527563173182,0.1227354052159796
PLSCR3,proteomics,0.1259360389610389,0.0492537223121259,0.1227354052159796
AKT3,proteomics,0.1862,0.0497450187381442,0.1238540798735907
SUSD4,proteomics,-0.1700839285714286,0.0502423785016388,0.1245618934353607
NAGPA,proteomics,-0.1344793290043289,0.0502423785016388,0.1245618934353607
GUCA2A,proteomics,-0.1475233225108225,0.0502423785016388,0.1245618934353607
GAD2,proteomics,-0.1883118506493506,0.0502423785016388,0.1245618934353607
CRYM,proteomics,-0.1298692099567099,0.0502423785016388,0.1245618934353607
CTAG1A_CTAG1B,proteomics,-0.3036283008658008,0.0512476140086319,0.1264107812212921
AHCY,proteomics,0.1807834415584417,0.0512476140086319,0.1264107812212921
CR2,proteomics,-0.3002281926406927,0.0512466239710143,0.1264107812212921
TNFSF8,proteomics,-0.1643516233766233,0.0512476140086319,0.1264107812212921
MRPS16,proteomics,-0.1122869047619047,0.0512476140086319,0.1264107812212921
SSC4D,proteomics,0.6225589826839826,0.0512476140086319,0.1264107812212921
DUSP3,proteomics,0.5800709415584429,0.0517555167230404,0.1273412250685582
PDE4D,proteomics,-0.1477737554112552,0.0517555167230404,0.1273412250685582
LARP1,proteomics,0.113893777056277,0.0517555167230404,0.1273412250685582
CEACAM3,proteomics,-0.1552766233766233,0.0522696331197968,0.1280671731845483
TIGAR,proteomics,-0.1685236471861471,0.0522696331197968,0.1280671731845483
S100A14,proteomics,-0.2785125541125541,0.0522696331197968,0.1280671731845483
MLLT1,proteomics,-0.3259959956709958,0.0522696331197968,0.1280671731845483
PRSS2,proteomics,-0.2099837121212121,0.0522696331197968,0.1280671731845483
CASP4,proteomics,-0.4506304653679658,0.0533086410906433,0.1299592643102173
PPT1,proteomics,-0.1705905303030301,0.0533086410906433,0.1299592643102173
TPBGL,proteomics,-0.1543014610389617,0.0533086410906433,0.1299592643102173
CD79B,proteomics,-0.2175,0.0533086410906433,0.1299592643102173
RNF4,proteomics,-0.2303614718614718,0.0533086410906433,0.1299592643102173
ST8SIA1,proteomics,-0.2504472943722942,0.0533086410906433,0.1299592643102173
TERF1,proteomics,-0.1420758658008658,0.0543648441168441,0.1316557078322581
INPP1,proteomics,0.1094961038961039,0.0543648441168441,0.1316557078322581
OGN,proteomics,-0.1681964285714285,0.0543648441168441,0.1316557078322581
RYR1,proteomics,-0.1739338744588744,0.0543648441168441,0.1316557078322581
EFCAB2,proteomics,0.1404313852813852,0.0543638175906904,0.1316557078322581
ADAMTS4,proteomics,0.1745434523809524,0.0543648441168441,0.1316557078322581
EDAR,proteomics,0.2422938311688311,0.0543648441168441,0.1316557078322581
ART3,proteomics,-0.1662417748917748,0.0543638175906904,0.1316557078322581
FAM171B,proteomics,-0.0234461038961038,0.0548984258073804,0.1328378299958387
OSTN,proteomics,-0.0794970238095237,0.0554374105095731,0.1335915806414015
FABP6,proteomics,-0.2838175324675323,0.0554384493048306,0.1335915806414015
PTPRK,proteomics,-0.1013130952380949,0.0554384493048306,0.1335915806414015
TXNDC15,proteomics,-0.1486457792207792,0.0554384493048306,0.1335915806414015
SFTPA1,proteomics,-0.3199886363636361,0.0554384493048306,0.1335915806414015
EFHD1,proteomics,-0.229515909090909,0.0565296646416363,0.1358850409107754
KRT8,proteomics,-0.30309908008658,0.0565296646416363,0.1358850409107754
MBL2,proteomics,-0.4955160714285714,0.0565296646416363,0.1358850409107754
DIPK2B,proteomics,-0.1144277597402598,0.0570808840526727,0.1370973082053923
ADGRE5,proteomics,-0.1373603354978355,0.0576386989639875,0.1379835520653036
CYP24A1,proteomics,-0.158977164502165,0.0576386989639875,0.1379835520653036
GABARAP,proteomics,-0.2344199675324674,0.0576386989639875,0.1379835520653036
HRG,proteomics,-0.1483528138528138,0.0576386989639875,0.1379835520653036
GNPDA2,proteomics,0.1387319805194805,0.0587657619266404,0.1397659252331732
PON1,proteomics,-0.0945215367965367,0.0587657619266404,0.1397659252331732
RAD51,proteomics,-0.1643434523809523,0.0587657619266404,0.1397659252331732
FGF7,proteomics,-0.2838477272727273,0.0587657619266404,0.1397659252331732
LILRB1,proteomics,-0.1577544913419913,0.0587657619266404,0.1397659252331732
BPIFB1,proteomics,-0.4167334415584417,0.0587657619266404,0.1397659252331732
PECAM1,proteomics,-0.0866647727272727,0.0587657619266404,0.1397659252331732
CST5,proteomics,-0.3394090367965367,0.0587657619266404,0.1397659252331732
ENPP6,proteomics,-0.1639626623376622,0.0593339556444553,0.1410025628851568
FGF12,proteomics,-0.1883599025974026,0.0599110639699617,0.1412258386969341
EGFLAM,proteomics,-0.1302429653679653,0.0599099756159161,0.1412258386969341
CD80,proteomics,-0.2041664502164502,0.0599099756159161,0.1412258386969341
FSHB,proteomics,-0.2728996212121212,0.0599110639699617,0.1412258386969341
DYNC1H1,proteomics,-0.0398765151515151,0.0599110639699617,0.1412258386969341
LAMA1,proteomics,-0.1688814935064934,0.0599110639699617,0.1412258386969341
ATRN,proteomics,-0.0944912878787878,0.0599110639699617,0.1412258386969341
SEPTIN3,proteomics,-0.3123513528138528,0.0599110639699617,0.1412258386969341
ARMCX2,proteomics,-0.2056515151515152,0.0599110639699617,0.1412258386969341
FLT3LG,proteomics,-0.1305311147186147,0.0599110639699617,0.1412258386969341
MCAM,proteomics,-0.1545623376623376,0.0610748162867552,0.1428173504049485
VNN2,proteomics,-0.2018957251082251,0.0610748162867552,0.1428173504049485
RRM2,proteomics,-0.3553298701298698,0.0610748162867552,0.1428173504049485
TNFRSF11A,proteomics,-0.1530251623376624,0.0610748162867552,0.1428173504049485
CDH17,proteomics,-0.3583967532467532,0.0610748162867552,0.1428173504049485
SMS,proteomics,-0.2471777056277056,0.0610748162867552,0.1428173504049485
ACTN4,proteomics,-0.1429063311688312,0.0610748162867552,0.1428173504049485
CACNA1H,proteomics,-0.0465521645021643,0.0610748162867552,0.1428173504049485
CEACAM1,proteomics,-0.0547330627705626,0.0610748162867552,0.1428173504049485
BHLHE40,proteomics,-0.1933762445887448,0.0610748162867552,0.1428173504049485
ATP2B4,proteomics,-0.3045300324675324,0.0622572307883317,0.1448868515878135
ITIH5,proteomics,-0.136499512987013,0.0622572307883317,0.1448868515878135
C1QBP,proteomics,0.2383732683982685,0.0622572307883317,0.1448868515878135
GFER,proteomics,-0.1929602813852813,0.062255003999343,0.1448868515878135
NRN1,proteomics,-0.1649345238095236,0.062256117392709,0.1448868515878135
FNTA,proteomics,0.1337545995670995,0.0622572307883317,0.1448868515878135
CRIP2,proteomics,-0.0898481060606062,0.0634585200698236,0.1472136937810274
CA6,proteomics,-0.2424928571428571,0.0634585200698236,0.1472136937810274
MXRA8,proteomics,-0.2054022186147187,0.0634573940949887,0.1472136937810274
PEPD,proteomics,-0.1462054653679653,0.0634585200698236,0.1472136937810274
MAPT,proteomics,-0.4885015151515149,0.0646788973747446,0.1485125035556782
MERTK,proteomics,-0.1275366341991341,0.0646788973747446,0.1485125035556782
CD4.y,proteomics,-0.156447186147186,0.0646788973747446,0.1485125035556782
GDNF,proteomics,-0.161172673160173,0.0646788973747446,0.1485125035556782
ITGA2,proteomics,-0.1652774891774891,0.0646788973747446,0.1485125035556782
FST,proteomics,-0.2797067640692641,0.0646788973747446,0.1485125035556782
LPO,proteomics,-0.2580741883116887,0.0646788973747446,0.1485125035556782
LAG3,proteomics,-0.2138780303030302,0.0646777587845803,0.1485125035556782
PROCR,proteomics,-0.1297558441558441,0.0646788973747446,0.1485125035556782
ADAM9,proteomics,-0.1345590909090908,0.0646788973747446,0.1485125035556782
FGF6,proteomics,-0.1797154220779221,0.0646788973747446,0.1485125035556782
LRRC38,proteomics,-0.241993777056277,0.0646788973747446,0.1485125035556782
CPOX,proteomics,-0.1343475649350649,0.0646788973747446,0.1485125035556782
ENTPD6,proteomics,-0.082264448051948,0.0659185765587942,0.1506489439260012
YOD1,proteomics,0.4179262445887448,0.0659185765587942,0.1506489439260012
GPHA2,proteomics,-0.1727642857142857,0.0659185765587942,0.1506489439260012
RARRES1,proteomics,-0.1410131493506494,0.0659185765587942,0.1506489439260012
VEGFD,proteomics,-0.2576248376623376,0.0659185765587942,0.1506489439260012
TDP1,proteomics,-0.2416719155844156,0.0659185765587942,0.1506489439260012
WFIKKN1,proteomics,-0.1879070346320347,0.0671777720529109,0.1529288377808869
IL31,proteomics,-0.2499954545454544,0.0671777720529109,0.1529288377808869
SMOC2,proteomics,0.1471970238095236,0.0671777720529109,0.1529288377808869
BCAM,proteomics,-0.1138036255411255,0.0671777720529109,0.1529288377808869
SPESP1,proteomics,-0.1635513528138528,0.0671777720529109,0.1529288377808869
RNF41,proteomics,0.1052162878787878,0.0678135853018542,0.1541361662809642
PPY,proteomics,-0.5198332792207787,0.0678135853018542,0.1541361662809642
ITGAM,proteomics,-0.1407635281385281,0.0684566988255713,0.1551154501295698
SERPINA4,proteomics,-0.146139935064935,0.0684566988255713,0.1551154501295698
TGFB1,proteomics,0.0861445887445887,0.0684555221947331,0.1551154501295698
HYAL1,proteomics,-0.0727418290043289,0.0684566988255713,0.1551154501295698
TNNI3,proteomics,0.6148902597402598,0.0691024457601682,0.156457357828793
EVPL,proteomics,-0.1677181818181818,0.0697555723443411,0.15769183137085
PRCP,proteomics,-0.1359423160173159,0.0697555723443411,0.15769183137085
KIT,proteomics,-0.1190527056277055,0.071074608536678,0.160054761750932
IL17A,proteomics,-0.6262911255411255,0.071074608536678,0.160054761750932
CINP,proteomics,-0.1558924242424242,0.071074608536678,0.160054761750932
CLPS,proteomics,-0.3078900432900432,0.071074608536678,0.160054761750932
MYBPC1,proteomics,0.3943994588744589,0.071074608536678,0.160054761750932
ERBB4,proteomics,-0.1018584956709956,0.0724140237499892,0.1617006809940554
TNFSF10,proteomics,-0.1149777056277056,0.0724103790071708,0.1617006809940554
RGMA,proteomics,-0.1359478354978355,0.0724140237499892,0.1617006809940554
AMY2A,proteomics,-0.2060751082251082,0.0724140237499892,0.1617006809940554
ATP6V1D,proteomics,-0.0736326298701298,0.0724128088345402,0.1617006809940554
ART5,proteomics,-0.2703112554112554,0.0724140237499892,0.1617006809940554
LYZL2,proteomics,-0.1749206168831168,0.0724140237499892,0.1617006809940554
CLSPN,proteomics,-0.0842322510822511,0.0724140237499892,0.1617006809940554
IGF2BP3,proteomics,0.1585042207792208,0.0724140237499892,0.1617006809940554
CLEC4A,proteomics,-0.1224557359307358,0.0724140237499892,0.1617006809940554
TAGLN3,proteomics,-0.2331126623376622,0.0724140237499892,0.1617006809940554
DUSP29,proteomics,0.1019235389610389,0.0730902198874722,0.1630860402527337
SAT1,proteomics,-0.1095292207792207,0.0737740347109472,0.163736904677372
CKAP4,proteomics,-0.1408176948051947,0.0737740347109472,0.163736904677372
CSF1,proteomics,-0.1231279220779221,0.0737740347109472,0.163736904677372
SCARB1,proteomics,-0.3680372835497836,0.0737740347109472,0.163736904677372
CHP1,proteomics,-0.2437736471861471,0.0737740347109472,0.163736904677372
NXPH1,proteomics,-0.1940727813852813,0.0737740347109472,0.163736904677372
FCGR3B,proteomics,-0.1742676406926407,0.0737728069908502,0.163736904677372
LPP,proteomics,0.2177400974025975,0.0751548584840667,0.1660450879432555
CKB,proteomics,-0.3432358766233769,0.0751536179418747,0.1660450879432555
RBP1,proteomics,-0.1820660714285713,0.0751548584840667,0.1660450879432555
MAMDC2,proteomics,-0.1542251623376623,0.0751548584840667,0.1660450879432555
AMY2B,proteomics,-0.2078788961038961,0.0751548584840667,0.1660450879432555
SLC1A4,proteomics,-0.1808252164502165,0.0751548584840667,0.1660450879432555
XG,proteomics,-0.1472073051948051,0.0765567124295457,0.1678734211789664
LRG1,proteomics,-0.1758968073593073,0.0765567124295457,0.1678734211789664
RABGAP1L,proteomics,0.3437981601731605,0.0765567124295457,0.1678734211789664
EVI5,proteomics,0.0562198593073592,0.0765567124295457,0.1678734211789664
MMUT,proteomics,-0.2468980519480519,0.0765567124295457,0.1678734211789664
CFC1,proteomics,-0.0873694805194805,0.0765567124295457,0.1678734211789664
SORT1,proteomics,0.1398935606060606,0.0765567124295457,0.1678734211789664
PRDX6,proteomics,0.2174399350649349,0.0765567124295457,0.1678734211789664
MAG,proteomics,-0.1602688311688312,0.0765567124295457,0.1678734211789664
GM2A,proteomics,-0.1466853354978356,0.0765567124295457,0.1678734211789664
TLR3,proteomics,-0.3048650974025972,0.0779798141603764,0.1692167756427471
SPINT2,proteomics,0.2871433441558443,0.0779798141603764,0.1692167756427471
AIF1L,proteomics,-0.1783092532467533,0.0779785479318171,0.1692167756427471
GSR,proteomics,-0.102717803030303,0.0779798141603764,0.1692167756427471
MORF4L2,proteomics,-0.1592960497835498,0.0779798141603764,0.1692167756427471
AMBN,proteomics,-0.0005786796536796,0.0779798141603764,0.1692167756427471
QPCT,proteomics,-0.0778997294372294,0.0779798141603764,0.1692167756427471
GGT5,proteomics,-0.0995972402597402,0.0779798141603764,0.1692167756427471
DNAJB8,proteomics,-0.1762732142857142,0.0779798141603764,0.1692167756427471
C1RL,proteomics,-0.0844314935064935,0.0779798141603764,0.1692167756427471
ADGRE1,proteomics,-0.4255626623376624,0.0779798141603764,0.1692167756427471
ZP4,proteomics,-0.0889028679653679,0.0779760154764209,0.1692167756427471
ADAM22,proteomics,-0.1605333333333332,0.0779798141603764,0.1692167756427471
PCDH17,proteomics,-0.188222619047619,0.0779798141603764,0.1692167756427471
ADAM23,proteomics,-0.1123120670995671,0.079424381498729,0.1714604631615841
ADGRE2,proteomics,-0.124441829004329,0.079424381498729,0.1714604631615841
CDKL5,proteomics,-0.1041494047619047,0.0794231024110854,0.1714604631615841
ADAMTSL5,proteomics,-0.1516474567099567,0.079424381498729,0.1714604631615841
PSMD9,proteomics,0.2813006493506491,0.079424381498729,0.1714604631615841
KIF1C,proteomics,-0.0684665043290043,0.079424381498729,0.1714604631615841
PARP1,proteomics,0.1484133658008656,0.079424381498729,0.1714604631615841
MATN2,proteomics,-0.1225233766233766,0.0808906324316129,0.1741114275387369
MB,proteomics,0.2091625,0.0808906324316129,0.1741114275387369
SERPINA11,proteomics,-0.1981143939393939,0.0808906324316129,0.1741114275387369
CD209,proteomics,-0.1845580627705627,0.0808906324316129,0.1741114275387369
ENPP5,proteomics,-0.1376284632034632,0.0823787850658229,0.1769237242817049
MYO6,proteomics,-0.1332985930735931,0.0823787850658229,0.1769237242817049
PTPRZ1,proteomics,-0.1842318181818182,0.0823787850658229,0.1769237242817049
SAA4,proteomics,-0.0416097943722943,0.0831298314404327,0.1784056514687113
PGLYRP2,proteomics,-0.1104596861471861,0.0838890575821722,0.1795078442991871
MFAP5,proteomics,-0.1487535173160173,0.0838890575821722,0.1795078442991871
TADA3,proteomics,0.1117744588744589,0.0838890575821722,0.1795078442991871
LYSMD3,proteomics,0.2492564935064924,0.0838890575821722,0.1795078442991871
ZBTB16,proteomics,0.1550585497835497,0.0854216681890222,0.1817230976102708
BTD,proteomics,-0.0870429112554112,0.0854216681890222,0.1817230976102708
TCN2,proteomics,-0.1283703463203463,0.0854216681890222,0.1817230976102708
FOXO3,proteomics,0.5953551406926406,0.0854216681890222,0.1817230976102708
CPA1,proteomics,-0.2347351731601733,0.0854216681890222,0.1817230976102708
CTSF,proteomics,-0.1908707792207792,0.0854216681890222,0.1817230976102708
OTOA,proteomics,-0.2069081709956709,0.0854216681890222,0.1817230976102708
SDC1,proteomics,-0.16223079004329,0.0854216681890222,0.1817230976102708
SCN3A,proteomics,-0.0629823051948051,0.0869768350751122,0.184093619786063
CDH5,proteomics,-0.1014492424242424,0.0869768350751122,0.184093619786063
CALCOCO2,proteomics,0.1286888528138531,0.0869754916406035,0.184093619786063
CLEC4M,proteomics,-0.1724301948051948,0.0869768350751122,0.184093619786063
DEFB118,proteomics,-0.1826667207792207,0.0869768350751122,0.184093619786063
MANEAL,proteomics,-0.2102237012987012,0.0869768350751122,0.184093619786063
CREBZF,proteomics,-0.1071805194805195,0.0869768350751122,0.184093619786063
ITGB2,proteomics,-0.1151042207792207,0.0885547763616976,0.1859523069721567
GFRA3,proteomics,-0.1375370670995671,0.0885547763616976,0.1859523069721567
TBR1,proteomics,-0.1679962121212121,0.0885547763616976,0.1859523069721567
ACY3,proteomics,-0.3623435064935064,0.0885547763616976,0.1859523069721567
DSG4,proteomics,-0.1784847943722943,0.0885547763616976,0.1859523069721567
GP2,proteomics,-0.2882602272727276,0.0885547763616976,0.1859523069721567
BCL2L11,proteomics,0.2636491341991342,0.0885547763616976,0.1859523069721567
THPO,proteomics,0.1034686688311688,0.0885547763616976,0.1859523069721567
SCGB1A1,proteomics,-0.2437938852813853,0.0885547763616976,0.1859523069721567
ATXN2,proteomics,0.3571700757575757,0.0885547763616976,0.1859523069721567
DPP4,proteomics,-0.0966930194805194,0.0885547763616976,0.1859523069721567
TRIM26,proteomics,-0.1973241341991344,0.0893509928163654,0.1874895563547998
ACP1,proteomics,0.1553882034632036,0.0901557100540038,0.1879637236004659
TK1,proteomics,-0.1511170995670999,0.0901557100540038,0.1879637236004659
PPL,proteomics,-0.1650108225108224,0.0901557100540038,0.1879637236004659
UBE2Z,proteomics,0.2349089826839825,0.0901557100540038,0.1879637236004659
CNTN5,proteomics,-0.1558984848484849,0.0901557100540038,0.1879637236004659
COL15A1,proteomics,-0.1072357142857142,0.0901557100540038,0.1879637236004659
IL1R2,proteomics,-0.0739695346320346,0.0901557100540038,0.1879637236004659
IL13RA2,proteomics,-0.1506881493506493,0.0901557100540038,0.1879637236004659
KCNC4,proteomics,-0.2298910714285714,0.0901557100540038,0.1879637236004659
TNPO1,proteomics,-0.1495061147186147,0.0917798539920023,0.1905344554109537
FAP,proteomics,-0.1051759199134198,0.0917798539920023,0.1905344554109537
PTPRN2,proteomics,-0.1523639069264069,0.0917798539920023,0.1905344554109537
DTX2,proteomics,-0.1879165043290042,0.0917798539920023,0.1905344554109537
OPTC,proteomics,-0.1126100108225108,0.0917798539920023,0.1905344554109537
NPTXR,proteomics,-0.1367392316017316,0.0917798539920023,0.1905344554109537
GAS2,proteomics,-0.2609647727272727,0.0925979210274955,0.1920963258788996
MST1,proteomics,-0.07353079004329,0.0934274258005174,0.192586999728429
ACADM,proteomics,-0.2739325757575759,0.0934274258005174,0.192586999728429
ENOPH1,proteomics,-0.2084082251082251,0.0934274258005174,0.192586999728429
ANGPTL2,proteomics,0.0991225649350649,0.0934274258005174,0.192586999728429
SEMA4D,proteomics,-0.1357763528138528,0.0934274258005174,0.192586999728429
CCDC28A,proteomics,-0.1169751082251082,0.0934274258005174,0.192586999728429
RIPK4,proteomics,-0.324055303030303,0.0934274258005174,0.192586999728429
LGALS3BP,proteomics,0.1733008116883116,0.0934260309955368,0.192586999728429
CSF2RB,proteomics,-0.2789273268398269,0.0934274258005174,0.192586999728429
HADH,proteomics,-0.1000353896103896,0.0950986428386733,0.1947956082813189
LTBP2,proteomics,-0.1478864718614717,0.0950986428386733,0.1947956082813189
MEGF9,proteomics,-0.0785146103896103,0.0950944200096918,0.1947956082813189
APOB,proteomics,-0.1147697510822511,0.0950986428386733,0.1947956082813189
PGLYRP4,proteomics,-0.2283055194805194,0.0950986428386733,0.1947956082813189
DNAJA1,proteomics,-0.2769571428571429,0.0950986428386733,0.1947956082813189
FUT3_FUT5,proteomics,-0.2058591450216449,0.0950986428386733,0.1947956082813189
ARG2,proteomics,-0.1245926406926407,0.0950986428386733,0.1947956082813189
MRI1,proteomics,0.253511038961039,0.0950986428386733,0.1947956082813189
PFDN6,proteomics,-0.1555381493506491,0.0967937221486874,0.1963414641503216
CD3G,proteomics,-0.0862352272727273,0.0967937221486874,0.1963414641503216
CD33,proteomics,-0.2876662337662337,0.0967937221486874,0.1963414641503216
CSF2,proteomics,-0.2129851731601732,0.0967937221486874,0.1963414641503216
HEPH,proteomics,-0.1004321428571428,0.0967937221486874,0.1963414641503216
HPGDS,proteomics,-0.1291685064935065,0.0967937221486874,0.1963414641503216
IFNAR1,proteomics,-0.0712070887445887,0.0967937221486874,0.1963414641503216
DKK3,proteomics,-0.1376192640692641,0.0967937221486874,0.1963414641503216
LGALS9,proteomics,-0.1006199134199133,0.0967937221486874,0.1963414641503216
USP28,proteomics,-0.1837612554112554,0.0967937221486874,0.1963414641503216
TGM2,proteomics,0.3092353354978363,0.0967937221486874,0.1963414641503216
F3,proteomics,-0.1113049242424242,0.0959417721562384,0.1963414641503216
REEP4,proteomics,0.0931028679653679,0.0967937221486874,0.1963414641503216
IL22,proteomics,-0.3022568181818181,0.0967937221486874,0.1963414641503216
CD3E,proteomics,-0.093649025974026,0.0976488511102041,0.197938690565275
CD55,proteomics,-0.0882177489177489,0.0985128804040233,0.1988626722520442
ENPEP,proteomics,-0.0964326839826839,0.0985128804040233,0.1988626722520442
DPEP1,proteomics,-0.1848651515151514,0.0985128804040233,0.1988626722520442
IL1RL2,proteomics,-0.2245541125541125,0.0985128804040233,0.1988626722520442
GJA8,proteomics,-0.2192988095238093,0.0985128804040233,0.1988626722520442
PLXNB2,proteomics,-0.0981008116883116,0.0985128804040233,0.1988626722520442
CPA2,proteomics,-0.2816112554112553,0.1002563338569073,0.2001702622020082
OGT,proteomics,-0.2817458333333333,0.1002563338569073,0.2001702622020082
SPINK2,proteomics,-0.1793496753246753,0.1002563338569073,0.2001702622020082
KLK4,proteomics,-0.2441762445887444,0.1002563338569073,0.2001702622020082
SLITRK1,proteomics,-0.1629924242424243,0.1002563338569073,0.2001702622020082
CD36,proteomics,0.1122578463203463,0.1002563338569073,0.2001702622020082
MUC13,proteomics,-0.2413870670995669,0.1002563338569073,0.2001702622020082
ROR1,proteomics,-0.1166729978354978,0.1002563338569073,0.2001702622020082
FEN1,proteomics,0.2386021645021643,0.1002563338569073,0.2001702622020082
THRAP3,proteomics,-0.2636706168831169,0.1002563338569073,0.2001702622020082
LAMP3,proteomics,-0.2243141233766234,0.1002563338569073,0.2001702622020082
NBL1,proteomics,-0.1042022727272727,0.1002563338569073,0.2001702622020082
NAPRT,proteomics,0.18912408008658,0.1002563338569073,0.2001702622020082
GTPBP2,proteomics,0.1556419913419913,0.1002563338569073,0.2001702622020082
SLC39A14,proteomics,-0.1386645021645021,0.1002563338569073,0.2001702622020082
CELA2A,proteomics,-0.2969673701298702,0.1002563338569073,0.2001702622020082
LTA,proteomics,-0.21448079004329,0.1020242982852259,0.2030068236131487
TSPAN15,proteomics,-0.2929477272727273,0.1020242982852259,0.2030068236131487
SEZ6,proteomics,-0.1210198593073592,0.1020242982852259,0.2030068236131487
EDNRB,proteomics,-0.148638041125541,0.1020242982852259,0.2030068236131487
SMC3,proteomics,-0.2520165043290042,0.1020242982852259,0.2030068236131487
GRIK2,proteomics,-0.0818253246753247,0.1038169889388071,0.2057335990970394
RNF31,proteomics,-0.1374600108225109,0.1038169889388071,0.2057335990970394
ICAM4,proteomics,-0.1782325757575756,0.1038169889388071,0.2057335990970394
PXDNL,proteomics,-0.2163677489177489,0.1038169889388071,0.2057335990970394
PNPT1,proteomics,0.2352262445887447,0.1038169889388071,0.2057335990970394
KLB,proteomics,-0.1713821428571428,0.1038169889388071,0.2057335990970394
PAG1,proteomics,0.0822669913419917,0.1047211961534453,0.207384862030163
PRSS53,proteomics,-0.16656066017316,0.1056331366226812,0.2084875055219125
VAMP5,proteomics,-0.3055749458874456,0.1056346204851017,0.2084875055219125
RNASE1,proteomics,-0.1485602813852814,0.1056346204851017,0.2084875055219125
WNT9A,proteomics,-0.1682140692640691,0.1056346204851017,0.2084875055219125
HEPACAM2,proteomics,-0.1803989718614718,0.1056346204851017,0.2084875055219125
IL31RA,proteomics,-0.1544554653679654,0.1074774069542745,0.2111266535802046
GSTP1,proteomics,0.2810649891774892,0.1074774069542745,0.2111266535802046
CST6,proteomics,-0.1405384740259742,0.1074774069542745,0.2111266535802046
IL3RA,proteomics,-0.1426385822510823,0.1074774069542745,0.2111266535802046
ESM1,proteomics,-0.1812969155844156,0.1074774069542745,0.2111266535802046
CD300C,proteomics,-0.09916737012987,0.1074774069542745,0.2111266535802046
HLA.DRA,proteomics,-0.1834525432900433,0.1074774069542745,0.2111266535802046
SLC4A1,proteomics,0.27660303030303,0.1093455616837158,0.2139337863463864
TCL1A,proteomics,0.3979290584415584,0.1093455616837158,0.2139337863463864
NUBP1,proteomics,-0.2122619588744588,0.1093455616837158,0.2139337863463864
GHRHR,proteomics,-0.3337275432900433,0.1093455616837158,0.2139337863463864
FBLN2,proteomics,-0.1399868506493506,0.1093455616837158,0.2139337863463864
ACRBP,proteomics,0.0872821969696969,0.1093440526957,0.2139337863463864
EPPK1,proteomics,-0.1845338744588745,0.1112392972619863,0.2170577208923806
AKR1C4,proteomics,-0.3665489177489177,0.1112392972619863,0.2170577208923806
ACP5,proteomics,-0.1282709956709956,0.1112392972619863,0.2170577208923806
MICALL2,proteomics,0.1484508658008659,0.1112392972619863,0.2170577208923806
NOP56,proteomics,-0.3389667207792207,0.1131588254722093,0.2205088312368453
BPIFA2,proteomics,-0.5252492424242425,0.1131588254722093,0.2205088312368453
MFAP4,proteomics,-0.1494194264069264,0.1141267876376712,0.2222469022417809
LRRC25,proteomics,-0.1105265151515152,0.1151043572349198,0.2234063985376299
RRP15,proteomics,-0.2903905844155844,0.1151043572349198,0.2234063985376299
ENTR1,proteomics,-0.2646685064935066,0.1151043572349198,0.2234063985376299
EPS8L2,proteomics,-0.1633965367965367,0.1151043572349198,0.2234063985376299
METAP1,proteomics,-0.1002275974025974,0.1151043572349198,0.2234063985376299
SCG2,proteomics,-0.1539080627705628,0.1160853876268932,0.2251609741429389
BLOC1S2,proteomics,-0.2720025974025971,0.1170745439084686,0.2261820540348864
PLA2G2A,proteomics,-0.2644902597402597,0.1170761025503876,0.2261820540348864
CEP350,proteomics,-0.1291915043290043,0.1170761025503876,0.2261820540348864
THBS2,proteomics,-0.1979125541125541,0.1170761025503876,0.2261820540348864
RANBP2,proteomics,-0.1491563311688312,0.1170745439084686,0.2261820540348864
ECSCR,proteomics,-0.0890066558441564,0.1170761025503876,0.2261820540348864
CAT,proteomics,0.25438051948052,0.1190726995293541,0.2283819504575874
TNFRSF10A,proteomics,-0.0903677489177489,0.1190742704404253,0.2283819504575874
IGLON5,proteomics,-0.3038380952380951,0.1190742704404253,0.2283819504575874
COPE,proteomics,-0.3024277597402597,0.1190742704404253,0.2283819504575874
OXCT1,proteomics,0.1360965367965367,0.1190742704404253,0.2283819504575874
LCP1,proteomics,-0.2226724025974025,0.1190742704404253,0.2283819504575874
CTSZ,proteomics,-0.1383398268398268,0.1190742704404253,0.2283819504575874
ECM1,proteomics,-0.1053084415584415,0.1190742704404253,0.2283819504575874
GAMT,proteomics,-0.042268777056277,0.1190726995293541,0.2283819504575874
MYH7B,proteomics,-0.2683950757575758,0.1190742704404253,0.2283819504575874
GRPEL1,proteomics,0.1011882034632035,0.1190742704404253,0.2283819504575874
SNED1,proteomics,-0.086155140692641,0.1210990688896973,0.2309018776024691
HRC,proteomics,-0.1243883116883116,0.1210990688896973,0.2309018776024691
IRAG2,proteomics,-0.2651251082251082,0.1210990688896973,0.2309018776024691
ERBB3,proteomics,-0.0996147186147186,0.1210990688896973,0.2309018776024691
AHSP,proteomics,0.3478772727272736,0.1210990688896973,0.2309018776024691
KIAA0319,proteomics,-0.1550385281385281,0.1210990688896973,0.2309018776024691
AMIGO2,proteomics,-0.088845183982684,0.1210990688896973,0.2309018776024691
PBK,proteomics,-0.1505292748917749,0.1210990688896973,0.2309018776024691
CCL16,proteomics,-0.1537637987012987,0.1210990688896973,0.2309018776024691
DDI2,proteomics,0.3020356060606062,0.1221199300786561,0.2326965812385344
PSMD1,proteomics,0.2950417748917747,0.1231507047865427,0.2340503966781953
TTN,proteomics,0.2132365259740259,0.1231507047865427,0.2340503966781953
CSPG5,proteomics,-0.2306172619047619,0.1231507047865427,0.2340503966781953
SPTLC1,proteomics,-0.1588272727272727,0.1231507047865427,0.2340503966781953
ASGR2,proteomics,-0.0959427489177489,0.1252293838633291,0.2369226466229846
TNFRSF1A,proteomics,-0.1236008116883116,0.1252293838633291,0.2369226466229846
PRR5,proteomics,-0.1884462662337662,0.1252293838633291,0.2369226466229846
KLK6,proteomics,-0.1546593614718614,0.1252293838633291,0.2369226466229846
IL36A,proteomics,-0.2745224025974025,0.1252293838633291,0.2369226466229846
LRPAP1,proteomics,0.1481457251082251,0.1252293838633291,0.2369226466229846
PHLDB1,proteomics,0.1417636904761904,0.1252293838633291,0.2369226466229846
CD70,proteomics,-0.1372617424242424,0.1262773152340088,0.2387507066164345
DCTPP1,proteomics,-0.1016938852813852,0.1273353106363514,0.2399749277821117
CHCHD6,proteomics,-0.1184483766233766,0.1273353106363514,0.2399749277821117
SMPDL3B,proteomics,-0.1638569264069262,0.1273353106363514,0.2399749277821117
M6PR,proteomics,-0.088170238095238,0.1273353106363514,0.2399749277821117
PTGDS,proteomics,-0.1042072510822511,0.1273353106363514,0.2399749277821117
GIMAP7,proteomics,-0.1301239718614718,0.1283953049262151,0.2416640225243012
SAFB2,proteomics,-0.079234145021645,0.1283969302019294,0.2416640225243012
CNTN1,proteomics,-0.1205729437229437,0.1294686883452904,0.2430552190322954
TNR,proteomics,-0.1931944805194806,0.1294686883452904,0.2430552190322954
GUK1,proteomics,-0.0951094696969696,0.1294686883452904,0.2430552190322954
EP300,proteomics,0.1109866883116883,0.1294686883452904,0.2430552190322954
PLCB1,proteomics,-0.1969946428571428,0.1316297188922503,0.2463211705006708
IL5,proteomics,-0.385599025974026,0.1316297188922503,0.2463211705006708
NLGN2,proteomics,-0.1811118506493507,0.1316297188922503,0.2463211705006708
CDA,proteomics,-0.2288783008658007,0.1316297188922503,0.2463211705006708
DEFB103A_DEFB103B,proteomics,-0.1776278138528138,0.1316297188922503,0.2463211705006708
CAMKK1,proteomics,0.1834347402597402,0.1327190177678257,0.2482006966956843
AKR7L,proteomics,-0.3056170995670996,0.1338169479948157,0.2491412585522798
GSAP,proteomics,-0.1214819264069259,0.1338186027803898,0.2491412585522798
CD177,proteomics,-0.3585115800865801,0.1338169479948157,0.2491412585522798
RNASE4,proteomics,-0.0726968614718615,0.1338186027803898,0.2491412585522798
SPON1,proteomics,-0.1392128246753247,0.1338186027803898,0.2491412585522798
MASP1,proteomics,-0.0993573593073592,0.1338186027803898,0.2491412585522798
KLK1,proteomics,-0.3996998917748917,0.1338186027803898,0.2491412585522798
LRP2,proteomics,-0.140074567099567,0.1360355390521625,0.2518251302403236
CXCL9,proteomics,-0.2516681277056274,0.1360355390521625,0.2518251302403236
NAGK,proteomics,0.1747803571428571,0.1360355390521625,0.2518251302403236
MYOM1,proteomics,0.1103290584415584,0.1360355390521625,0.2518251302403236
IGSF9,proteomics,0.3383160173160172,0.1360338726147344,0.2518251302403236
SPOCK1,proteomics,-0.0933573051948052,0.1360355390521625,0.2518251302403236
KIR2DL2,proteomics,-0.3172237012987012,0.1360355390521625,0.2518251302403236
CXCL11,proteomics,0.2221507575757575,0.1360355390521625,0.2518251302403236
PRUNE2,proteomics,-0.0861915584415584,0.1360355390521625,0.2518251302403236
SPAG1,proteomics,0.2103349567099566,0.1382773692299165,0.2553345292729446
PDGFRB,proteomics,-0.1204542748917748,0.1382807252271882,0.2553345292729446
TP53INP1,proteomics,-0.078536525974026,0.1382807252271882,0.2553345292729446
GGH,proteomics,-0.1505440476190476,0.1382807252271882,0.2553345292729446
MFAP3L,proteomics,-0.2093294913419913,0.1405543572397677,0.2580655692285434
GALNT5,proteomics,-0.1223102813852814,0.1405543572397677,0.2580655692285434
BLMH,proteomics,0.0722196969696969,0.1405543572397677,0.2580655692285434
MAP3K5,proteomics,0.2763902056277056,0.1405543572397677,0.2580655692285434
ADCYAP1R1,proteomics,-0.119542694805195,0.1405543572397677,0.2580655692285434
AIDA,proteomics,-0.2331614177489177,0.1405543572397677,0.2580655692285434
TXK,proteomics,-0.3855709956709959,0.1405543572397677,0.2580655692285434
MCEE,proteomics,-0.3324307900432901,0.1405543572397677,0.2580655692285434
DIPK1C,proteomics,-0.2199820887445887,0.1405543572397677,0.2580655692285434
SEMA3F,proteomics,-0.0906826298701298,0.1428566293760633,0.2617993276904283
ADGRD1,proteomics,0.1458470779220781,0.1428566293760633,0.2617993276904283
TRIM24,proteomics,-0.1586869047619046,0.1428566293760633,0.2617993276904283
EFNB2,proteomics,-0.2324126623376624,0.1451877342109618,0.2645783959467839
VGF,proteomics,-0.1498066558441557,0.1451877342109618,0.2645783959467839
TST,proteomics,0.080943344155844,0.1451877342109618,0.2645783959467839
COL4A1,proteomics,-0.1694601190476189,0.1451877342109618,0.2645783959467839
MRPL24,proteomics,0.0629656385281385,0.1451860221384051,0.2645783959467839
NFKB1,proteomics,0.1027896103896103,0.1451877342109618,0.2645783959467839
BOLA1,proteomics,0.1140543831168831,0.1451877342109618,0.2645783959467839
ANGPTL1,proteomics,-0.1275484307359308,0.1451877342109618,0.2645783959467839
IL4R,proteomics,-0.1507555735930736,0.1451877342109618,0.2645783959467839
CA4,proteomics,-0.0996990800865801,0.1475478625446385,0.2677109883413894
PSME2,proteomics,0.1530431277056276,0.1475478625446385,0.2677109883413894
FCN1,proteomics,0.1044204004329004,0.1475478625446385,0.2677109883413894
THY1,proteomics,-0.0887382034632034,0.1475478625446385,0.2677109883413894
GIPR,proteomics,-0.0738385822510822,0.1475461393250359,0.2677109883413894
MUC2,proteomics,-0.3570065476190476,0.1475478625446385,0.2677109883413894
CEACAM8,proteomics,-0.1566917748917747,0.1475478625446385,0.2677109883413894
HCG22,proteomics,-0.0986358766233766,0.1487371408963468,0.2697014037469117
CDON,proteomics,-0.1284525432900433,0.1499372033388434,0.2713724119872689
RET,proteomics,0.1173368506493506,0.1499372033388434,0.2713724119872689
HLA.A,proteomics,-0.1108050324675325,0.1499372033388434,0.2713724119872689
CSTB,proteomics,0.1344331168831168,0.1523559436529264,0.2742219355280196
CHEK2,proteomics,-0.1244337662337662,0.1523559436529264,0.2742219355280196
INPP5D,proteomics,0.2790910173160174,0.1523559436529264,0.2742219355280196
PKLR,proteomics,0.2372833333333326,0.1523559436529264,0.2742219355280196
COL9A2,proteomics,-0.1325636363636363,0.1523559436529264,0.2742219355280196
LMNB2,proteomics,-0.0781781385281385,0.1523559436529264,0.2742219355280196
ALDH5A1,proteomics,-0.3390301406926406,0.1523559436529264,0.2742219355280196
SERPINI2,proteomics,-0.2066195346320346,0.1523559436529264,0.2742219355280196
NCAM2,proteomics,-0.1076685606060606,0.1523559436529264,0.2742219355280196
LGALS3,proteomics,-0.0663152056277056,0.1548042685796244,0.2774327878959181
TRIM21,proteomics,0.1326338744588744,0.1548042685796244,0.2774327878959181
IL12B,proteomics,-0.2028910173160173,0.1548042685796244,0.2774327878959181
GPRC5C,proteomics,0.1585837121212119,0.1548042685796244,0.2774327878959181
RETN,proteomics,-0.1139443722943722,0.1548042685796244,0.2774327878959181
NTproBNP,proteomics,-0.273259632034632,0.1548042685796244,0.2774327878959181
DGKA,proteomics,0.1347258658008658,0.1548042685796244,0.2774327878959181
NFKBIE,proteomics,0.2360334956709956,0.1560378212349351,0.279472151635855
MN1,proteomics,-0.292200054112554,0.1572823611806288,0.2808407707580806
AMBP,proteomics,-0.0728164502164502,0.1572805945329723,0.2808407707580806
FHIP2A,proteomics,-0.2625033008658006,0.1572823611806288,0.2808407707580806
C9orf40,proteomics,0.2701532467532472,0.1572823611806288,0.2808407707580806
PVR,proteomics,-0.1500166125541124,0.1572823611806288,0.2808407707580806
CAPG,proteomics,-0.1361945887445887,0.1585308550567078,0.2828972462336733
DDC,proteomics,-0.2737636904761904,0.1597904024219539,0.2841042252307612
PLG,proteomics,-0.0664095238095238,0.1597904024219539,0.2841042252307612
ERMAP,proteomics,0.1241213203463203,0.1597886252263479,0.2841042252307612
CXADR,proteomics,-0.1646903138528138,0.1597904024219539,0.2841042252307612
SIRPA,proteomics,-0.1891422077922077,0.1597904024219539,0.2841042252307612
RNF149,proteomics,-0.095775541125541,0.1597904024219539,0.2841042252307612
ISM2,proteomics,-0.0888744588744588,0.1623285711091301,0.2873933454585023
SCRIB,proteomics,-0.9584454004329006,0.1623285711091301,0.2873933454585023
COQ7,proteomics,-0.1779666125541124,0.1623267834968499,0.2873933454585023
PPIE,proteomics,-0.1380469155844155,0.1623285711091301,0.2873933454585023
FETUB,proteomics,-0.1733375541125542,0.1623285711091301,0.2873933454585023
C1QTNF5,proteomics,-0.1977510281385281,0.1623285711091301,0.2873933454585023
PKN3,proteomics,-0.2834502164502164,0.1623285711091301,0.2873933454585023
CALCB,proteomics,-0.1477373917748918,0.1648970438222377,0.2907081176673105
PDCD6,proteomics,-0.1524656385281385,0.1648970438222377,0.2907081176673105
PRRT3,proteomics,-0.1844990259740259,0.1648970438222377,0.2907081176673105
SKAP1,proteomics,0.1805556277056277,0.1648970438222377,0.2907081176673105
HNF1A,proteomics,-0.231606764069264,0.1648970438222377,0.2907081176673105
DHPS,proteomics,-0.2233792207792207,0.1648970438222377,0.2907081176673105
LGALS7_LGALS7B,proteomics,-0.1125178571428572,0.1648952459283994,0.2907081176673105
ULBP2,proteomics,-0.1114683982683983,0.1674959948508106,0.2945792978032007
IL2RG,proteomics,-0.0786869588744588,0.1674959948508106,0.2945792978032007
LYPD8,proteomics,-0.7932035714285712,0.1674959948508106,0.2945792978032007
SEZ6L2,proteomics,-0.0883893398268397,0.1674959948508106,0.2945792978032007
CD72,proteomics,-0.1837440476190476,0.1701255961286238,0.2988444215648843
ZHX2,proteomics,-0.0896455627705627,0.1701255961286238,0.2988444215648843
RNF168,proteomics,-0.0984140692640692,0.171450120698735,0.3009902118933347
S100A12,proteomics,0.2813375541125551,0.1727860171683942,0.3024272623851595
IGFBP6,proteomics,-0.1039357683982684,0.1727860171683942,0.3024272623851595
PRKD2,proteomics,-0.1173638528138528,0.1727860171683942,0.3024272623851595
CNTN4,proteomics,-0.0666924242424243,0.1727860171683942,0.3024272623851595
MMP12,proteomics,-0.1146271645021647,0.1727860171683942,0.3024272623851595
ACE,proteomics,-0.1031176948051948,0.1754774249964108,0.3060384924012582
CLMP,proteomics,-0.0759244047619047,0.1754774249964108,0.3060384924012582
DTNB,proteomics,0.1196674242424241,0.1754774249964108,0.3060384924012582
PLAUR,proteomics,-0.1151483766233765,0.1754774249964108,0.3060384924012582
TDO2,proteomics,-0.2202410173160173,0.1754774249964108,0.3060384924012582
NT5E,proteomics,-0.1859099025974024,0.1754774249964108,0.3060384924012582
KIRREL1,proteomics,-0.1592239718614718,0.1781999840871245,0.3087602569571221
CRHBP,proteomics,-0.0851254329004329,0.1781999840871245,0.3087602569571221
IL25,proteomics,-0.086358225108225,0.1781999840871245,0.3087602569571221
CDK1,proteomics,-0.1338425324675325,0.1781999840871245,0.3087602569571221
CASP9,proteomics,0.230457251082251,0.1781999840871245,0.3087602569571221
LY6D,proteomics,-0.0915167207792208,0.1781999840871245,0.3087602569571221
CALCA,proteomics,-0.2553074134199133,0.1781999840871245,0.3087602569571221
ASGR1,proteomics,-0.0757774891774891,0.1781999840871245,0.3087602569571221
GFOD2,proteomics,-0.0809805735930736,0.1781999840871245,0.3087602569571221
EPO,proteomics,0.3163941017316017,0.1781999840871245,0.3087602569571221
IMPG1,proteomics,-0.1845816558441558,0.1781999840871245,0.3087602569571221
ACAA1,proteomics,0.0956330627705627,0.1795711441852997,0.3109516910270327
SCN2A,proteomics,-0.1174079545454543,0.1809538562977127,0.3118679964376264
PINLYP,proteomics,-0.2244831709956708,0.1809538562977127,0.3118679964376264
ERCC1,proteomics,-0.0893348484848485,0.1809538562977127,0.3118679964376264
NEDD4L,proteomics,0.1790076839826841,0.1809538562977127,0.3118679964376264
PRKCQ,proteomics,-0.0886369588744588,0.1809519997676772,0.3118679964376264
KLK15,proteomics,-0.1272946428571428,0.1809538562977127,0.3118679964376264
CA8,proteomics,-0.0904978896103896,0.1809519997676772,0.3118679964376264
HTR1A,proteomics,-0.1141143398268397,0.1809538562977127,0.3118679964376264
CST3,proteomics,-0.0885866883116883,0.1837392008026493,0.3155521057262891
SIL1,proteomics,-0.175840476190476,0.1837392008026493,0.3155521057262891
SHISA5,proteomics,-0.1219300865800865,0.1837392008026493,0.3155521057262891
PSMA1,proteomics,-0.0761001623376623,0.1837392008026493,0.3155521057262891
CFI,proteomics,-0.0749762987012987,0.1837392008026493,0.3155521057262891
COPB2,proteomics,0.1996190476190477,0.1837392008026493,0.3155521057262891
UBAC1,proteomics,0.1560094155844147,0.1865561740282996,0.3188910506928185
PREB,proteomics,-0.0806795995670995,0.1865561740282996,0.3188910506928185
APOA4,proteomics,-0.1011656926406926,0.1865561740282996,0.3188910506928185
FCRLB,proteomics,-0.2421186688311688,0.1865561740282996,0.3188910506928185
IGF2R,proteomics,-0.0948550865800866,0.1865561740282996,0.3188910506928185
HGFAC,proteomics,-0.1114398268398268,0.1865561740282996,0.3188910506928185
CFP,proteomics,-0.0773189393939393,0.1865561740282996,0.3188910506928185
XIAP,proteomics,0.0503020021645021,0.1865561740282996,0.3188910506928185
PARD3,proteomics,-0.2057290584415585,0.1894030458757704,0.3218782611537494
ENO3,proteomics,0.2301442640692644,0.1894049295875638,0.3218782611537494
ENOX2,proteomics,-0.0875214826839826,0.1894049295875638,0.3218782611537494
NDST1,proteomics,-0.0697450216450217,0.1894030458757704,0.3218782611537494
AMDHD2,proteomics,-0.0612020021645021,0.1894049295875638,0.3218782611537494
AZI2,proteomics,-0.1306570346320346,0.1894049295875638,0.3218782611537494
SUMF2,proteomics,0.1158978896103894,0.1894049295875638,0.3218782611537494
DNPEP,proteomics,0.1268561147186148,0.1894049295875638,0.3218782611537494
EDDM3B,proteomics,0.2716285714285714,0.1894049295875638,0.3218782611537494
FGF3,proteomics,-0.1009395562770563,0.1894049295875638,0.3218782611537494
NEDD9,proteomics,-0.1137913961038958,0.1908374967647237,0.3241243480786098
FLT1,proteomics,-0.0726879329004329,0.1922856182145986,0.3245097355896489
AGBL2,proteomics,-0.1964448593073592,0.1922856182145986,0.3245097355896489
CD302,proteomics,0.1118759740259746,0.1922856182145986,0.3245097355896489
OLFM4,proteomics,0.2533254870129869,0.1922856182145986,0.3245097355896489
GRP,proteomics,-0.1243658008658009,0.1922856182145986,0.3245097355896489
BCAT2,proteomics,-0.1155712662337662,0.1922856182145986,0.3245097355896489
IL34,proteomics,-0.1596044913419914,0.1922856182145986,0.3245097355896489
CGB3_CGB5_CGB8,proteomics,-0.1613384199134199,0.1922856182145986,0.3245097355896489
ARHGAP30,proteomics,-0.0518155844155842,0.1922856182145986,0.3245097355896489
NOS2,proteomics,-0.2300834415584415,0.1922856182145986,0.3245097355896489
IFIT3,proteomics,-0.0675218073593073,0.1922837257844091,0.3245097355896489
MORN4,proteomics,-0.164963474025974,0.1951983876996347,0.3271587656227249
IFNGR2,proteomics,-0.0933046536796539,0.1951983876996347,0.3271587656227249
CD93,proteomics,-0.1012330627705628,0.1951983876996347,0.3271587656227249
RTKN2,proteomics,0.0745872294372294,0.1951983876996347,0.3271587656227249
P4HB,proteomics,0.2198814393939394,0.1951983876996347,0.3271587656227249
SUGP1,proteomics,0.0931369047619047,0.1951983876996347,0.3271587656227249
NAA10,proteomics,0.257699025974026,0.1951983876996347,0.3271587656227249
CAPS,proteomics,-0.1953052489177488,0.1951964867285461,0.3271587656227249
SELENOP,proteomics,-0.0860781926406926,0.1951983876996347,0.3271587656227249
GHR,proteomics,0.0943844696969697,0.1951983876996347,0.3271587656227249
GALNT3,proteomics,-0.170756764069264,0.1951983876996347,0.3271587656227249
KRT17,proteomics,-0.0890670454545454,0.1951983876996347,0.3271587656227249
PXN,proteomics,0.1332464285714283,0.1966649429535772,0.3294278671938719
CTNNA1,proteomics,-0.1130962662337662,0.1981433828239176,0.3307670519670538
KCNH2,proteomics,-0.1912302489177486,0.1981433828239176,0.3307670519670538
MIA,proteomics,-0.1036540043290042,0.1981433828239176,0.3307670519670538
PCARE,proteomics,-0.2081267316017312,0.1981433828239176,0.3307670519670538
HS3ST3B1,proteomics,0.1980951839826839,0.1981433828239176,0.3307670519670538
RCC1,proteomics,-0.1618218073593074,0.1981433828239176,0.3307670519670538
RASA1,proteomics,-0.1596807359307359,0.1996260959649139,0.3328619957247253
PILRA,proteomics,-0.1084594696969697,0.1996260959649139,0.3328619957247253
WWP2,proteomics,-0.1074890692640694,0.2011207452948004,0.334590744733467
TFAP2A,proteomics,-0.1470823051948051,0.2011207452948004,0.334590744733467
GDF2,proteomics,-0.2220619588744589,0.2011207452948004,0.334590744733467
F9,proteomics,-0.0393824134199133,0.2011207452948004,0.334590744733467
MAEA,proteomics,-0.1383433982683981,0.2026196861906296,0.3368926864250344
HTR1B,proteomics,-0.1639411255411254,0.2041306136810072,0.3386343835355189
NEK7,proteomics,0.3245404761904762,0.204128688190444,0.3386343835355189
GALNT2,proteomics,-0.0901041666666666,0.2041306136810072,0.3386343835355189
CEP164,proteomics,-0.1933459415584416,0.2041306136810072,0.3386343835355189
UBE2B,proteomics,0.0804668831168831,0.2056458506097206,0.3409545214589979
AMY1A_AMY1B_AMY1C,proteomics,-0.1869517857142857,0.2071731233480971,0.3421282709302191
CSPG4,proteomics,-0.1283869588744588,0.2071731233480971,0.3421282709302191
FGF21,proteomics,0.2881384199134201,0.2071731233480971,0.3421282709302191
DRAXIN,proteomics,-0.1605761904761904,0.2071731233480971,0.3421282709302191
SIGLEC8,proteomics,-0.1195708874458873,0.2071731233480971,0.3421282709302191
TNFRSF13C,proteomics,-0.1493945887445887,0.2071731233480971,0.3421282709302191
CNDP1,proteomics,-0.1424614177489178,0.2071731233480971,0.3421282709302191
FAM171A2,proteomics,-0.4362446969696962,0.208704722965818,0.3442685695423736
PODXL,proteomics,-0.0407984848484848,0.208704722965818,0.3442685695423736
IL15RA,proteomics,-0.1187998917748917,0.2102484063941528,0.3454503046037711
FSTL3,proteomics,-0.1180512987012986,0.2102484063941528,0.3454503046037711
ANXA1,proteomics,0.1374916125541123,0.2102484063941528,0.3454503046037711
IL2RB,proteomics,-0.1042698051948051,0.2102484063941528,0.3454503046037711
BNIP3L,proteomics,-0.1006295995670995,0.2102484063941528,0.3454503046037711
KLK10,proteomics,-0.0849238095238094,0.2102484063941528,0.3454503046037711
PALM,proteomics,-0.0850803571428572,0.2102484063941528,0.3454503046037711
ATP1B1,proteomics,-0.0876417748917748,0.2133565915857203,0.3491832683119039
CARHSP1,proteomics,0.2071847943722946,0.2133565915857203,0.3491832683119039
COL24A1,proteomics,0.1871365259740259,0.2133565915857203,0.3491832683119039
S100A13,proteomics,-0.063846699134199,0.2133565915857203,0.3491832683119039
STX16,proteomics,-0.1858237554112563,0.2133565915857203,0.3491832683119039
CD38,proteomics,-0.1080081168831168,0.2133565915857203,0.3491832683119039
HMOX1,proteomics,-0.2072119588744588,0.2133565915857203,0.3491832683119039
SNAP25,proteomics,-0.112445238095238,0.2164978042940242,0.352351381932869
FCER1A,proteomics,-0.073703354978355,0.2164978042940242,0.352351381932869
IL6,proteomics,0.8486602813852815,0.2164978042940242,0.352351381932869
DLK1,proteomics,0.2219600649350649,0.2164978042940242,0.352351381932869
ATG16L1,proteomics,0.1637350649350649,0.2164978042940242,0.352351381932869
VSNL1,proteomics,-0.2132069805194804,0.2164978042940242,0.352351381932869
ECE1,proteomics,-0.0773891233766233,0.2164978042940242,0.352351381932869
CCL25,proteomics,-0.181034577922078,0.2164978042940242,0.352351381932869
CCL19,proteomics,-0.2091988636363635,0.2164978042940242,0.352351381932869
LPA,proteomics,-0.5195369047619047,0.2164958488267286,0.352351381932869
FCAR,proteomics,-0.1459076298701299,0.219672166431487,0.3563272710761579
CNTNAP2,proteomics,-0.095998538961039,0.219672166431487,0.3563272710761579
DDX1,proteomics,-0.1545172619047618,0.219672166431487,0.3563272710761579
COL1A1,proteomics,-0.1415476190476191,0.219672166431487,0.3563272710761579
CSF2RA,proteomics,-0.0903404761904761,0.219672166431487,0.3563272710761579
SSC5D,proteomics,0.1321012987012988,0.219672166431487,0.3563272710761579
MSMB,proteomics,-0.1482612554112554,0.222879796388575,0.3597336525918304
RNASE3,proteomics,0.2868299242424241,0.222879796388575,0.3597336525918304
APOD,proteomics,-0.113640909090909,0.222879796388575,0.3597336525918304
PROK1,proteomics,-0.1412970238095238,0.222879796388575,0.3597336525918304
CLNS1A,proteomics,0.090461093073593,0.222879796388575,0.3597336525918304
SORCS2,proteomics,-0.1541725649350649,0.222879796388575,0.3597336525918304
LDLR,proteomics,0.1861010822510821,0.222879796388575,0.3597336525918304
TNFSF9,proteomics,-0.125959632034632,0.222879796388575,0.3597336525918304
SERPINA9,proteomics,-0.1858314935064935,0.222879796388575,0.3597336525918304
FOLH1,proteomics,0.0679160173160173,0.2261208089710036,0.3629605297211661
ZCCHC8,proteomics,-0.1393226190476189,0.2261208089710036,0.3629605297211661
CD84,proteomics,0.0780892857142858,0.2261208089710036,0.3629605297211661
CRISP2,proteomics,-0.1833147727272727,0.2261208089710036,0.3629605297211661
BGLAP,proteomics,-0.2428484848484846,0.2261208089710036,0.3629605297211661
PLAT,proteomics,0.1344871212121212,0.2261208089710036,0.3629605297211661
SORD,proteomics,0.3043444805194806,0.2261208089710036,0.3629605297211661
ANXA10,proteomics,-0.2453096861471862,0.2261188331894017,0.3629605297211661
TSPAN1,proteomics,-0.0376544372294372,0.2261208089710036,0.3629605297211661
UPK3BL1,proteomics,-0.2675159632034632,0.2261208089710036,0.3629605297211661
EXTL1,proteomics,-0.0949784632034631,0.2293933332170016,0.366005735115165
OSBPL2,proteomics,-0.1041643939393939,0.2293953153373186,0.366005735115165
GIMAP8,proteomics,-0.0300536796536796,0.2293953153373186,0.366005735115165
LRTM1,proteomics,-0.2728577380952382,0.2293953153373186,0.366005735115165
SMNDC1,proteomics,0.1137272186147173,0.2293953153373186,0.366005735115165
SKIV2L,proteomics,-0.0207452380952381,0.2293953153373186,0.366005735115165
NEFL,proteomics,-0.1875828463203459,0.2293953153373186,0.366005735115165
NDUFA5,proteomics,-0.0695576298701298,0.2293953153373186,0.366005735115165
SCN4B,proteomics,-0.107386093073593,0.2293953153373186,0.366005735115165
ARHGAP5,proteomics,-0.1397348484848483,0.2293953153373186,0.366005735115165
MPRIP,proteomics,0.2023181818181817,0.2293953153373186,0.366005735115165
ARTN,proteomics,-0.1721099025974025,0.2310431772074511,0.3684338281382323
SPINK6,proteomics,-0.1413903679653679,0.2327034229368925,0.370273328930069
MAPRE3,proteomics,-0.3540122294372295,0.2327034229368925,0.370273328930069
GET3,proteomics,0.1597036796536795,0.2327034229368925,0.370273328930069
ZNF75D,proteomics,-0.0166902597402598,0.2327034229368925,0.370273328930069
TOR1AIP1,proteomics,0.1651890151515151,0.2360452354483493,0.3741649800518031
IL12RB2,proteomics,-0.0575511904761904,0.2360452354483493,0.3741649800518031
KLK8,proteomics,-0.0824407467532467,0.2360452354483493,0.3741649800518031
GAL,proteomics,-0.1625983766233766,0.2360452354483493,0.3741649800518031
CD74,proteomics,-0.1321850108225109,0.2360452354483493,0.3741649800518031
NGFR,proteomics,-0.0908939393939394,0.2360452354483493,0.3741649800518031
BAG4,proteomics,-0.0808358225108223,0.2360452354483493,0.3741649800518031
KIR2DL3,proteomics,-0.1857981601731604,0.2377268154134163,0.3766262772105235
PCDH9,proteomics,-0.1376124458874459,0.2394208527184572,0.3778764322332886
CANT1,proteomics,-0.0721949134199133,0.2394208527184572,0.3778764322332886
CCL26,proteomics,-0.0722848484848484,0.2394208527184572,0.3778764322332886
ZP3,proteomics,-0.3434571428571427,0.2394208527184572,0.3778764322332886
PRDX2,proteomics,0.1707556818181816,0.2394208527184572,0.3778764322332886
CABP2,proteomics,0.0414828463203462,0.2394208527184572,0.3778764322332886
TSHB,proteomics,-0.1710423701298693,0.2394208527184572,0.3778764322332886
CLEC10A,proteomics,-0.0938198593073592,0.2428303707015063,0.3816092330970446
ITGA11,proteomics,-0.1061491883116882,0.2428303707015063,0.3816092330970446
POSTN,proteomics,-0.088472132034632,0.2428303707015063,0.3816092330970446
SAG,proteomics,-0.1081568181818181,0.2428303707015063,0.3816092330970446
CEACAM21,proteomics,-0.2757341991341993,0.2428303707015063,0.3816092330970446
STAU1,proteomics,0.0135318181818182,0.2428303707015063,0.3816092330970446
PI16,proteomics,-0.0744449675324675,0.2428303707015063,0.3816092330970446
HSPG2,proteomics,-0.0627415584415584,0.2428303707015063,0.3816092330970446
MYH4,proteomics,-0.0659698593073593,0.2462738813992029,0.3851570654520439
LYVE1,proteomics,-0.0829299242424242,0.2462738813992029,0.3851570654520439
CSRP3,proteomics,0.1560272186147187,0.2462738813992029,0.3851570654520439
IL24,proteomics,0.002686634199134,0.2462738813992029,0.3851570654520439
FDX1,proteomics,-0.1622945346320347,0.2462738813992029,0.3851570654520439
TAX1BP1,proteomics,-0.0703385281385281,0.2462738813992029,0.3851570654520439
CTSB,proteomics,-0.1928109307359306,0.2462738813992029,0.3851570654520439
CTSO,proteomics,-0.0660749458874458,0.2462738813992029,0.3851570654520439
CYB5A,proteomics,-0.2071723484848485,0.2462738813992029,0.3851570654520439
ATP5F1D,proteomics,-0.0936470779220779,0.2497514728011071,0.388931036226764
KRT5,proteomics,-0.2181048701298701,0.2497514728011071,0.388931036226764
IL2,proteomics,-0.1531829004329005,0.2497514728011071,0.388931036226764
IGFBP1,proteomics,-0.4653666666666668,0.2497514728011071,0.388931036226764
GNE,proteomics,0.0121285173160173,0.2497514728011071,0.388931036226764
BLNK,proteomics,-0.0658874458874458,0.2497514728011071,0.388931036226764
FUS,proteomics,0.0600491883116879,0.2497514728011071,0.388931036226764
ADH1B,proteomics,-0.301687878787879,0.2497494574447591,0.388931036226764
CYTH3,proteomics,-0.1831552489177489,0.2532632288256408,0.3929344043828811
TAP1,proteomics,-0.0844505411255409,0.2532612087622603,0.3929344043828811
JAM3,proteomics,0.0820340367965366,0.2532632288256408,0.3929344043828811
CENPF,proteomics,0.1763353896103896,0.2532632288256408,0.3929344043828811
CPPED1,proteomics,0.1401112012987012,0.2532632288256408,0.3929344043828811
AGR3,proteomics,0.1073554112554113,0.2532632288256408,0.3929344043828811
RAB3GAP1,proteomics,-0.1223170995670996,0.2532632288256408,0.3929344043828811
TRIM25,proteomics,0.1512041666666662,0.2568092292616898,0.3965416677928787
CACNB1,proteomics,-0.1006203463203463,0.2568092292616898,0.3965416677928787
CEP85,proteomics,0.1567520562770561,0.2568092292616898,0.3965416677928787
PAPPA,proteomics,0.180033225108225,0.2568092292616898,0.3965416677928787
EPCAM,proteomics,-0.2224633658008658,0.2568092292616898,0.3965416677928787
ICA1,proteomics,0.1631375541125542,0.2568092292616898,0.3965416677928787
OPLAH,proteomics,-0.1777741883116883,0.2568092292616898,0.3965416677928787
CD22,proteomics,-0.1230975649350649,0.2568092292616898,0.3965416677928787
RTBDN,proteomics,-0.0687216991341991,0.2568092292616898,0.3965416677928787
GFRA2,proteomics,-0.0604940476190475,0.2585930682649262,0.3990852896189965
ASPN,proteomics,-0.0753429112554112,0.2603895497108345,0.4012222740141113
LEFTY2,proteomics,-0.1214357683982684,0.2603895497108345,0.4012222740141113
MYL4,proteomics,0.2376814393939395,0.2603895497108345,0.4012222740141113
IFT20,proteomics,0.0636588744588744,0.2621905716638341,0.4037845315982017
CEACAM5,proteomics,-0.2210100649350649,0.264004261530225,0.4055094358659211
THOP1,proteomics,-0.0703587121212122,0.264002228841237,0.4055094358659211
BTN3A2,proteomics,-0.102137987012987,0.264004261530225,0.4055094358659211
LRRFIP1,proteomics,-0.0673335497835497,0.264004261530225,0.4055094358659211
ABO,proteomics,-0.4493470779220779,0.264004261530225,0.4055094358659211
PCDH12,proteomics,-0.0459642857142857,0.2658225007575944,0.4080877992197733
NUDT15,proteomics,0.131535064935065,0.267651395388211,0.4093935013509477
PAM,proteomics,-0.0677554112554113,0.2676534317761413,0.4093935013509477
ADGRV1,proteomics,-0.0060951298701297,0.2676534317761413,0.4093935013509477
OMP,proteomics,-0.1484956168831169,0.2676534317761413,0.4093935013509477
CCDC134,proteomics,0.1680438852813851,0.2676534317761413,0.4093935013509477
NID2,proteomics,0.1346170454545454,0.2676534317761413,0.4093935013509477
IL15,proteomics,-0.0817573593073593,0.2676534317761413,0.4093935013509477
PSPN,proteomics,0.2475414502164502,0.2694889204343703,0.4119854154966864
ENTPD2,proteomics,-0.0787653138528138,0.2713371231482525,0.4122237063213836
GPR158,proteomics,-0.1353200757575757,0.2713371231482525,0.4122237063213836
SDK2,proteomics,-0.1381809523809523,0.2713371231482525,0.4122237063213836
CGN,proteomics,-0.0805911255411255,0.271335083321621,0.4122237063213836
CTSC,proteomics,-0.0676816558441558,0.2713371231482525,0.4122237063213836
AGER,proteomics,-0.0961462662337662,0.2713371231482525,0.4122237063213836
AMPD3,proteomics,0.1079033549783545,0.271335083321621,0.4122237063213836
KRT19,proteomics,-0.120861525974026,0.2713371231482525,0.4122237063213836
CFH,proteomics,-0.043154816017316,0.2713371231482525,0.4122237063213836
ABRAXAS2,proteomics,0.1393411255411256,0.2713371231482525,0.4122237063213836
PCOLCE,proteomics,-0.0961849567099567,0.2713371231482525,0.4122237063213836
LACRT,proteomics,-0.2923058441558441,0.2713371231482525,0.4122237063213836
ING1,proteomics,0.0545294913419913,0.2750553939346121,0.4170056620699539
GOLM2,proteomics,-0.0740528679653679,0.2750553939346121,0.4170056620699539
ANGPTL7,proteomics,-0.0894972943722943,0.2750553939346121,0.4170056620699539
GZMB,proteomics,0.1419685606060605,0.2750553939346121,0.4170056620699539
PTPRF,proteomics,-0.0752747835497835,0.2788082979574083,0.4213839994464864
EFCAB14,proteomics,-0.077446645021645,0.2788082979574083,0.4213839994464864
LUZP2,proteomics,-0.0900921536796537,0.2788082979574083,0.4213839994464864
FGD3,proteomics,0.1115057900432903,0.2788082979574083,0.4213839994464864
THSD1,proteomics,-0.1621626623376623,0.2788082979574083,0.4213839994464864
CTSD,proteomics,0.0735734307359307,0.2788062520468511,0.4213839994464864
FAM3C,proteomics,-0.0882191558441556,0.2825958845195044,0.4257875105415007
HDAC8,proteomics,-0.055982196969697,0.2825958845195044,0.4257875105415007
FOS,proteomics,-0.088662987012987,0.2825958845195044,0.4257875105415007
YAP1,proteomics,-0.0859238095238095,0.2825958845195044,0.4257875105415007
ITPA,proteomics,-0.0589860930735929,0.2825938359699828,0.4257875105415007
CNGB3,proteomics,0.1564797077922078,0.2825958845195044,0.4257875105415007
PDE1C,proteomics,-0.2341182359307359,0.2864181983517873,0.43065863877689
CD3D,proteomics,-0.081222132034632,0.2864181983517873,0.43065863877689
CSF1R,proteomics,-0.1661301406926407,0.2864181983517873,0.43065863877689
TP53,proteomics,0.0901401515151515,0.2864181983517873,0.43065863877689
RAB6B,proteomics,-0.1249309523809523,0.2902752795613569,0.4326744733084376
CELSR2,proteomics,-0.0982442640692637,0.2883403387141255,0.4326744733084376
ACVRL1,proteomics,-0.0669940476190476,0.2902752795613569,0.4326744733084376
TNFRSF19,proteomics,-0.0960561688311688,0.2902752795613569,0.4326744733084376
MYL6B,proteomics,-0.1339208333333332,0.2902752795613569,0.4326744733084376
PTH1R,proteomics,-0.0695951298701298,0.2902752795613569,0.4326744733084376
GLP1R,proteomics,-0.0880834956709955,0.2883403387141255,0.4326744733084376
CLEC4G,proteomics,-0.0682866341991342,0.2902752795613569,0.4326744733084376
CLUL1,proteomics,-0.1364117965367966,0.2902752795613569,0.4326744733084376
SCRG1,proteomics,0.0689236471861471,0.2883403387141255,0.4326744733084376
MAGED1,proteomics,-0.0020872294372291,0.2902752795613569,0.4326744733084376
ACRV1,proteomics,-0.2078688311688312,0.2902752795613569,0.4326744733084376
CCL14,proteomics,-0.0498349025974026,0.2902752795613569,0.4326744733084376
DBH,proteomics,0.4062266233766233,0.2902752795613569,0.4326744733084376
CGA,proteomics,-0.1668498376623373,0.2902752795613569,0.4326744733084376
TPK1,proteomics,-0.0822919913419914,0.2902752795613569,0.4326744733084376
FCRL6,proteomics,-0.1353099025974027,0.2902752795613569,0.4326744733084376
NPDC1,proteomics,-0.0855463744588744,0.2922148152421604,0.4349001552713008
CD200R1,proteomics,-0.0624612012987012,0.2922148152421604,0.4349001552713008
MRPL46,proteomics,0.0569569264069264,0.2922148152421604,0.4349001552713008
AP2B1,proteomics,-0.0780306818181818,0.2941671635805813,0.4355879529615194
GFRAL,proteomics,-0.2702810064935064,0.294165108762678,0.4355879529615194
RAB39B,proteomics,-0.2110581168831169,0.2941671635805813,0.4355879529615194
VSIG10,proteomics,-0.2153659632034632,0.2941671635805813,0.4355879529615194
ARNT,proteomics,-0.0531617965367965,0.2941671635805813,0.4355879529615194
IL6R,proteomics,-0.0730349567099567,0.2941609990770341,0.4355879529615194
IL12A_IL12B,proteomics,-0.1728280844155844,0.2941671635805813,0.4355879529615194
FGFR4,proteomics,-0.1142015151515151,0.2941671635805813,0.4355879529615194
HAVCR1,proteomics,-0.1215731060606059,0.2941671635805813,0.4355879529615194
IL1RL1,proteomics,-0.134963528138528,0.2941671635805813,0.4355879529615194
TGFBI,proteomics,-0.035154761904762,0.2980938811170427,0.4398427130263078
SOD2,proteomics,-0.0888266233766233,0.2980938811170427,0.4398427130263078
AIF1,proteomics,0.1214763528138527,0.2980938811170427,0.4398427130263078
PRAP1,proteomics,0.091713474025974,0.2980938811170427,0.4398427130263078
GCNT1,proteomics,-0.06744908008658,0.2980938811170427,0.4398427130263078
DKKL1,proteomics,-0.1613502705627704,0.2980938811170427,0.4398427130263078
ATF2,proteomics,-0.2347843614718615,0.298091824769024,0.4398427130263078
LYPLA2,proteomics,-0.247077435064935,0.3000682537397315,0.4425325457523891
IL17C,proteomics,-0.288325974025974,0.3020554581044024,0.4445660141184129
JMJD1C,proteomics,0.1276863636363634,0.3020554581044024,0.4445660141184129
VEGFA,proteomics,0.0682287337662337,0.3020554581044024,0.4445660141184129
CREB3,proteomics,-0.112362067099567,0.3020554581044024,0.4445660141184129
PZP,proteomics,-0.1177445887445889,0.3040472675702271,0.4472723518408525
IGFBP3,proteomics,-0.0653818181818182,0.3060519156542076,0.4486407971199844
AHNAK,proteomics,-0.0662829545454545,0.3060519156542076,0.4486407971199844
MDGA1,proteomics,-0.1454847402597402,0.3060519156542076,0.4486407971199844
KLRK1,proteomics,-0.099059199134199,0.3060519156542076,0.4486407971199844
KLK14,proteomics,-0.1653570346320345,0.3060519156542076,0.4486407971199844
DCDC2C,proteomics,-0.2193221861471861,0.3060519156542076,0.4486407971199844
RPA2,proteomics,-0.0821557359307359,0.3060519156542076,0.4486407971199844
STX3,proteomics,0.0364981601731601,0.3100832700086727,0.4531866991176752
GIPC2,proteomics,-0.0833901515151513,0.3100832700086727,0.4531866991176752
CDH15,proteomics,0.0786641774891776,0.3100832700086727,0.4531866991176752
SERPINB5,proteomics,-0.079435064935065,0.3100832700086727,0.4531866991176752
MEP1A,proteomics,-0.15127408008658,0.3100812107881339,0.4531866991176752
SLURP1,proteomics,-0.0931265151515151,0.3100832700086727,0.4531866991176752
TNFRSF6B,proteomics,-0.100825974025974,0.3141495324944505,0.457300340379123
REN,proteomics,0.0978564935064935,0.3141495324944505,0.457300340379123
DUOX2,proteomics,-0.0966821428571428,0.3141495324944505,0.457300340379123
PGM2,proteomics,0.2151994047619047,0.3141495324944505,0.457300340379123
ADGRF5,proteomics,-0.0606512987012986,0.3141495324944505,0.457300340379123
IL9,proteomics,-0.1886813311688312,0.3141495324944505,0.457300340379123
RBFOX3,proteomics,-0.1449358766233766,0.3141474728981017,0.457300340379123
MNAT1,proteomics,-0.0602985930735931,0.3141495324944505,0.457300340379123
PGF,proteomics,-0.0618433441558441,0.3182507094774285,0.4614319562512518
CDSN,proteomics,-0.1043133116883117,0.3182507094774285,0.4614319562512518
AMOT,proteomics,-0.0703635822510822,0.3182507094774285,0.4614319562512518
PHLDB2,proteomics,-0.2800475108225109,0.3182507094774285,0.4614319562512518
COLEC12,proteomics,-0.0683205086580086,0.3182507094774285,0.4614319562512518
ISLR2,proteomics,-0.1000823051948052,0.3182507094774285,0.4614319562512518
TCTN3,proteomics,-0.0779424783549784,0.3182507094774285,0.4614319562512518
PNLIPRP2,proteomics,-0.7616244588744588,0.3182507094774285,0.4614319562512518
BATF,proteomics,-0.0961613636363637,0.3223868023185707,0.4665032788005853
MZB1,proteomics,-0.1734117424242423,0.3223868023185707,0.4665032788005853
LAIR1,proteomics,-0.1045679112554112,0.3223868023185707,0.4665032788005853
AMFR,proteomics,-0.1357606601731603,0.3223868023185707,0.4665032788005853
AFAP1,proteomics,0.4171894480519481,0.3265578073308298,0.4709069910350348
TCOF1,proteomics,-0.079035119047619,0.3265578073308298,0.4709069910350348
HIF1A,proteomics,-0.1572493506493506,0.3265578073308298,0.4709069910350348
NOMO1,proteomics,-0.0702880952380952,0.3265578073308298,0.4709069910350348
GNAS,proteomics,-0.0753450216450218,0.3265578073308298,0.4709069910350348
ZNF830,proteomics,0.0880694805194805,0.3265578073308298,0.4709069910350348
IDO1,proteomics,-0.6452984307359309,0.3265578073308298,0.4709069910350348
NRP2,proteomics,-0.0830626623376623,0.3286543407881181,0.4732298709968814
SNCG,proteomics,0.0614862554112553,0.3286543407881181,0.4732298709968814
NCLN,proteomics,0.0565326298701296,0.3286543407881181,0.4732298709968814
GBP1,proteomics,-0.044037987012987,0.3307637157371567,0.4748636252945525
GLIPR1,proteomics,-0.1133641233766233,0.3307616576150763,0.4748636252945525
SELE,proteomics,-0.1446061688311688,0.3307637157371567,0.4748636252945525
CCN1,proteomics,0.0678869047619048,0.3307637157371567,0.4748636252945525
SIGLEC9,proteomics,-0.0513597402597402,0.3307637157371567,0.4748636252945525
DOC2B,proteomics,-0.0756921536796536,0.3307637157371567,0.4748636252945525
FGF23,proteomics,0.1801284090909091,0.3328776969706185,0.4771954429843639
F13B,proteomics,0.0042501082251082,0.3328776969706185,0.4771954429843639
ADA,proteomics,0.0746534632034632,0.3328776969706185,0.4771954429843639
MELTF,proteomics,-0.0670327380952381,0.3350045136296292,0.4776674113850762
SPINK8,proteomics,-0.0864243506493507,0.3350045136296292,0.4776674113850762
IFNG,proteomics,0.1201991341991341,0.3350045136296292,0.4776674113850762
ELN,proteomics,0.0487760822510818,0.3350024566327106,0.4776674113850762
ACTN2,proteomics,0.132917803030303,0.3350045136296292,0.4776674113850762
DDHD2,proteomics,0.064939935064935,0.3350045136296292,0.4776674113850762
LAMB1,proteomics,-0.0733734848484848,0.3350003996176649,0.4776674113850762
SOD3,proteomics,-0.0017449134199134,0.3350045136296292,0.4776674113850762
IKZF2,proteomics,0.4640764610389609,0.3350045136296292,0.4776674113850762
KLKB1,proteomics,-0.0661403138528138,0.3350045136296292,0.4776674113850762
LIFR,proteomics,-0.047737554112554,0.3350045136296292,0.4776674113850762
MEGF10,proteomics,-0.0905023809523808,0.3392801819297282,0.4821176333401047
SHH,proteomics,-0.0459079545454545,0.3392801819297282,0.4821176333401047
IL20RA,proteomics,-0.0734140151515151,0.3392801819297282,0.4821176333401047
ST3GAL1,proteomics,-0.1481204004329003,0.3392801819297282,0.4821176333401047
DSCAM,proteomics,-0.1095909090909091,0.3392801819297282,0.4821176333401047
AHSG,proteomics,-0.0924083874458874,0.3392781263652606,0.4821176333401047
KDR,proteomics,-0.0794746753246753,0.3392801819297282,0.4821176333401047
FBN2,proteomics,-0.1456249458874459,0.3414290303649349,0.4849354012423248
BGN,proteomics,0.0617491883116884,0.3435906963497789,0.4872952961816612
SV2A,proteomics,0.0920136363636363,0.3435906963497789,0.4872952961816612
TNC,proteomics,-0.0975890151515151,0.3435906963497789,0.4872952961816612
CEBPB,proteomics,-0.0760987012987012,0.3479360273555882,0.4925021830316632
CA5A,proteomics,-0.3350213744588744,0.3479360273555882,0.4925021830316632
PGLYRP1,proteomics,-0.1374516774891774,0.3479360273555882,0.4925021830316632
BMP4,proteomics,-0.1100506493506493,0.3479360273555882,0.4925021830316632
TMOD4,proteomics,-0.0825858225108224,0.352316140130296,0.495343952669964
LEO1,proteomics,-0.1103452380952381,0.352316140130296,0.495343952669964
PAXX,proteomics,0.0618983225108224,0.352316140130296,0.495343952669964
FMR1,proteomics,0.0509985930735929,0.352316140130296,0.495343952669964
PROC,proteomics,-0.0459206168831169,0.352316140130296,0.495343952669964
SLC51B,proteomics,-0.1335672619047619,0.352316140130296,0.495343952669964
GP1BB,proteomics,0.1302972402597401,0.352316140130296,0.495343952669964
C2CD2L,proteomics,-0.1067341991341991,0.352316140130296,0.495343952669964
IFNL1,proteomics,-0.1480373376623378,0.352316140130296,0.495343952669964
WFDC12,proteomics,0.1868893939393938,0.352316140130296,0.495343952669964
NRTN,proteomics,-0.1291708874458874,0.352316140130296,0.495343952669964
IL1A,proteomics,-0.1127836038961038,0.352316140130296,0.495343952669964
GC,proteomics,-0.0665280303030303,0.352316140130296,0.495343952669964
XPNPEP2,proteomics,-0.2441995129870131,0.352316140130296,0.495343952669964
CA9,proteomics,-0.1049175324675323,0.3567289478206971,0.498672738899499
BCHE,proteomics,-0.0465989718614718,0.3567309945394636,0.498672738899499
CST7,proteomics,-0.1038666666666666,0.3567309945394636,0.498672738899499
CCDC50,proteomics,-0.1964048160173159,0.3567309945394636,0.498672738899499
SERPINF1,proteomics,-0.0261055735930735,0.3567309945394636,0.498672738899499
OGA,proteomics,0.0757488095238095,0.3567309945394636,0.498672738899499
SERPINA5,proteomics,-0.1318734848484848,0.3567309945394636,0.498672738899499
CREG1,proteomics,-0.0896891233766233,0.3567309945394636,0.498672738899499
TP73,proteomics,-0.0546476731601732,0.3567309945394636,0.498672738899499
SIGLEC7,proteomics,-0.0092347402597402,0.3567309945394636,0.498672738899499
CD83,proteomics,-0.0664704004329004,0.3567309945394636,0.498672738899499
CD99L2,proteomics,-0.0710202922077921,0.3567309945394636,0.498672738899499
IL13RA1,proteomics,-0.0547890692640692,0.3589493905942995,0.5015339716573315
PBXIP1,proteomics,-0.033702922077922,0.3611805450974275,0.5029684294043737
CEACAM6,proteomics,-0.1597174783549783,0.3611805450974275,0.5029684294043737
RGS8,proteomics,-0.1744199134199127,0.3611805450974275,0.5029684294043737
GSTM4,proteomics,-0.287448484848485,0.3611805450974275,0.5029684294043737
EIF2AK3,proteomics,-0.1674471861471862,0.3611805450974275,0.5029684294043737
NAMPT,proteomics,-0.2057443722943723,0.3611805450974275,0.5029684294043737
TFRC,proteomics,-0.0460142316017315,0.3611805450974275,0.5029684294043737
RAB33A,proteomics,0.0820672077922077,0.3656647409349319,0.5067985005940284
GCG,proteomics,-0.2455182359307358,0.3656647409349319,0.5067985005940284
IL17RA,proteomics,-0.0844088203463204,0.3656627005365932,0.5067985005940284
MILR1,proteomics,-0.125004383116883,0.3656647409349319,0.5067985005940284
ENDOU,proteomics,-0.1136854437229438,0.3656647409349319,0.5067985005940284
ARID3A,proteomics,-0.0492206709956708,0.3656647409349319,0.5067985005940284
NENF,proteomics,-0.3857908008658008,0.3656647409349319,0.5067985005940284
TPR,proteomics,0.0430658008658008,0.3656647409349319,0.5067985005940284
NFIC,proteomics,-0.0802740800865802,0.3656647409349319,0.5067985005940284
RLN2,proteomics,-0.3436583333333325,0.3656647409349319,0.5067985005940284
LXN,proteomics,0.2020465367965362,0.370183525768071,0.5116058845484972
EPHA2,proteomics,-0.0785336038961038,0.370183525768071,0.5116058845484972
SCARA5,proteomics,-0.0835014069264069,0.3701814890108188,0.5116058845484972
CPB1,proteomics,-0.1288277597402597,0.370183525768071,0.5116058845484972
MOG,proteomics,-0.0769150974025973,0.370183525768071,0.5116058845484972
GNLY,proteomics,-0.0772384199134199,0.370183525768071,0.5116058845484972
SATB1,proteomics,-0.0566242965367965,0.3724538351656246,0.51450026473966
NFAT5,proteomics,-0.0605270562770563,0.3747368378685546,0.5164336525647266
CEND1,proteomics,-0.0777531385281387,0.3747368378685546,0.5164336525647266
TRAF3IP2,proteomics,-0.0343489177489177,0.3747368378685546,0.5164336525647266
FGR,proteomics,-0.0858367424242421,0.3747368378685546,0.5164336525647266
SCGB3A2,proteomics,-0.1518566017316016,0.3747368378685546,0.5164336525647266
CLINT1,proteomics,-0.0592901515151514,0.3793225815303618,0.5203030666979127
AGXT,proteomics,-0.1982492424242425,0.379324610035324,0.5203030666979127
SERPINA12,proteomics,-0.0769024891774883,0.379324610035324,0.5203030666979127
CPE,proteomics,-0.0719362554112554,0.3793225815303618,0.5203030666979127
CHAC2,proteomics,0.0848290584415584,0.379324610035324,0.5203030666979127
LECT2,proteomics,-0.3124437770562767,0.379324610035324,0.5203030666979127
CD6,proteomics,-0.121591829004329,0.379324610035324,0.5203030666979127
CASP10,proteomics,0.1109877705627706,0.379324610035324,0.5203030666979127
WARS,proteomics,0.0701246753246754,0.379324610035324,0.5203030666979127
TNFSF13,proteomics,0.1006426948051948,0.379324610035324,0.5203030666979127
BTN1A1,proteomics,-0.0960517857142855,0.3839467695675344,0.5241832823194316
PILRB,proteomics,-0.0790138528138527,0.3839467695675344,0.5241832823194316
ABCA2,proteomics,-0.0509527056277056,0.3839467695675344,0.5241832823194316
STAB2,proteomics,-0.06004908008658,0.3839467695675344,0.5241832823194316
PAEP,proteomics,-0.4480377705627707,0.3839467695675344,0.5241832823194316
ENAH,proteomics,0.0817225649350649,0.3839467695675344,0.5241832823194316
CLSTN3,proteomics,-0.0318187229437229,0.3839447456768811,0.5241832823194316
NACC1,proteomics,-0.0617955086580084,0.3839467695675344,0.5241832823194316
ECHDC3,proteomics,-0.2608287337662337,0.3839467695675344,0.5241832823194316
GATA3,proteomics,-0.0778484307359307,0.3839467695675344,0.5241832823194316
PIK3AP1,proteomics,0.2008588744588743,0.3886032382389277,0.5285655027326133
IL20,proteomics,-0.028416829004329,0.3886032382389277,0.5285655027326133
TSPYL1,proteomics,0.0072170454545454,0.3886032382389277,0.5285655027326133
IL13,proteomics,0.0283976731601725,0.3886032382389277,0.5285655027326133
ATXN2L,proteomics,-0.0506544913419912,0.3886032382389277,0.5285655027326133
TNN,proteomics,-0.1111791125541125,0.3886032382389277,0.5285655027326133
VSIG2,proteomics,-0.0058995670995669,0.3886032382389277,0.5285655027326133
TDGF1,proteomics,-0.1889383658008658,0.3886032382389277,0.5285655027326133
ITM2A,proteomics,-0.0587508116883115,0.3932939322736131,0.5327146265226002
KLK12,proteomics,0.3192116883116885,0.3932939322736131,0.5327146265226002
MEP1B,proteomics,-0.2073984307359302,0.3932939322736131,0.5327146265226002
RCOR1,proteomics,-0.1513608225108225,0.3932939322736131,0.5327146265226002
GOT1,proteomics,-0.0042573593073592,0.3932919185950491,0.5327146265226002
KIAA1549,proteomics,0.1112628787878785,0.3932939322736131,0.5327146265226002
FN1,proteomics,-0.0570409632034629,0.3932939322736131,0.5327146265226002
SLC28A1,proteomics,-0.0706728896103895,0.3932939322736131,0.5327146265226002
MMP8,proteomics,0.2298504329004329,0.3932939322736131,0.5327146265226002
GLT8D2,proteomics,-0.0492327922077922,0.3956500751794134,0.535162040605935
DPP6,proteomics,-0.0646193181818181,0.3956500751794134,0.535162040605935
SIGLEC5,proteomics,0.263650974025974,0.3956500751794134,0.535162040605935
INHBB,proteomics,-0.1397657467532467,0.3980187623232748,0.5363802868930071
BLVRB,proteomics,0.2260343073593083,0.3980187623232748,0.5363802868930071
EPHA10,proteomics,-0.1832588744588744,0.3980187623232748,0.5363802868930071
APOL1,proteomics,-0.2855478896103897,0.3980187623232748,0.5363802868930071
DUSP13,proteomics,0.2005133116883115,0.3980187623232748,0.5363802868930071
PDCD1LG2,proteomics,-0.0577126082251082,0.3980187623232748,0.5363802868930071
DCUN1D1,proteomics,-0.1692682900432902,0.3980187623232748,0.5363802868930071
FCRL3,proteomics,-0.1815095238095238,0.3980187623232748,0.5363802868930071
FURIN,proteomics,-0.0687650974025974,0.402777633445827,0.5407988160597852
LILRB4,proteomics,-0.084202110389611,0.402777633445827,0.5407988160597852
C1GALT1C1,proteomics,-0.0663727272727272,0.402777633445827,0.5407988160597852
PRAME,proteomics,-0.0989974025974025,0.402777633445827,0.5407988160597852
F12,proteomics,-0.0954705627705627,0.402777633445827,0.5407988160597852
ESAM,proteomics,0.0411626082251081,0.4027756312991831,0.5407988160597852
CTHRC1,proteomics,-0.0701867965367966,0.402777633445827,0.5407988160597852
NTF3,proteomics,-0.095423593073593,0.402777633445827,0.5407988160597852
RAB44,proteomics,0.0273803030303028,0.4051658050732348,0.5437555776992955
MED21,proteomics,-0.0953049242424242,0.4075704450855334,0.5459800233661843
PTK7,proteomics,-0.0393293831168831,0.4075704450855334,0.5459800233661843
IVD,proteomics,-0.1898977272727273,0.4075704450855334,0.5459800233661843
CSF3R,proteomics,-0.0517241883116882,0.4075704450855334,0.5459800233661843
ANKRD54,proteomics,0.1109276515151516,0.4099775530100317,0.5489529947083475
HJV,proteomics,0.0722415584415584,0.412397091054609,0.550176493451676
PSMD5,proteomics,-0.066076948051948,0.412397091054609,0.550176493451676
STAT2,proteomics,0.0665355519480517,0.412397091054609,0.550176493451676
NPL,proteomics,0.1204101731601731,0.412397091054609,0.550176493451676
GUCY2C,proteomics,-0.03078170995671,0.412397091054609,0.550176493451676
SERPINI1,proteomics,-0.1222408549783549,0.412397091054609,0.550176493451676
CDH4,proteomics,-0.178653354978355,0.412397091054609,0.550176493451676
TPSG1,proteomics,-0.0813432359307359,0.412397091054609,0.550176493451676
CBLN4,proteomics,-0.0535866883116883,0.4148210813226667,0.553157856161567
LAMP1,proteomics,-0.0685109307359307,0.4172574595163224,0.5543834337119138
PON2,proteomics,-0.0454808982683982,0.4172574595163224,0.5543834337119138
SEPTIN8,proteomics,0.0566059523809523,0.4172574595163224,0.5543834337119138
STX1B,proteomics,-0.0974922619047619,0.4172574595163224,0.5543834337119138
FCAMR,proteomics,-0.2440250541125541,0.4172574595163224,0.5543834337119138
LAIR2,proteomics,-0.0712297619047619,0.4172574595163224,0.5543834337119138
LILRA2,proteomics,-0.0425617424242424,0.4172574595163224,0.5543834337119138
RABEPK,proteomics,-0.0956819805194805,0.4172574595163224,0.5543834337119138
SLK,proteomics,-0.0106201298701297,0.4196982744209145,0.5573730377702558
PTH,proteomics,-0.2011223484848484,0.4221514329696146,0.5591067687223307
BTC,proteomics,0.07132867965368,0.4221514329696146,0.5591067687223307
FOXJ3,proteomics,-0.0307268398268397,0.4221514329696146,0.5591067687223307
PRDX1,proteomics,-0.1050035173160179,0.4221514329696146,0.5591067687223307
MME,proteomics,0.1380987554112554,0.4221514329696146,0.5591067687223307
SMAD2,proteomics,0.0601292207792207,0.4221494578810117,0.5591067687223307
CD164,proteomics,0.0158397727272727,0.4246090119670339,0.5618524861836307
F10,proteomics,0.0085107142857142,0.4246090119670339,0.5618524861836307
LILRA5,proteomics,-0.0549085497835497,0.4270769207484408,0.5628275880575458
CD101,proteomics,-0.1682341991341991,0.4270788882352503,0.5628275880575458
GH1,proteomics,0.2033967532467534,0.4270788882352503,0.5628275880575458
SFTPD,proteomics,0.1412647727272727,0.4270788882352503,0.5628275880575458
MUC16,proteomics,0.1706829545454546,0.4270788882352503,0.5628275880575458
PDIA3,proteomics,-0.045620238095238,0.4270788882352503,0.5628275880575458
HGF,proteomics,0.0703371753246753,0.4270788882352503,0.5628275880575458
KRT18,proteomics,-0.1846593614718613,0.4270788882352503,0.5628275880575458
MSR1,proteomics,0.0425015692640692,0.4270788882352503,0.5628275880575458
PALLD,proteomics,-0.0293337662337662,0.4320396964435172,0.5670642266297266
CA3,proteomics,0.1626508116883114,0.4320396964435172,0.5670642266297266
PMS1,proteomics,-0.1603110389610387,0.4320377368948195,0.5670642266297266
PNLIPRP1,proteomics,-0.1677905844155844,0.4320396964435172,0.5670642266297266
PKD1,proteomics,-0.1109911796536796,0.4320396964435172,0.5670642266297266
CDHR2,proteomics,0.1325025974025974,0.4320377368948195,0.5670642266297266
RANGAP1,proteomics,0.155617261904762,0.4320396964435172,0.5670642266297266
TAFA5,proteomics,-0.0683049783549784,0.4320396964435172,0.5670642266297266
CES2,proteomics,-0.0396258658008658,0.4320396964435172,0.5670642266297266
FARSA,proteomics,-0.0751136904761904,0.4370337230234913,0.5718216528190085
GAST,proteomics,-0.1331577922077921,0.4370337230234913,0.5718216528190085
RBKS,proteomics,0.1026602272727277,0.4370337230234913,0.5718216528190085
RSPO3,proteomics,-0.0545738095238096,0.4370337230234913,0.5718216528190085
PTPRB,proteomics,-0.0359294913419914,0.4370317717497634,0.5718216528190085
CCN5,proteomics,-0.0508829545454546,0.4370337230234913,0.5718216528190085
C3,proteomics,-0.0390689393939393,0.4370337230234913,0.5718216528190085
SLC39A5,proteomics,0.1717273268398267,0.4420608276938772,0.5765925030563156
MICB_MICA,proteomics,-0.4966728896103894,0.4420608276938772,0.5765925030563156
RBM25,proteomics,-0.0829232142857142,0.4420608276938772,0.5765925030563156
IL18R1,proteomics,0.0629580627705628,0.4420588850324237,0.5765925030563156
VAT1,proteomics,-0.046570238095238,0.4420608276938772,0.5765925030563156
CLEC11A,proteomics,-0.0659006493506492,0.4420608276938772,0.5765925030563156
CLTA,proteomics,0.0212412337662337,0.4420569423510516,0.5765925030563156
FES,proteomics,0.0635438311688311,0.4445848006830322,0.5796259466532128
COL5A1,proteomics,-0.1031487012987013,0.4471208644554428,0.5806016378512926
MNDA,proteomics,-0.062625324675325,0.4471208644554428,0.5806016378512926
OXT,proteomics,0.2622530303030299,0.4471208644554428,0.5806016378512926
HRAS,proteomics,-0.4161470238095236,0.4471208644554428,0.5806016378512926
PRG2,proteomics,-0.1340694805194805,0.4471208644554428,0.5806016378512926
PDRG1,proteomics,-0.0674491341991341,0.4471208644554428,0.5806016378512926
PDZK1,proteomics,0.0658588744588745,0.4471208644554428,0.5806016378512926
CRX,proteomics,-0.1738336038961039,0.4471208644554428,0.5806016378512926
FGF16,proteomics,0.0214424783549787,0.4471208644554428,0.5806016378512926
CILP,proteomics,-0.110210551948052,0.4496612560708078,0.5836411418716569
DDX4,proteomics,0.1651646103896103,0.4522136815850589,0.5856537843478632
LRRC59,proteomics,0.0442905844155845,0.4522136815850589,0.5856537843478632
PKD2,proteomics,-0.1413738636363635,0.4522136815850589,0.5856537843478632
BCL2,proteomics,0.2205266774891775,0.4522136815850589,0.5856537843478632
GPC1,proteomics,-0.0621725649350649,0.4522136815850589,0.5856537843478632
PSAP,proteomics,-0.0660196969696969,0.4547704141551917,0.5881831506971794
IL33,proteomics,-0.0677959415584415,0.4547704141551917,0.5881831506971794
CCL4,proteomics,0.0951881493506496,0.4547704141551917,0.5881831506971794
PTGR1,proteomics,-0.2085088744588745,0.4573391216313561,0.5899392111776055
ITGAL,proteomics,0.0686149350649349,0.4573391216313561,0.5899392111776055
WASL,proteomics,0.0849748917748917,0.4573391216313561,0.5899392111776055
STOML2,proteomics,-0.3239702922077926,0.4573391216313561,0.5899392111776055
HEBP1,proteomics,0.123625054112554,0.4573391216313561,0.5899392111776055
CFHR2,proteomics,-0.0429709956709957,0.4573391216313561,0.5899392111776055
CCL27,proteomics,0.0469080627705629,0.4599121146196869,0.5929965200852867
IL3,proteomics,-0.0551151515151511,0.4624970214120131,0.5934498654904804
IL19,proteomics,-0.1387171536796538,0.4624970214120131,0.5934498654904804
EREG,proteomics,-0.1234700757575757,0.4624970214120131,0.5934498654904804
GSTT2B,proteomics,0.133584848484848,0.4624970214120131,0.5934498654904804
SPTBN2,proteomics,-0.0759699675324674,0.4624970214120131,0.5934498654904804
FZD8,proteomics,-0.0297878246753245,0.4624970214120131,0.5934498654904804
FCN2,proteomics,0.140722619047619,0.4624970214120131,0.5934498654904804
SNAPIN,proteomics,-0.0421375541125541,0.4624970214120131,0.5934498654904804
COL18A1,proteomics,-0.013899512987013,0.4624970214120131,0.5934498654904804
RBPMS,proteomics,-0.1461228354978355,0.4624970214120131,0.5934498654904804
COL28A1,proteomics,-0.1136975108225108,0.4624970214120131,0.5934498654904804
IL1RN,proteomics,0.0472394480519484,0.4650861914160064,0.5965102841197835
PTPRM,proteomics,-0.0318881493506493,0.467687212012686,0.5982712125658999
RBP7,proteomics,0.0641750541125538,0.467687212012686,0.5982712125658999
HNMT,proteomics,-0.1934301948051948,0.467687212012686,0.5982712125658999
ASAH2,proteomics,-0.0145636904761905,0.467687212012686,0.5982712125658999
AFP,proteomics,-0.1574179653679654,0.467687212012686,0.5982712125658999
KHK,proteomics,0.0694596320346319,0.467687212012686,0.5982712125658999
LRP11,proteomics,-0.0671527597402597,0.4702924727638267,0.6013407252356366
SPRED2,proteomics,0.004263474025974,0.4729095187875913,0.603630796251585
AGR2,proteomics,-0.1869323593073594,0.4729095187875913,0.603630796251585
CA12,proteomics,-0.0415887445887445,0.4729095187875913,0.603630796251585
GZMA,proteomics,-0.1155769480519481,0.4729095187875913,0.603630796251585
SCIN,proteomics,0.0375272186147185,0.4781637613617501,0.6082126520715385
CNPY2,proteomics,0.1079080086580084,0.4781637613617501,0.6082126520715385
HSD17B3,proteomics,-0.0538474025974025,0.4781637613617501,0.6082126520715385
CPM,proteomics,0.0501803571428571,0.4781637613617501,0.6082126520715385
DCXR,proteomics,0.1004994588744592,0.4781637613617501,0.6082126520715385
OMG,proteomics,-0.0603256493506494,0.4781637613617501,0.6082126520715385
HMGCS1,proteomics,-0.0916025432900432,0.4781637613617501,0.6082126520715385
TNFRSF10B,proteomics,-0.0626754329004327,0.4781637613617501,0.6082126520715385
NFYA,proteomics,-0.0715478354978356,0.483449753634906,0.6125373341460036
F7,proteomics,-0.0392611471861472,0.483449753634906,0.6125373341460036
CASQ2,proteomics,-0.1208478896103895,0.483449753634906,0.6125373341460036
KAZALD1,proteomics,-0.0390670454545454,0.483449753634906,0.6125373341460036
TIGIT,proteomics,-0.082588095238095,0.483449753634906,0.6125373341460036
TGFBR3,proteomics,-0.104279816017316,0.483449753634906,0.6125373341460036
SEMA4C,proteomics,-0.0508282467532468,0.483449753634906,0.6125373341460036
CD300LF,proteomics,0.0182317640692639,0.483449753634906,0.6125373341460036
SH3GL3,proteomics,-0.1710873917748915,0.483449753634906,0.6125373341460036
FH,proteomics,-0.0465600108225108,0.4887673037871233,0.6174013954061198
LRP1,proteomics,-0.0582978896103896,0.4887673037871233,0.6174013954061198
GGT1,proteomics,-0.0686186147186148,0.4887673037871233,0.6174013954061198
AOC1,proteomics,-0.0894725649350649,0.4887673037871233,0.6174013954061198
SETMAR,proteomics,-0.0327694264069264,0.4887673037871233,0.6174013954061198
FABP9,proteomics,-0.0276018939393939,0.4887673037871233,0.6174013954061198
IL11,proteomics,-0.1434858225108225,0.4887673037871233,0.6174013954061198
SLMAP,proteomics,0.0950591991341991,0.4941162142860759,0.6214723297582615
CIT,proteomics,-0.0531717532467533,0.4941162142860759,0.6214723297582615
S100P,proteomics,0.0960705086580087,0.4941162142860759,0.6214723297582615
PGR,proteomics,0.283945670995671,0.4941162142860759,0.6214723297582615
IDI2,proteomics,-0.0734613095238095,0.4941162142860759,0.6214723297582615
COL6A3,proteomics,-0.060219264069264,0.4941162142860759,0.6214723297582615
CA1,proteomics,0.1258937770562767,0.4941162142860759,0.6214723297582615
AGRN,proteomics,-0.0828838744588744,0.4941162142860759,0.6214723297582615
SNX5,proteomics,0.0640324134199133,0.4941162142860759,0.6214723297582615
PTPRR,proteomics,-0.0734964826839827,0.4941162142860759,0.6214723297582615
PRKRA,proteomics,0.0310600108225105,0.4968005345398837,0.6245797688000345
PENK,proteomics,-0.0584672077922078,0.4994962818960309,0.6250118287594598
PDCL2,proteomics,-0.1289810606060605,0.4994962818960309,0.6250118287594598
TMED1,proteomics,-0.1854339826839825,0.4994962818960309,0.6250118287594598
SULT2A1,proteomics,-0.2196314935064931,0.4994962818960309,0.6250118287594598
ADAMTS1,proteomics,0.0422156926406925,0.4994962818960309,0.6250118287594598
GASK1A,proteomics,-0.0692399891774893,0.4994962818960309,0.6250118287594598
BRK1,proteomics,0.0244912878787879,0.4994962818960309,0.6250118287594598
PTPRH,proteomics,-0.0285223484848484,0.4994962818960309,0.6250118287594598
NMNAT1,proteomics,-0.0276000541125541,0.4994962818960309,0.6250118287594598
MKI67,proteomics,-0.1226196969696969,0.4994944562631853,0.6250118287594598
RBM19,proteomics,0.0225085497835499,0.4994944562631853,0.6250118287594598
GFAP,proteomics,0.1193434523809524,0.504907297688539,0.629895019694238
CFB,proteomics,-0.04070091991342,0.504907297688539,0.629895019694238
MFGE8,proteomics,0.1183229978354978,0.504907297688539,0.629895019694238
TNF,proteomics,-0.7731010281385282,0.504907297688539,0.629895019694238
HAO1,proteomics,0.0616272727272726,0.504907297688539,0.629895019694238
IGSF8,proteomics,-0.0540561147186148,0.504907297688539,0.629895019694238
DEFB104A_DEFB104B,proteomics,-0.0120458333333333,0.5049054847152934,0.629895019694238
GUSB,proteomics,0.143123593073593,0.5076225377914791,0.6330122346264905
LAMA4,proteomics,-0.0526390151515152,0.510349047054832,0.6337086935179583
WFDC2,proteomics,-0.124555681818182,0.510349047054832,0.6337086935179583
MPO,proteomics,0.1217880952380952,0.510349047054832,0.6337086935179583
XRCC4,proteomics,-0.0683112554112554,0.510349047054832,0.6337086935179583
GLB1,proteomics,0.0832209415584413,0.51034724707544,0.6337086935179583
CLEC14A,proteomics,-0.0523181818181818,0.510349047054832,0.6337086935179583
EPN1,proteomics,-0.1057757034632034,0.510349047054832,0.6337086935179583
TBC1D5,proteomics,0.0785378787878784,0.510349047054832,0.6337086935179583
MEPE,proteomics,-0.0747028138528138,0.510349047054832,0.6337086935179583
REG4,proteomics,-0.104681655844156,0.510349047054832,0.6337086935179583
SPINT3,proteomics,0.4741599567099568,0.5158213097199362,0.6388752916573617
CEP152,proteomics,-0.0648693722943722,0.5158213097199362,0.6388752916573617
ATP6V1G2,proteomics,0.0678663961038957,0.5158213097199362,0.6388752916573617
BCL7A,proteomics,-0.0398140692640693,0.5158213097199362,0.6388752916573617
CCDC80,proteomics,-0.0900429653679652,0.5158213097199362,0.6388752916573617
KHDC3L,proteomics,-0.3359798701298703,0.5158213097199362,0.6388752916573617
TMEM132A,proteomics,-0.0673983766233766,0.5213238597585075,0.6432375019308221
PNMA2,proteomics,-0.0569162337662338,0.5213238597585075,0.6432375019308221
FGL1,proteomics,-0.0864942099567099,0.5213238597585075,0.6432375019308221
IGDCC4,proteomics,-0.0616296536796537,0.5213238597585075,0.6432375019308221
C2orf69,proteomics,0.1655349025974025,0.5213238597585075,0.6432375019308221
TNFAIP2,proteomics,-0.0374699675324673,0.5213238597585075,0.6432375019308221
LTA4H,proteomics,-0.0816010281385281,0.5213238597585075,0.6432375019308221
GCLM,proteomics,0.0966979978354978,0.5213220867657471,0.6432375019308221
CHAD,proteomics,-0.0989080627705627,0.5213238597585075,0.6432375019308221
NPTN,proteomics,0.3062749458874459,0.524084654361659,0.6463710737127127
TRAF2,proteomics,0.1013606601731605,0.5268564656123884,0.6484216627305311
NPC2,proteomics,-0.0582398809523809,0.5268564656123884,0.6484216627305311
NCS1,proteomics,-0.0539594155844157,0.5268564656123884,0.6484216627305311
MTHFSD,proteomics,0.0829599567099566,0.5268564656123884,0.6484216627305311
SOST,proteomics,-0.0701878787878788,0.5268564656123884,0.6484216627305311
MYCBP2,proteomics,0.0764437229437229,0.5324188901098932,0.6522466118152631
CLC,proteomics,-0.1010328463203462,0.5324188901098932,0.6522466118152631
SCLY,proteomics,-0.0844755952380952,0.5324188901098932,0.6522466118152631
CPLX2,proteomics,0.0424578463203462,0.5324188901098932,0.6522466118152631
LAMTOR5,proteomics,0.0352137987012987,0.5324188901098932,0.6522466118152631
TNFRSF12A,proteomics,-0.0621354437229437,0.5324171454282487,0.6522466118152631
KYNU,proteomics,0.0705554112554111,0.5324188901098932,0.6522466118152631
VIM,proteomics,0.1504235389610388,0.5324188901098932,0.6522466118152631
BST2,proteomics,-0.1467574675324675,0.5324188901098932,0.6522466118152631
RGL2,proteomics,0.0889144480519483,0.5324188901098932,0.6522466118152631
GKN1,proteomics,-0.0837516774891774,0.5324171454282487,0.6522466118152631
SNRPB2,proteomics,0.0222658549783549,0.5380108904868224,0.657718876157667
RIDA,proteomics,-0.035033982683983,0.5380108904868224,0.657718876157667
NEB,proteomics,0.1645178571428573,0.5380108904868224,0.657718876157667
MAPK13,proteomics,-0.0294023268398268,0.5380108904868224,0.657718876157667
GCHFR,proteomics,-0.0813634199134197,0.5380108904868224,0.657718876157667
SCGB3A1,proteomics,-0.0567833333333333,0.5436322184092088,0.6632040794699989
ALPP,proteomics,0.2191344155844155,0.5436322184092088,0.6632040794699989
WFDC1,proteomics,-0.1114137987012986,0.5436305033528391,0.6632040794699989
HSD17B14,proteomics,-0.1395328463203462,0.5436322184092088,0.6632040794699989
WIF1,proteomics,-0.0520055194805195,0.5436322184092088,0.6632040794699989
TFPI,proteomics,0.0303637445887445,0.5464503861672722,0.6660881858581426
AREG,proteomics,-0.0793654761904761,0.5464520936325097,0.6660881858581426
TRAF3,proteomics,-0.0446271103896104,0.5492826199977975,0.6670349390334699
MMP3,proteomics,-0.1309988636363636,0.5492826199977975,0.6670349390334699
SLC16A1,proteomics,-0.1049954545454546,0.5492826199977975,0.6670349390334699
TNFRSF14,proteomics,-0.0558654761904761,0.5492826199977975,0.6670349390334699
IL10,proteomics,-0.3578334415584414,0.5492809202432007,0.6670349390334699
PTN,proteomics,0.1322672619047619,0.5492826199977975,0.6670349390334699
PAGR1,proteomics,0.0660626623376623,0.5492809202432007,0.6670349390334699
ELOB,proteomics,0.0501810606060605,0.5492826199977975,0.6670349390334699
GSTA1,proteomics,-0.2240605519480519,0.5492826199977975,0.6670349390334699
OCLN,proteomics,-0.1150472402597403,0.5521169505876447,0.6699202351879142
IGDCC3,proteomics,0.005617316017316,0.5521169505876447,0.6699202351879142
HK2,proteomics,0.1553407467532467,0.5549618358542556,0.6716991495660412
SMARCA2,proteomics,-0.2332621753246737,0.5549601517253584,0.6716991495660412
CGREF1,proteomics,-0.0627148809523809,0.5549618358542556,0.6716991495660412
MRPL52,proteomics,-0.0416671536796536,0.5549618358542556,0.6716991495660412
FAM3B,proteomics,0.0420113636363636,0.5549618358542556,0.6716991495660412
NPPC,proteomics,0.0827148809523808,0.5549618358542556,0.6716991495660412
KLK3,proteomics,0.15208170995671,0.5606696010891176,0.6774854253755646
NBN,proteomics,0.0642068181818182,0.5606696010891176,0.6774854253755646
KLK13,proteomics,-0.0301370670995671,0.5606696010891176,0.6774854253755646
ACAN,proteomics,-0.0449405303030302,0.5606696010891176,0.6774854253755646
RTN4R,proteomics,-0.059294751082251,0.56640564535146,0.6832867112514723
HBZ,proteomics,0.1805391233766232,0.56640564535146,0.6832867112514723
CPXM2,proteomics,-0.0486561688311688,0.56640564535146,0.6832867112514723
GPD1,proteomics,0.0125738095238095,0.56640564535146,0.6832867112514723
HSDL2,proteomics,-0.0418346861471859,0.5721696928603057,0.6882518568850509
CALB1,proteomics,-0.114532683982684,0.5721696928603057,0.6882518568850509
B4GAT1,proteomics,-0.0450308982683982,0.5721696928603057,0.6882518568850509
CXCL14,proteomics,-0.1254086038961033,0.5721696928603057,0.6882518568850509
LMNB1,proteomics,-0.0423619047619046,0.5721696928603057,0.6882518568850509
SIT1,proteomics,-0.0538959956709956,0.5721680575340528,0.6882518568850509
KDM3A,proteomics,0.0456655844155844,0.5721696928603057,0.6882518568850509
PRKAB1,proteomics,0.0425556277056276,0.5779614624377551,0.693506303245303
IFI30,proteomics,-0.0014498376623376,0.5779614624377551,0.693506303245303
NID1,proteomics,-0.0466787878787878,0.5779614624377551,0.693506303245303
TRIM5,proteomics,0.0792691017316016,0.5779614624377551,0.693506303245303
TANK,proteomics,-0.1412904220779221,0.5779614624377551,0.693506303245303
PYY,proteomics,0.193518993506494,0.5779614624377551,0.693506303245303
SERPIND1,proteomics,0.0849778679653679,0.5808660438129509,0.6967055585003101
GNPDA1,proteomics,0.0380564935064935,0.58378066754384,0.6979103849614087
SPON2,proteomics,-0.0625765692640692,0.58378066754384,0.6979103849614087
NGRN,proteomics,0.0064475108225107,0.5837790663375068,0.6979103849614087
NOS1,proteomics,0.1115714285714284,0.58378066754384,0.6979103849614087
EPHA1,proteomics,-0.0257030844155844,0.58378066754384,0.6979103849614087
POMC,proteomics,-0.1429490259740259,0.58378066754384,0.6979103849614087
IL18RAP,proteomics,-0.0964381493506483,0.58378066754384,0.6979103849614087
NDRG1,proteomics,-0.1616905844155845,0.58378066754384,0.6979103849614087
TFF2,proteomics,-0.0421726190476191,0.5896270163130954,0.7028873444874298
TPRKB,proteomics,0.1230392857142856,0.5896254326356974,0.7028873444874298
CYTL1,proteomics,-0.078586093073593,0.5896270163130954,0.7028873444874298
MYOM2,proteomics,0.1209977272727271,0.5896270163130954,0.7028873444874298
CDK5RAP3,proteomics,0.0639719155844156,0.5896270163130954,0.7028873444874298
EDN1,proteomics,-0.0445914502164502,0.5896270163130954,0.7028873444874298
NPTX2,proteomics,-0.0564812770562772,0.5896270163130954,0.7028873444874298
AGRP,proteomics,-0.0884397186147183,0.5955002115928472,0.7075801294658098
TMED4,proteomics,-0.031413474025974,0.5955002115928472,0.7075801294658098
IGSF3,proteomics,0.0338468614718614,0.5955002115928472,0.7075801294658098
TOP1,proteomics,-0.0820970238095236,0.5955002115928472,0.7075801294658098
UXS1,proteomics,0.135321645021645,0.5955002115928472,0.7075801294658098
SLAMF1,proteomics,-0.0832892316017314,0.5955002115928472,0.7075801294658098
SCT,proteomics,-0.0802950216450216,0.5955002115928472,0.7075801294658098
TSPAN8,proteomics,-0.1415404220779219,0.5954986457539224,0.7075801294658098
NT5C1A,proteomics,0.0162210497835498,0.6013999509832053,0.71140916905055
DOCK9,proteomics,-0.1337883116883117,0.6013999509832053,0.71140916905055
ADH4,proteomics,-0.1347434523809523,0.6013999509832053,0.71140916905055
PRTG,proteomics,-0.0269818722943722,0.6013984032898323,0.71140916905055
ERBB2,proteomics,0.0438641233766233,0.6013999509832053,0.71140916905055
CCL8,proteomics,0.0335344696969697,0.6013999509832053,0.71140916905055
DEFB4A_DEFB4B,proteomics,0.1754271645021643,0.6013999509832053,0.71140916905055
CXCL17,proteomics,-0.1496196969696968,0.6013999509832053,0.71140916905055
PFDN2,proteomics,0.0365045454545456,0.6013999509832053,0.71140916905055
GOLGA3,proteomics,-0.0134270562770562,0.6013999509832053,0.71140916905055
ACTA2,proteomics,-0.0754261363636363,0.6013999509832053,0.71140916905055
RALB,proteomics,0.0821700757575757,0.60732592687876,0.7163897030938723
INPP5J,proteomics,0.001191504329004,0.60732592687876,0.7163897030938723
MYOM3,proteomics,0.1955300865800865,0.6073243976354576,0.7163897030938723
PPM1B,proteomics,0.2344280303030303,0.60732592687876,0.7163897030938723
CCL7,proteomics,0.1068821969696969,0.60732592687876,0.7163897030938723
ARG1,proteomics,0.065377867965368,0.60732592687876,0.7163897030938723
ESR1,proteomics,0.1941479437229437,0.60732592687876,0.7163897030938723
CDHR1,proteomics,-0.0799890692640692,0.6102971360716549,0.7196040858158319
CD2,proteomics,-0.0293214826839829,0.6132778265119712,0.7207925560492529
DYNLT1,proteomics,-0.0603839826839826,0.6132778265119712,0.7207925560492529
CD248,proteomics,-0.0919079545454545,0.6132778265119712,0.7207925560492529
ADAMTS16,proteomics,-0.0123358766233766,0.6132778265119712,0.7207925560492529
NFATC3,proteomics,0.0482283008658011,0.6132778265119712,0.7207925560492529
CEBPA,proteomics,0.0215743506493506,0.6132763160205992,0.7207925560492529
RARRES2,proteomics,0.0134246753246753,0.6132778265119712,0.7207925560492529
GABRA4,proteomics,-0.2544608766233766,0.6132778265119712,0.7207925560492529
GSTA3,proteomics,-0.2260195346320346,0.6192553319982443,0.7254843027779031
CHCHD10,proteomics,-0.0458967532467531,0.6192553319982443,0.7254843027779031
BAP18,proteomics,0.055141233766234,0.6192553319982443,0.7254843027779031
DMP1,proteomics,-0.2413333874458876,0.6192553319982443,0.7254843027779031
BAG3,proteomics,0.041070725108225,0.6192553319982443,0.7254843027779031
SUOX,proteomics,-0.1823437229437229,0.6192553319982443,0.7254843027779031
BCL7B,proteomics,-0.0347257575757575,0.6192553319982443,0.7254843027779031
CFHR5,proteomics,0.0269503787878788,0.6192553319982443,0.7254843027779031
LRIG1,proteomics,0.0051961038961038,0.6222521044060715,0.7287030854082319
BRSK2,proteomics,0.071685119047619,0.6252581203826834,0.7301755836510521
CACNA1C,proteomics,-0.0128206168831169,0.6252581203826834,0.7301755836510521
SLC9A3R2,proteomics,0.016539935064935,0.6252581203826834,0.7301755836510521
NAGA,proteomics,0.0948918831168831,0.6252581203826834,0.7301755836510521
CEACAM19,proteomics,-0.0173806818181819,0.6252581203826834,0.7301755836510521
SEPTIN7,proteomics,-0.1966081168831169,0.6252581203826834,0.7301755836510521
ANGPTL4,proteomics,-0.0535649350649351,0.6252581203826834,0.7301755836510521
IMMT,proteomics,-0.0938359848484848,0.6282674310545318,0.7331040722444696
ISM1,proteomics,0.0042517857142857,0.6282674310545318,0.7331040722444696
PADI4,proteomics,-0.0607413419913421,0.6312858636885104,0.7351587966380541
MTHFD2,proteomics,0.0486297619047619,0.6312858636885104,0.7351587966380541
MAGEA3,proteomics,0.1044888528138527,0.6312858636885104,0.7351587966380541
CRELD1,proteomics,-0.0240159090909091,0.6312858636885104,0.7351587966380541
CTLA4,proteomics,0.0190620129870129,0.6312858636885104,0.7351587966380541
MTR,proteomics,-0.0388724567099567,0.6343075470601485,0.7383834966375205
ZBP1,proteomics,0.0442544913419912,0.6373382289671439,0.7392617632027625
LRRC37A2,proteomics,0.0010669372294371,0.6373382289671439,0.7392617632027625
LIPF,proteomics,0.0873936688311688,0.6373382289671439,0.7392617632027625
COX6B1,proteomics,0.0821928571428571,0.6373367964454622,0.7392617632027625
LRRN1,proteomics,0.0607016774891775,0.6373382289671439,0.7392617632027625
DDX58,proteomics,0.0187233766233766,0.6373382289671439,0.7392617632027625
IGFBP4,proteomics,-0.0513939393939393,0.6373382289671439,0.7392617632027625
NCF2,proteomics,0.0995347943722948,0.6373382289671439,0.7392617632027625
PTS,proteomics,-0.0398510281385282,0.6373382289671439,0.7392617632027625
CTSS,proteomics,-0.0133456168831168,0.6403721170046321,0.7424861951624513
BTLA,proteomics,-0.3037061147186146,0.6434148783499212,0.7442428529548158
INSL5,proteomics,0.0763941017316018,0.6434148783499212,0.7442428529548158
IL4,proteomics,-0.5356330627705628,0.6434148783499212,0.7442428529548158
PCBD1,proteomics,-0.1271410173160172,0.6434148783499212,0.7442428529548158
NPTX1,proteomics,-0.0015714826839826,0.6434148783499212,0.7442428529548158
NUCB2,proteomics,0.0209527597402596,0.6434148783499212,0.7442428529548158
LIF,proteomics,0.1705768939393939,0.646460800575992,0.7474703006659907
TNFSF11,proteomics,0.093177922077922,0.6495154691014562,0.7483380828472828
DGKZ,proteomics,-0.0630251623376623,0.6495154691014562,0.7483380828472828
HIP1R,proteomics,-0.0972584956709956,0.6495140772994294,0.7483380828472828
PCSK9,proteomics,-0.0636705627705627,0.6495154691014562,0.7483380828472828
CLEC4D,proteomics,-0.0495803571428573,0.6495154691014562,0.7483380828472828
CALB2,proteomics,-0.0687563852813849,0.6495154691014562,0.7483380828472828
PLXDC2,proteomics,0.0439732683982683,0.6495154691014562,0.7483380828472828
MAP1LC3A,proteomics,0.0408539502164502,0.6495140772994294,0.7483380828472828
STX5,proteomics,-0.0137114718614718,0.6495154691014562,0.7483380828472828
COMMD9,proteomics,-0.023749025974026,0.6556396536746179,0.7518378610007486
CLEC6A,proteomics,0.0232307359307359,0.6556396536746179,0.7518378610007486
GLYR1,proteomics,-0.0106041125541125,0.6556396536746179,0.7518378610007486
BABAM1,proteomics,0.0187336038961039,0.6556396536746179,0.7518378610007486
ICAM5,proteomics,-0.0388808441558441,0.6556396536746179,0.7518378610007486
CTSH,proteomics,-0.2322437770562775,0.6556396536746179,0.7518378610007486
FMNL1,proteomics,0.0941958874458874,0.6556396536746179,0.7518378610007486
HSPA2,proteomics,0.1129886904761904,0.6556396536746179,0.7518378610007486
NPHS1,proteomics,-0.0444228896103896,0.6556396536746179,0.7518378610007486
IGHMBP2,proteomics,-0.0909065476190476,0.6556382826548549,0.7518378610007486
ZNRD2,proteomics,0.0151286796536799,0.6556396536746179,0.7518378610007486
SLIT2,proteomics,-0.0622494588744588,0.6556396536746179,0.7518378610007486
MAN1A2,proteomics,-0.0235280844155844,0.6587091232095037,0.7550614773103448
IGF1R,proteomics,-0.0142762987012987,0.661787079767117,0.7574015795455298
CCL22,proteomics,0.0268326839826839,0.661787079767117,0.7574015795455298
PRG3,proteomics,-0.0184093073593073,0.661787079767117,0.7574015795455298
GIP,proteomics,-0.0552787878787878,0.6617857298066975,0.7574015795455298
TBC1D17,proteomics,0.066246212121212,0.6679573903796867,0.7638652003442191
CD8A,proteomics,-0.0863715367965369,0.6679573903796867,0.7638652003442191
CCL24,proteomics,-0.0488130952380955,0.674150223875841,0.7688416326137664
PAFAH2,proteomics,0.0032450757575757,0.674150223875841,0.7688416326137664
CLEC12A,proteomics,-0.0188027056277056,0.674150223875841,0.7688416326137664
BAG6,proteomics,0.0048057359307359,0.674150223875841,0.7688416326137664
FGFBP3,proteomics,-0.068977922077922,0.674150223875841,0.7688416326137664
PADI2,proteomics,0.1930271103896103,0.674150223875841,0.7688416326137664
B4GALT1,proteomics,-0.0399994047619046,0.674150223875841,0.7688416326137664
CLSTN2,proteomics,0.0545930194805195,0.677252380178937,0.7717787508291329
CDNF,proteomics,-0.03588262987013,0.6772536763177304,0.7717787508291329
GPR15L,proteomics,-0.0455646103896104,0.6803652140431975,0.7738161558942671
ADAM12,proteomics,0.0064311688311687,0.6803652140431975,0.7738161558942671
PLXNB3,proteomics,0.032668777056277,0.6803652140431975,0.7738161558942671
PER3,proteomics,0.1545792207792207,0.6803652140431975,0.7738161558942671
C1QL2,proteomics,-0.0403709415584416,0.6803652140431975,0.7738161558942671
LILRB5,proteomics,-0.0604278679653679,0.6866019901563465,0.7781844192427301
MTUS1,proteomics,-0.0862955086580087,0.6866019901563465,0.7781844192427301
SPP1,proteomics,-0.0826036796536798,0.6866019901563465,0.7781844192427301
CLEC3B,proteomics,-0.0497803030303029,0.6866007271322125,0.7781844192427301
C4BPB,proteomics,-0.0648652056277057,0.6866019901563465,0.7781844192427301
CD300E,proteomics,-0.0736294913419913,0.6866007271322125,0.7781844192427301
CCL18,proteomics,-0.1189273268398268,0.6866019901563465,0.7781844192427301
ALPI,proteomics,0.1148051406926405,0.6866019901563465,0.7781844192427301
CFHR4,proteomics,-0.000601461038961,0.6866019901563465,0.7781844192427301
TREH,proteomics,0.1909755411255411,0.69286017704125,0.7828489746778406
OMD,proteomics,-0.1009968614718612,0.69286017704125,0.7828489746778406
CASP1,proteomics,-0.020522402597404,0.69286017704125,0.7828489746778406
RALY,proteomics,-0.0365370129870129,0.69286017704125,0.7828489746778406
PYDC1,proteomics,-0.1164063852813852,0.69286017704125,0.7828489746778406
AHNAK2,proteomics,-0.0448255952380952,0.69286017704125,0.7828489746778406
MSLN,proteomics,-0.0483759199134199,0.69286017704125,0.7828489746778406
TEX101,proteomics,-0.1338621753246753,0.69286017704125,0.7828489746778406
GALNT10,proteomics,0.0005735389610389,0.6991393951411515,0.7878120478016908
GBP4,proteomics,-0.0757064935064934,0.6991393951411515,0.7878120478016908
LGALS1,proteomics,-0.0036454004329005,0.6991381771516476,0.7878120478016908
ITPR1,proteomics,0.0615469696969696,0.6991393951411515,0.7878120478016908
CNTN3,proteomics,0.0058442099567099,0.6991393951411515,0.7878120478016908
C1QTNF6,proteomics,-0.0209966991341991,0.6991381771516476,0.7878120478016908
PRTN3,proteomics,-0.0394938311688311,0.6991393951411515,0.7878120478016908
MDM1,proteomics,-0.0245791125541126,0.7054392605839808,0.7921624889308396
ANGPT2,proteomics,-0.0171856601731602,0.7054392605839808,0.7921624889308396
ALDH3A1,proteomics,-0.0295280844155844,0.7054392605839808,0.7921624889308396
PTX3,proteomics,-0.0694258116883116,0.7054392605839808,0.7921624889308396
MOCS2,proteomics,-0.0052770021645021,0.7054392605839808,0.7921624889308396
HMGCL,proteomics,-0.0619604978354978,0.7054392605839808,0.7921624889308396
TG,proteomics,0.1055068722943722,0.7054392605839808,0.7921624889308396
EGFL7,proteomics,-0.0357496212121214,0.7054392605839808,0.7921624889308396
LMOD2,proteomics,-0.1057538961038961,0.7054392605839808,0.7921624889308396
MAD1L1,proteomics,-0.0312096861471861,0.7085956313817126,0.7954013174073524
SFRP4,proteomics,0.0460454004329004,0.7117593852512301,0.7983394793128724
TGFA,proteomics,0.0282641233766233,0.7117593852512301,0.7983394793128724
KCTD5,proteomics,-0.0967923701298701,0.7180993768482874,0.8039082644686113
IL36G,proteomics,-0.1244470238095238,0.7180993768482874,0.8039082644686113
ACHE,proteomics,-0.0081391774891774,0.7180993768482874,0.8039082644686113
CDH2,proteomics,-0.0233093073593075,0.7180993768482874,0.8039082644686113
ANG,proteomics,-0.0031163961038961,0.7180993768482874,0.8039082644686113
CD163,proteomics,-0.0229296536796537,0.7244588389762001,0.8088591238836643
IGSF21,proteomics,-0.0340056277056276,0.7244588389762001,0.8088591238836643
FCGR2B,proteomics,0.1625908549783549,0.7244588389762001,0.8088591238836643
BCL2L15,proteomics,0.1079058441558444,0.7244588389762001,0.8088591238836643
CCN4,proteomics,-0.0257162337662337,0.7244588389762001,0.8088591238836643
IL16,proteomics,0.0389976731601732,0.7244588389762001,0.8088591238836643
XCL1,proteomics,-0.1021248917748917,0.7244588389762001,0.8088591238836643
TNFSF12,proteomics,-0.0219475108225107,0.730837371204852,0.8125666169767146
C19orf12,proteomics,-0.1828004329004328,0.730837371204852,0.8125666169767146
SSB,proteomics,0.0935165043290042,0.730837371204852,0.8125666169767146
PLB1,proteomics,-0.0794466450216448,0.730837371204852,0.8125666169767146
ZBTB17,proteomics,0.0069528138528138,0.730837371204852,0.8125666169767146
OLR1,proteomics,0.0193193181818182,0.730837371204852,0.8125666169767146
KLK7,proteomics,-0.0568102813852813,0.730837371204852,0.8125666169767146
TPT1,proteomics,-0.1752701298701298,0.730837371204852,0.8125666169767146
NOS3,proteomics,0.0325913961038961,0.730837371204852,0.8125666169767146
LYPD1,proteomics,-0.1487349025974024,0.730837371204852,0.8125666169767146
CHI3L1,proteomics,-0.0180138528138529,0.730837371204852,0.8125666169767146
TPM3,proteomics,0.1054219155844154,0.7372345691475306,0.8171925087668684
APOH,proteomics,0.0005579545454542,0.7372345691475306,0.8171925087668684
CBLN1,proteomics,0.0301038961038964,0.7372345691475306,0.8171925087668684
GP1BA,proteomics,0.0339036796536796,0.7372345691475306,0.8171925087668684
PLXDC1,proteomics,0.0753428571428571,0.7372345691475306,0.8171925087668684
PM20D1,proteomics,-0.0029454545454548,0.7372345691475306,0.8171925087668684
FUT8,proteomics,0.0569728354978354,0.7372345691475306,0.8171925087668684
LGMN,proteomics,0.0390242965367965,0.7372345691475306,0.8171925087668684
TSC1,proteomics,0.0650878246753246,0.7436500245368596,0.823367053682288
ST6GAL1,proteomics,-0.0188831168831168,0.7436479191209786,0.823367053682288
JUN,proteomics,0.0324647186147186,0.7436500245368596,0.823367053682288
LGALS4,proteomics,-0.0639595779220778,0.7500833253020773,0.8276683880173544
CRHR1,proteomics,-0.0284887987012987,0.7500833253020773,0.8276683880173544
SCP2,proteomics,-0.1826103354978354,0.7500833253020773,0.8276683880173544
TPSD1,proteomics,-0.035741341991342,0.7500833253020773,0.8276683880173544
CBLIF,proteomics,0.0423964826839826,0.7500833253020773,0.8276683880173544
CTSE,proteomics,-0.0364208874458874,0.7500833253020773,0.8276683880173544
INSL4,proteomics,-0.0402083874458875,0.7500833253020773,0.8276683880173544
DKK4,proteomics,-0.102751406926407,0.7500833253020773,0.8276683880173544
RASGRF1,proteomics,-0.0419404220779221,0.7500833253020773,0.8276683880173544
UPB1,proteomics,-0.0446819805194805,0.7565340556476334,0.8335277213185197
TCL1B,proteomics,-0.0185706168831168,0.7565340556476334,0.8335277213185197
RASSF2,proteomics,0.0306189393939391,0.7565340556476334,0.8335277213185197
ENPP7,proteomics,-0.1239566017316021,0.7565340556476334,0.8335277213185197
LCAT,proteomics,-0.0133465909090908,0.759764834997763,0.8367718962692017
IDUA,proteomics,-0.0393186688311687,0.7630017961330808,0.8390723288551525
PRND,proteomics,-0.0355956168831169,0.7630017961330808,0.8390723288551525
ADAMTSL2,proteomics,-0.0066083874458874,0.7630017961330808,0.8390723288551525
CEACAM16,proteomics,0.1097399350649351,0.7630017961330808,0.8390723288551525
OGFR,proteomics,-0.0370521645021645,0.7662409472024554,0.8423175211255274
MCTS1,proteomics,0.0302157467532467,0.7694861237542385,0.8442972746747895
SGSH,proteomics,0.0178257034632034,0.7694861237542385,0.8442972746747895
APOE,proteomics,0.0439208333333333,0.7694861237542385,0.8442972746747895
ADRA2A,proteomics,-0.1477071969696969,0.7694861237542385,0.8442972746747895
NPM1,proteomics,0.0498259199134198,0.7694861237542385,0.8442972746747895
DMD,proteomics,-0.03375579004329,0.7759866120255959,0.8504720161045434
PSAPL1,proteomics,0.0182204004329004,0.7759866120255959,0.8504720161045434
TGFB2,proteomics,0.0351433982683982,0.7759866120255959,0.8504720161045434
BMP6,proteomics,0.164917911255411,0.7792418669894783,0.8537196316380228
AMN,proteomics,0.0657597402597402,0.782502831063937,0.855688655143991
IL18,proteomics,0.0420193722943723,0.782502831063937,0.855688655143991
KRT14,proteomics,-0.055160551948052,0.782502831063937,0.855688655143991
PRSS8,proteomics,0.0275826298701298,0.782502831063937,0.855688655143991
TPPP3,proteomics,-0.0204007575757575,0.782502831063937,0.855688655143991
CES1,proteomics,0.0480948593073592,0.7857658148165743,0.8586143838163912
POLR2F,proteomics,0.0144783008658005,0.7857658148165743,0.8586143838163912
COMP,proteomics,0.0103071969696968,0.7890343476731525,0.8596151316618057
LSP1,proteomics,-0.0210707792207792,0.7890343476731525,0.8596151316618057
TP53BP1,proteomics,-0.028978571428571,0.7890343476731525,0.8596151316618057
CNTF,proteomics,-0.0727525974025974,0.7890343476731525,0.8596151316618057
EZR,proteomics,-0.0060489718614718,0.7890343476731525,0.8596151316618057
EDA2R,proteomics,0.0081379329004327,0.7890343476731525,0.8596151316618057
APOC1,proteomics,-0.0160617965367965,0.7890343476731525,0.8596151316618057
CXCL13,proteomics,0.0384867965367966,0.7890343476731525,0.8596151316618057
MMP7,proteomics,-0.0653512987012994,0.7923048425887764,0.8628565778267487
HEG1,proteomics,-0.0113063311688311,0.7955807254302163,0.8641703680537057
F11,proteomics,0.0046060064935065,0.7955807254302163,0.8641703680537057
TRIM40,proteomics,0.0176863636363636,0.7955807254302163,0.8641703680537057
BCAT1,proteomics,-0.0086377164502164,0.7955807254302163,0.8641703680537057
MATN3,proteomics,-0.0448740259740261,0.7955807254302163,0.8641703680537057
CEP112,proteomics,-0.0189055194805194,0.7955807254302163,0.8641703680537057
NMI,proteomics,-0.0099619047619046,0.7955807254302163,0.8641703680537057
HSP90B1,proteomics,0.0706119588744587,0.7988585122970246,0.8674084069257813
INHBC,proteomics,-0.0214907467532467,0.8021415247722942,0.869680889061356
DTX3,proteomics,-0.0255512445887446,0.8021415247722942,0.869680889061356
RBP5,proteomics,-0.0180524350649351,0.8021415247722942,0.869680889061356
ITGA5,proteomics,-0.0043580086580086,0.8021415247722942,0.869680889061356
DDA1,proteomics,-0.0591949134199134,0.8087163030849599,0.8745385697067473
CCND2,proteomics,-0.0417652056277056,0.8087163030849599,0.8745385697067473
KEL,proteomics,-0.0149555735930736,0.8087163030849599,0.8745385697067473
NELL1,proteomics,0.0371068722943722,0.8087163030849599,0.8745385697067473
REPS1,proteomics,0.025678354978355,0.8087163030849599,0.8745385697067473
LTO1,proteomics,0.0288751082251082,0.8087163030849599,0.8745385697067473
PECR,proteomics,-0.0560892857142857,0.8087163030849599,0.8745385697067473
PCSK7,proteomics,-0.0090919372294371,0.8153046147914853,0.8787372378449527
CPA4,proteomics,-0.0533253787878788,0.8153046147914853,0.8787372378449527
YY1,proteomics,-0.0393509740259739,0.8153038429082348,0.8787372378449527
SLAMF8,proteomics,-0.0830205627705627,0.8153046147914853,0.8787372378449527
HMBS,proteomics,0.0582323593073601,0.8153046147914853,0.8787372378449527
OSCAR,proteomics,0.0226203463203463,0.8153038429082348,0.8787372378449527
CXCL8,proteomics,-0.4596903679653659,0.8153046147914853,0.8787372378449527
EIF5A,proteomics,0.0329732142857143,0.8153046147914853,0.8787372378449527
TFF1,proteomics,0.0192,0.8153046147914853,0.8787372378449527
GPA33,proteomics,0.0439412878787879,0.8219060114431775,0.8838967150288477
STC2,proteomics,-0.0721064935064935,0.8219052661780006,0.8838967150288477
TTR,proteomics,0.0012669372294372,0.8219060114431775,0.8838967150288477
CCL3,proteomics,-0.0530440476190473,0.8219060114431775,0.8838967150288477
SELPLG,proteomics,0.0129915043290043,0.8219060114431775,0.8838967150288477
SCN3B,proteomics,-0.0149751623376623,0.8219060114431775,0.8838967150288477
CWC15,proteomics,-0.1218468073593073,0.8285200418107319,0.8880689703750528
ADM,proteomics,-0.0093470238095238,0.8285200418107319,0.8880689703750528
CEMIP2,proteomics,0.0434201298701299,0.8285200418107319,0.8880689703750528
TPP1,proteomics,0.0153107683982682,0.8285200418107319,0.8880689703750528
CPVL,proteomics,-0.0015748376623376,0.8285200418107319,0.8880689703750528
CLSTN1,proteomics,-0.0426931277056276,0.8285200418107319,0.8880689703750528
PHYKPL,proteomics,-0.0328159632034631,0.8285200418107319,0.8880689703750528
KIR3DL1,proteomics,0.0843883658008656,0.8285200418107319,0.8880689703750528
ADAMTS15,proteomics,0.0389458874458874,0.8285200418107319,0.8880689703750528
MSTN,proteomics,-0.0002643939393939,0.8318309478487413,0.8912910046047913
FBP1,proteomics,-0.0522247294372294,0.8351462519765688,0.8922267889354936
GBP6,proteomics,-0.0599826298701298,0.8351462519765688,0.8922267889354936
TIMM10,proteomics,-0.0029430194805195,0.8351448688503063,0.8922267889354936
SPACA5_SPACA5B,proteomics,-0.0177035173160173,0.8351462519765688,0.8922267889354936
ZNRF4,proteomics,-0.0810299783549783,0.8351462519765688,0.8922267889354936
IL17RB,proteomics,-0.0756152597402599,0.8351462519765688,0.8922267889354936
C2,proteomics,-0.0016608225108223,0.8351462519765688,0.8922267889354936
SART1,proteomics,0.0541853354978354,0.8351462519765688,0.8922267889354936
MYOC,proteomics,-0.0265100108225108,0.8417841854281243,0.8953912569164509
SESTD1,proteomics,-0.1484416666666667,0.8417841854281243,0.8953912569164509
GDF15,proteomics,0.0272159090909096,0.8417841854281243,0.8953912569164509
CAMLG,proteomics,0.085053896103896,0.8417841854281243,0.8953912569164509
VIT,proteomics,-0.1020099025974026,0.8417841854281243,0.8953912569164509
FABP1,proteomics,-0.1141029220779225,0.8417841854281243,0.8953912569164509
DGCR6,proteomics,0.0255030844155844,0.8417841854281243,0.8953912569164509
THBS4,proteomics,0.071282196969697,0.8417835209466066,0.8953912569164509
TREM2,proteomics,0.0948093614718614,0.8417841854281243,0.8953912569164509
COL9A1,proteomics,-0.0556328463203463,0.8417841854281243,0.8953912569164509
CHRDL1,proteomics,-0.0599840367965366,0.8417841854281243,0.8953912569164509
CES3,proteomics,0.0671910173160171,0.8417835209466066,0.8953912569164509
CCNE1,proteomics,0.2215638528138528,0.8451067541501545,0.8985984148348132
PQBP1,proteomics,-0.0696285173160173,0.848433383152062,0.899191725508875
RAB6A,proteomics,-0.0058189935064935,0.848433383152062,0.899191725508875
ASS1,proteomics,-0.004134632034632,0.848433383152062,0.899191725508875
MLN,proteomics,-0.1145352272727273,0.8484327458897201,0.899191725508875
CSH1,proteomics,-0.0372711038961039,0.848433383152062,0.899191725508875
FKBP7,proteomics,-0.0280325757575757,0.848433383152062,0.899191725508875
FTCD,proteomics,-0.1303515151515151,0.848433383152062,0.899191725508875
IGFBPL1,proteomics,0.0125739718614718,0.848433383152062,0.899191725508875
IL7R,proteomics,0.0472262987012987,0.848433383152062,0.899191725508875
NFASC,proteomics,0.0141470238095237,0.851761438412784,0.9020647407538288
MANSC4,proteomics,0.005175487012987,0.851761438412784,0.9020647407538288
LCN15,proteomics,0.1869720238095239,0.8550933837293739,0.902976141850058
FCER2,proteomics,0.0104846861471861,0.8550933837293739,0.902976141850058
MDK,proteomics,0.0308959956709957,0.8550933837293739,0.902976141850058
CBS,proteomics,-0.1186882575757575,0.8550933837293739,0.902976141850058
ATP5PO,proteomics,0.0542715367965367,0.8550933837293739,0.902976141850058
GPR37,proteomics,-0.0496340367965368,0.8550933837293739,0.902976141850058
CXCL10,proteomics,-0.0663878787878787,0.8550933837293739,0.902976141850058
CRACR2A,proteomics,0.0608068722943723,0.8550933837293739,0.902976141850058
GPNMB,proteomics,0.0112088203463203,0.8584266940805148,0.9061687348491674
CCL11,proteomics,-0.0423112554112554,0.8617637234313373,0.9073974652701006
CD14,proteomics,-0.0073100108225107,0.8617637234313373,0.9073974652701006
TYRP1,proteomics,0.0608966991341988,0.8617637234313373,0.9073974652701006
DNAJC21,proteomics,0.0103870670995672,0.8617631410103956,0.9073974652701006
AZU1,proteomics,0.1069885822510819,0.8617637234313373,0.9073974652701006
BACH1,proteomics,0.0030164502164502,0.8617637234313373,0.9073974652701006
APCS,proteomics,-0.0116358225108225,0.8617637234313373,0.9073974652701006
B3GNT7,proteomics,-0.0289746212121213,0.8651020563002767,0.9105845554791894
NPPB,proteomics,-0.0409432900432897,0.868443936316295,0.9127873519786156
WDR46,proteomics,0.0048692099567099,0.868443936316295,0.9127873519786156
STAM,proteomics,0.0349737012987014,0.868443936316295,0.9127873519786156
CDH6,proteomics,-0.0237700216450213,0.868443936316295,0.9127873519786156
SLITRK2,proteomics,-0.0097982142857142,0.8717870580547076,0.9156426772166404
SMAD5,proteomics,-0.0047577922077922,0.8717870580547076,0.9156426772166404
MMP9,proteomics,-0.0102460497835494,0.8751335543272245,0.9181677599779172
TF,proteomics,-0.0152800865800865,0.8751335543272245,0.9181677599779172
USP47,proteomics,0.139114502164502,0.8751335543272245,0.9181677599779172
CDCP1,proteomics,-0.0635106060606064,0.8818321073900629,0.9235382479043904
PPM1A,proteomics,-0.0119166125541125,0.8818321073900629,0.9235382479043904
VSTM1,proteomics,-0.0257830627705628,0.8818321073900629,0.9235382479043904
FGF9,proteomics,0.0244175865800865,0.8818321073900629,0.9235382479043904
ACP6,proteomics,-0.0385174242424242,0.88183160815252,0.9235382479043904
FGF19,proteomics,-0.0257392316017315,0.888539123512752,0.9292307184356974
FNDC1,proteomics,0.0420713744588744,0.888539123512752,0.9292307184356974
PROS1,proteomics,0.0007788961038961,0.888539123512752,0.9292307184356974
SMOC1,proteomics,-0.0044501623376623,0.888539123512752,0.9292307184356974
SSBP1,proteomics,-0.0143716991341991,0.8918951999501619,0.9324068917933916
NADK,proteomics,-0.0382382575757576,0.8952541288849709,0.9339142822022736
PPP3R1,proteomics,0.0509281385281388,0.8952541288849709,0.9339142822022736
UPK3A,proteomics,0.0295175865800866,0.8952541288849709,0.9339142822022736
FGFBP2,proteomics,-0.0440945346320346,0.8952541288849709,0.9339142822022736
SYT1,proteomics,0.0181137987012986,0.8952541288849709,0.9339142822022736
HBQ1,proteomics,-0.0009027597402595,0.8952541288849709,0.9339142822022736
CORO6,proteomics,0.0650020021645021,0.8986140498274302,0.9370848618071989
COL4A4,proteomics,-0.0298441017316017,0.9019766479785182,0.938582321837383
VMO1,proteomics,-0.0303609848484848,0.9019766479785182,0.938582321837383
TPSAB1,proteomics,-0.0493012445887445,0.9019762328894968,0.938582321837383
EGLN1,proteomics,0.0050100649350641,0.9019766479785182,0.938582321837383
GBA,proteomics,-0.0564836038961038,0.9019766479785182,0.938582321837383
SNX18,proteomics,0.0224505411255411,0.9019766479785182,0.938582321837383
DDT,proteomics,-0.0167812229437229,0.9087062036483105,0.9439048447988668
CLEC4C,proteomics,0.0184937229437229,0.9087062036483105,0.9439048447988668
SFTPA2,proteomics,-0.0078119588744588,0.9087062036483105,0.9439048447988668
DPEP2,proteomics,-0.0287417207792211,0.9087062036483105,0.9439048447988668
HSPB6,proteomics,0.0321285714285716,0.9087062036483105,0.9439048447988668
ARSA,proteomics,-0.0345547077922077,0.9154423172339606,0.9482061988925822
VWA1,proteomics,0.0467679112554112,0.9154423172339606,0.9482061988925822
FRMD4B,proteomics,-0.0557102813852814,0.9154423172339606,0.9482061988925822
ITGB6,proteomics,-0.010798593073593,0.9154423172339606,0.9482061988925822
LEP,proteomics,-0.0437864718614717,0.9154423172339606,0.9482061988925822
CEACAM20,proteomics,-0.016496645021645,0.9154423172339606,0.9482061988925822
CHRDL2,proteomics,0.0732589285714285,0.9154423172339606,0.9482061988925822
PSCA,proteomics,0.0707623376623381,0.9154423172339606,0.9482061988925822
LMOD1,proteomics,-0.0823826298701297,0.9221845086619008,0.9514808749801396
CRLF1,proteomics,-0.0283900974025974,0.9221841785257135,0.9514808749801396
CDC27,proteomics,0.005412987012987,0.9221845086619008,0.9514808749801396
ERI1,proteomics,0.0034565476190476,0.9221845086619008,0.9514808749801396
STC1,proteomics,-0.0500153679653679,0.9221845086619008,0.9514808749801396
SRPX,proteomics,-0.0432887987012987,0.9221845086619008,0.9514808749801396
TLR4,proteomics,0.0779093614718614,0.9221845086619008,0.9514808749801396
VSTM2L,proteomics,0.0158701298701298,0.9221845086619008,0.9514808749801396
PMM2,proteomics,-0.0038108766233765,0.9221845086619008,0.9514808749801396
CHIT1,proteomics,-0.3017704004329004,0.9221845086619008,0.9514808749801396
PBLD,proteomics,-0.010508225108225,0.9221845086619008,0.9514808749801396
SH3BGRL2,proteomics,-0.1176386363636362,0.9255574172719444,0.9542872418645126
FAM20A,proteomics,0.0174390151515151,0.9255574172719444,0.9542872418645126
CCN3,proteomics,-0.0095872294372294,0.9289322965480106,0.9557441403765696
SERPINB8,proteomics,0.0306726731601733,0.9289322965480106,0.9557441403765696
CTSV,proteomics,-0.0124721861471861,0.9289322965480106,0.9557441403765696
CMIP,proteomics,-0.0116218614718614,0.9289322965480106,0.9557441403765696
UHRF2,proteomics,0.0338485389610389,0.9289322965480106,0.9557441403765696
ATP6AP2,proteomics,-0.0205160714285715,0.9289322965480106,0.9557441403765696
TMPRSS15,proteomics,-0.0916198051948051,0.9356851983007192,0.9593152699519474
FAM3D,proteomics,0.0398787337662336,0.9356851983007192,0.9593152699519474
ELOA,proteomics,-0.0037765151515154,0.935684925165992,0.9593152699519474
BRD3,proteomics,-0.0424310064935064,0.9356851983007192,0.9593152699519474
CTSL,proteomics,0.0138000541125541,0.9356851983007192,0.9593152699519474
PTPN9,proteomics,-0.0089081709956709,0.9356851983007192,0.9593152699519474
RBP2,proteomics,-0.0452535173160169,0.9356851983007192,0.9593152699519474
HMCN2,proteomics,-0.0272623376623377,0.9356851983007192,0.9593152699519474
CAPN3,proteomics,-0.0428475649350649,0.9356851983007192,0.9593152699519474
TNFSF13B,proteomics,0.0288292207792207,0.935684925165992,0.9593152699519474
LSM8,proteomics,-0.0037699134199136,0.9424427302245388,0.9628661658323407
GPC5,proteomics,-0.0375912337662336,0.9424427302245388,0.9628661658323407
RNF43,proteomics,-0.0631618506493507,0.9424427302245388,0.9628661658323407
AOC3,proteomics,0.027284632034632,0.9424427302245388,0.9628661658323407
CCL15,proteomics,-0.0118978354978355,0.9424427302245388,0.9628661658323407
PALM2,proteomics,-0.0744943722943722,0.9424427302245388,0.9628661658323407
DNMBP,proteomics,-0.0057699134199134,0.9424427302245388,0.9628661658323407
TIMP1,proteomics,-0.0481482142857142,0.9424427302245388,0.9628661658323407
CD207,proteomics,-0.0093334956709956,0.9424427302245388,0.9628661658323407
CPB2,proteomics,-0.01026829004329,0.9424424856820928,0.9628661658323407
ITGBL1,proteomics,-0.0401331168831169,0.9458228508433868,0.9659818983281692
LILRA6,proteomics,0.0872429653679653,0.9492044076239982,0.9680825134281044
CHGA,proteomics,0.0108020021645022,0.9492044076239982,0.9680825134281044
KLF4,proteomics,-0.0795205086580086,0.9492044076239982,0.9680825134281044
OSM,proteomics,0.0705109307359307,0.9492044076239982,0.9680825134281044
UNG,proteomics,-0.0525491341991342,0.9559697449079332,0.974302498035526
KLRD1,proteomics,0.013063528138528,0.9559697449079332,0.974302498035526
PIKFYVE,proteomics,-0.0026433982683982,0.9593534611960814,0.9774103057079632
LILRA3,proteomics,-0.3406025974025974,0.9627380972208246,0.977791494577436
SORBS1,proteomics,-0.0101630411255411,0.9627382556941022,0.977791494577436
FABP4,proteomics,0.0355122835497836,0.9627382556941022,0.977791494577436
MAMDC4,proteomics,-0.0147661796536796,0.9627382556941022,0.977791494577436
PTP4A3,proteomics,-0.0541167207792205,0.9627382556941022,0.977791494577436
GHRL,proteomics,0.0460018939393942,0.9627382556941022,0.977791494577436
PRL,proteomics,0.0293247294372294,0.9627382556941022,0.977791494577436
NINJ1,proteomics,0.0540535173160172,0.9627382556941022,0.977791494577436
ITGB5,proteomics,-0.0190249999999999,0.9627382556941022,0.977791494577436
GH2,proteomics,-0.1151127164502168,0.969509452914085,0.9819390612847784
ACY1,proteomics,0.0453613636363638,0.9695093232073472,0.9819390612847784
CXCL12,proteomics,0.0026916666666669,0.9695093232073472,0.9819390612847784
DAND5,proteomics,0.1297324134199134,0.969509452914085,0.9819390612847784
PGA4,proteomics,0.0459477813852814,0.969509452914085,0.9819390612847784
FOLR3,proteomics,1.021662067099567,0.969509452914085,0.9819390612847784
AMIGO1,proteomics,0.0250863095238094,0.969509452914085,0.9819390612847784
CDHR5,proteomics,0.0093989718614718,0.969509452914085,0.9819390612847784
IFNLR1,proteomics,0.1190726731601732,0.9728957912535632,0.98502750184765
NFX1,proteomics,0.068913041125541,0.9762828489184296,0.9867478448784818
RNASE10,proteomics,-0.0132930194805194,0.9762828489184296,0.9867478448784818
STEAP4,proteomics,0.0686735930735931,0.9762828489184296,0.9867478448784818
RSPO1,proteomics,-0.0178047619047622,0.9762828489184296,0.9867478448784818
NRP1,proteomics,-0.0197777597402597,0.9762828489184296,0.9867478448784818
HS6ST2,proteomics,-0.0629919913419914,0.9830579555820084,0.992223205858498
FUOM,proteomics,-0.0336468614718614,0.9830579555820084,0.992223205858498
ALDH1A1,proteomics,-0.0018864177489179,0.9830579555820084,0.992223205858498
PLIN1,proteomics,0.0131119588744588,0.9830579555820084,0.992223205858498
PAIP2B,proteomics,-0.0085632034632034,0.989834284409546,0.9949400320939144
ERC2,proteomics,0.1663189935064936,0.989834284409546,0.9949400320939144
HMOX2,proteomics,-0.0592800865800866,0.989834284409546,0.9949400320939144
DPP7,proteomics,0.0240566017316016,0.989834284409546,0.9949400320939144
FABP2,proteomics,-0.0212923160173161,0.989834284409546,0.9949400320939144
SMPD3,proteomics,0.0628371212121212,0.989834284409546,0.9949400320939144
NPY,proteomics,0.0611645021645023,0.989834284409546,0.9949400320939144
SIRT1,proteomics,0.1217869588744588,0.989834284409546,0.9949400320939144
LY75,proteomics,-0.0186431818181818,0.989834284409546,0.9949400320939144
ACE2,proteomics,0.0936100649350647,0.9864459400865644,0.9949400320939144
POLR2A,proteomics,-0.0217070346320346,0.989834284409546,0.9949400320939144
AFM,proteomics,-0.014767316017316,0.989834284409546,0.9949400320939144
SCARF1,proteomics,0.0170655303030303,0.9966113466412806,0.9972937234619867
C1QTNF1,proteomics,0.000921645021645,0.9932227255610708,0.9972937234619867
GFRA1,proteomics,-0.0259155844155844,0.9966113466412806,0.9972937234619867
CENPJ,proteomics,-0.0950327922077927,0.9966113322190188,0.9972937234619867
MORF4L1,proteomics,0.0492035714285714,0.9966113466412806,0.9972937234619867
CRH,proteomics,-0.0012680735930735,0.9966113322190188,0.9972937234619867
LBP,proteomics,-0.0312905844155843,0.9966113466412806,0.9972937234619867
DAPK2,proteomics,-0.0219497294372292,0.9966113466412806,0.9972937234619867
ARHGEF10,proteomics,0.125436038961039,0.9966113466412806,0.9972937234619867
PDGFC,proteomics,0.0215640151515151,0.9932227255610708,0.9972937234619867
CCL2,proteomics,-0.0281776515151512,0.9966113322190188,0.9972937234619867
INSL3,proteomics,0.0583376082251081,0.9966113466412806,0.9972937234619867
TIMP4,proteomics,-0.0055787337662337,0.9966113466412806,0.9972937234619867
MYO9B,proteomics,-0.1084088744588743,1.0,1.0
PLA2G7,proteomics,-0.0197068181818181,1.0,1.0
serotonin,metabolomics,2.89287351347925,6.614580972121611e-09,2.900493756275326e-06
1-stearoyl-2-arachidonoyl-GPS (18:0/20:4),metabolomics,1.561889885216735,4.259586247389986e-09,2.900493756275326e-06
phosphoethanolamine (PE),metabolomics,0.7399231522251477,2.1727832977541908e-08,6.351769840434751e-06
sphingosine,metabolomics,0.8755629449461683,7.064649161299706e-08,1.5489243286149605e-05
taurine,metabolomics,0.3583704004528749,1.239234074916324e-07,2.173616567403232e-05
AMP,metabolomics,1.1289309579778228,1.6353959178547278e-07,2.3904036999309937e-05
phosphocholine,metabolomics,0.4178193990721666,6.161996176273558e-07,7.720100923702729e-05
sphinganine,metabolomics,0.7337039084666448,8.551439982059253e-07,9.374516080332456e-05
nicotinamide,metabolomics,0.7838370548735185,2.274352610955238e-06,0.0002216230266453
hexadecasphingosine (d16:1)*,metabolomics,1.1680518860487128,3.217008201195865e-06,0.0002821316192448
hypotaurine,metabolomics,0.5621835036519175,5.77102557905584e-05,0.0046010813025745
3-hydroxydecanoylcarnitine,metabolomics,0.7536218734332956,0.0001092505609549,0.0079843951631252
gamma-glutamyltryptophan,metabolomics,0.3266060695786554,0.0002091509655689,0.0141096459080003
docosatrienoate (22:3n6)*,metabolomics,1.224120465165386,0.0003405930147829,0.0167213364058332
palmitoleoylcarnitine (C16:1)*,metabolomics,0.5400203735664025,0.0003376807880558,0.0167213364058332
3-hydroxylaurate,metabolomics,0.820829001181045,0.0003431973264595,0.0167213364058332
beta-citrylglutamate,metabolomics,0.4306947362796235,0.0003431973264595,0.0167213364058332
sphingadienine,metabolomics,0.4950927036978193,0.0003215683666034,0.0167213364058332
cysteinylglycine disulfide*,metabolomics,0.2826013586574173,0.0003662450764713,0.0169051016876511
3-decenoylcarnitine,metabolomics,0.5308627680476663,0.0004302264219458,0.0175442138181622
maltose,metabolomics,0.9806620414677344,0.0004328500528426,0.0175442138181622
leucylglycine,metabolomics,0.5648893046402381,0.0004401057058147,0.0175442138181622
dodecadienoate (12:2)*,metabolomics,0.7189404757806512,0.0004887706143842,0.0186370360354346
3-hydroxymyristate,metabolomics,0.5999673316607561,0.0006287870107544,0.022976925351318
"cys-gly, oxidized",metabolomics,0.5158392946935147,0.0007930593189906,0.0261607723392199
sphinganine-1-phosphate,metabolomics,0.3845240388705695,0.0007931002606589,0.0261607723392199
tetradecadienoate (14:2)*,metabolomics,0.8762733098603631,0.0008054057618688,0.0261607723392199
glycerol 3-phosphate,metabolomics,-0.4409023241030089,0.0009381069033538,0.0293828483657632
N-oleoyltaurine,metabolomics,0.7439689619415955,0.0010243208847491,0.0309768764112077
"branched-chain, straight-chain, or cyclopropyl 12:1 fatty acid*",metabolomics,0.9031750789198736,0.0012662612517962,0.0370170372608449
laurylcarnitine (C12),metabolomics,0.5418556788954999,0.0013633644124258,0.0385700190224998
docosapentaenoate (n6 DPA; 22:5n6),metabolomics,0.6205558370129157,0.0018513645906351,0.0477543160584431
linolenate (18:3n3 or 3n6),metabolomics,0.8805165908797161,0.0017987783898533,0.0477543160584431
10-undecenoate (11:1n1),metabolomics,0.6064303083589455,0.0017474889363627,0.0477543160584431
myristoleoylcarnitine (C14:1)*,metabolomics,0.6000463219143659,0.0021975826268619,0.0550651418216563
5-dodecenoylcarnitine (C12:1),metabolomics,0.6939975630489189,0.0023586600504635,0.0574595795626823
dihydroorotate,metabolomics,-0.5935970257697984,0.0027518602751821,0.0588629624715795
adrenate (22:4n6),metabolomics,0.3926404431015305,0.0026024697334525,0.0588629624715795
glycerophosphoethanolamine,metabolomics,0.2097030516944821,0.0027518602751821,0.0588629624715795
3-indoleglyoxylic acid,metabolomics,0.283751320056372,0.0026762125083491,0.0588629624715795
oleate/vaccenate (18:1),metabolomics,0.6894777868978929,0.0026024697334525,0.0588629624715795
cis-4-decenoate (10:1n6)*,metabolomics,0.8523274564209845,0.00307388325728,0.0641856099198709
N-acetylneuraminate,metabolomics,0.2216188541519829,0.0031601014768065,0.0644513719804506
decanoylcarnitine (C10),metabolomics,0.5713638859841043,0.0032482533895286,0.06474359596856
eicosenoate (20:1n9 or 1n11),metabolomics,0.7859190233103647,0.0036229883408803,0.0706080172211576
undecenoylcarnitine (C11:1),metabolomics,0.4371112153608952,0.0037228033572041,0.0709760553101749
metoprolol acid metabolite*,metabolomics,1.789346427258577,0.004057579324402,0.0757127035638417
3-hydroxybutyrate (BHBA),metabolomics,0.8143097376906567,0.0042595599151153,0.07782570928242
linoleate (18:2n6),metabolomics,0.6916653425340742,0.0048655835032573,0.0820599371607051
palmitoleate (16:1n7),metabolomics,0.8990471381735671,0.0048655835032573,0.0820599371607051
sphingosine 1-phosphate,metabolomics,0.2317090255586164,0.0046758819049894,0.0820599371607051
linolenoylcarnitine (C18:3)*,metabolomics,0.3988446539068252,0.0047382994221769,0.0820599371607051
carboxyethyl-GABA,metabolomics,-0.4585766506673993,0.0052588652575636,0.08701933643176
spermidine,metabolomics,0.3319320496210612,0.005621226650123,0.0912928846695911
arachidonate (20:4n6),metabolomics,0.5085231357630493,0.0058451863821378,0.0932041537660897
octanoylcarnitine (C8),metabolomics,0.5289009125615679,0.0059987853106666,0.0939452628116905
cysteine-glutathione disulfide,metabolomics,0.4750194726869478,0.0061557931411647,0.0947128172772192
(2 or 3)-decenoate (10:1n7 or n8),metabolomics,0.805547570310289,0.0062966501175881,0.0952096922952558
cis-4-decenoylcarnitine (C10:1),metabolomics,0.46527739491059,0.0064814155710345,0.0963423975558859
10-heptadecenoate (17:1n7),metabolomics,0.6818945258843703,0.0066501997794927,0.0972037534435854
guanidinosuccinate,metabolomics,-0.5529788292696199,0.0075759555770634,0.1071631135658815
docosadienoate (22:2n6),metabolomics,0.4828295617695177,0.0074582454770664,0.1071631135658815
docosapentaenoate (DPA; 22:5n3),metabolomics,0.596027846804684,0.0085653966057526,0.1192357590991276
2'-deoxyuridine,metabolomics,-0.2812492304632951,0.0090026636965096,0.1233646259662338
3-hydroxyoleoylcarnitine,metabolomics,0.4865536276071721,0.0096964468873672,0.1288452109124401
nisinate (24:6n3),metabolomics,0.7899007505411673,0.009682531830072,0.1288452109124401
2-hydroxybutyrate/2-hydroxyisobutyrate,metabolomics,0.3540263922266706,0.0104378224951657,0.1359453254430625
mead acid (20:3n9),metabolomics,0.579340256209704,0.0106958123780744,0.1359453254430625
3-methyl-2-oxovalerate,metabolomics,0.2331063225472962,0.0106958123780744,0.1359453254430625
hexanoylcarnitine (C6),metabolomics,0.4097773698533337,0.0109594568074642,0.1373063374306591
oleoylcarnitine (C18:1),metabolomics,0.2581694261335737,0.0120726916100079,0.1458547201824024
3-formylindole,metabolomics,0.1835864956033637,0.0129718703481276,0.1458547201824024
palmitate (16:0),metabolomics,0.4212436906422107,0.0129722556148544,0.1458547201824024
gamma-glutamylvaline,metabolomics,0.2781737494289464,0.0123662051948892,0.1458547201824024
dihomolinolenate (20:3n3 or 3n6),metabolomics,0.4600952964197036,0.0120726916100079,0.1458547201824024
oleoyl ethanolamide,metabolomics,0.4298695593974947,0.0126660221061306,0.1458547201824024
10-nonadecenoate (19:1n9),metabolomics,0.5725281122837261,0.0123662051948892,0.1458547201824024
1-stearoyl-2-docosahexaenoyl-GPS (18:0/22:6)*,metabolomics,0.7011582272375023,0.0124733780289639,0.1458547201824024
3-hydroxyhexanoate,metabolomics,0.3235008397772517,0.0137662662139402,0.152822980628172
docosahexaenoate (DHA; 22:6n3),metabolomics,0.5027539945285671,0.0158504793694973,0.1737608800881145
hexadecadienoate (16:2n6),metabolomics,0.632523126266514,0.0164134955252952,0.1755443362888286
erucate (22:1n9),metabolomics,0.633792548756735,0.0164134955252952,0.1755443362888286
1-methyl-4-imidazoleacetate,metabolomics,0.2290366408157053,0.0167982175818835,0.1774944195097818
3-phosphoglycerate,metabolomics,0.4356827079062007,0.0177943634624413,0.1857816280542979
3-hydroxydecanoate,metabolomics,0.391571997220045,0.0188429168053926,0.1921539306782482
dihomolinoleate (20:2n6),metabolomics,0.507572253678352,0.0188429168053926,0.1921539306782482
stearidonate (18:4n3),metabolomics,0.9732699603243448,0.0203360182920991,0.2026669095701242
benzoylcarnitine*,metabolomics,0.5448721861262354,0.0201715371120932,0.2026669095701242
tetradecadienedioate (C14:2-DC)*,metabolomics,0.4410527980044505,0.0206311431538144,0.2032978937741043
"5alpha-androstan-3beta,17beta-diol disulfate",metabolomics,0.872986026266807,0.0215811808036836,0.2102966173870057
urate,metabolomics,0.1491959916757632,0.0230758181309821,0.2199727445746885
N-acetylcarnosine,metabolomics,0.3138071738068099,0.0230752342813644,0.2199727445746885
aspartate,metabolomics,0.2873392742837619,0.0252079777032983,0.2377139402773398
docosahexaenoylcarnitine (C22:6)*,metabolomics,0.4705327727289833,0.0269170782578168,0.2441073295553225
kynurenate,metabolomics,0.3125920261077372,0.0269170782578168,0.2441073295553225
anserine,metabolomics,0.3695933621418992,0.0272776719457486,0.2441073295553225
glycerol,metabolomics,0.4832118109004153,0.0272107913312097,0.2441073295553225
eicosapentaenoate (EPA; 20:5n3),metabolomics,0.5101284617242504,0.0263365826089081,0.2441073295553225
heptenedioate (C7:1-DC)*,metabolomics,0.3447556993424183,0.028111275769004,0.2465358884941655
nervonoylcarnitine (C24:1)*,metabolomics,0.23301738288632,0.028110606491003,0.2465358884941655
"5alpha-androstan-3alpha,17beta-diol monosulfate (1)",metabolomics,0.7435966268420084,0.0289791782827613,0.25163108271269
2-hydroxysebacate,metabolomics,0.4158900898394263,0.0309647962425584,0.2565290483952172
acetylcarnitine (C2),metabolomics,0.2138409604676501,0.0306371811556167,0.2565290483952172
5-dodecenoate (12:1n7),metabolomics,0.4645226830337302,0.0312982989490173,0.2565290483952172
anthranilate,metabolomics,0.2772475480727596,0.0306357620606897,0.2565290483952172
2-aminobutyrate,metabolomics,0.231583593482971,0.0312982989490173,0.2565290483952172
(S)-3-hydroxybutyrylcarnitine,metabolomics,0.4326573204344646,0.0303104394298675,0.2565290483952172
phenylalanylglycine,metabolomics,0.3136810604699206,0.0318065122552614,0.2572277962696445
3-methyl-2-oxobutyrate,metabolomics,0.1702202833653928,0.0319701593995339,0.2572277962696445
pentadecanoate (15:0),metabolomics,0.3353372959789689,0.0333555751861625,0.2643868130205298
myristoylcarnitine (C14),metabolomics,0.2887463039474622,0.0337087108231828,0.2643868130205298
myristate (14:0),metabolomics,0.4680514080583337,0.0340658037301252,0.2643868130205298
glycine conjugate of C10H12O2*,metabolomics,0.5886273782530201,0.0339519634779616,0.2643868130205298
tryptophan,metabolomics,0.1161150944052867,0.0362761633152812,0.2673578838251069
pregnenetriol disulfate*,metabolomics,0.40551143792132,0.0355274716629808,0.2673578838251069
"androstenediol (3beta,17beta) disulfate (1)",metabolomics,0.5344476814907029,0.0362777516250715,0.2673578838251069
5-hydroxymethyl-2-furoic acid,metabolomics,-0.5406992298518505,0.0352119289104052,0.2673578838251069
propionylglycine (C3),metabolomics,-0.2939602947354413,0.0355274716629808,0.2673578838251069
metabolonic lactone sulfate,metabolomics,0.7706509023601029,0.0361816926021088,0.2673578838251069
myristoleate (14:1n5),metabolomics,0.6272558833787621,0.0366571290538836,0.2679025181687994
gamma-glutamylglutamate,metabolomics,0.272231906519442,0.0378188860615826,0.2741087857521321
gamma-glutamyl-2-aminobutyrate,metabolomics,0.3246549085618113,0.0394136862886335,0.2833262530748495
eicosenoylcarnitine (C20:1)*,metabolomics,0.2706860658729463,0.0402348261515931,0.2845640527011868
lactobacillic acid,metabolomics,0.5134560278800827,0.0402348261515931,0.2845640527011868
gamma-glutamyl-alpha-lysine,metabolomics,0.2503202653237294,0.0436577443704942,0.2968049752939804
vanillic acid glycine,metabolomics,-0.6724813687281064,0.0436496862756511,0.2968049752939804
heneicosapentaenoate (21:5n3),metabolomics,0.6390586782301161,0.0425543043157975,0.2968049752939804
5-hydroxy-2-methylpyridine sulfate,metabolomics,-1.0931920575527885,0.0432167480941833,0.2968049752939804
2-hydroxypalmitate,metabolomics,0.1585471611505429,0.042778638145693,0.2968049752939804
tridecenedioate (C13:1-DC)*,metabolomics,0.423584570503411,0.044552052363545,0.3005549994063766
"5alpha-androstan-3alpha,17beta-diol disulfate",metabolomics,0.8004948360290307,0.0452932984349725,0.301971932423993
8-methoxykynurenate,metabolomics,0.3989166657040759,0.0454507355529841,0.301971932423993
isoleucylglycine,metabolomics,0.5366514539002903,0.0460467952112776,0.3035807616537725
nonanoylcarnitine (C9),metabolomics,0.3264304927299867,0.0463852018946471,0.3035807616537725
deoxycholic acid 12-sulfate*,metabolomics,0.8402110582165708,0.0467982978826138,0.304015609207795
cortolone glucuronide (1),metabolomics,0.2737717312860974,0.0482757178257241,0.3113073862732358
laurate (12:0),metabolomics,0.4115410474444592,0.0492537223121259,0.3138588592327516
"5alpha-androstan-3beta,17beta-diol monosulfate (2)",metabolomics,0.7417986595257872,0.0494455086001132,0.3138588592327516
(14 or 15)-methylpalmitate (a17:0 or i17:0),metabolomics,0.3849842779458531,0.0497450187381442,0.3138588592327516
(16 or 17)-methylstearate (a19:0 or i19:0),metabolomics,0.3136797545268123,0.0512476140086319,0.3165081513068324
tiglyl carnitine (C5),metabolomics,0.276838406858807,0.0512476140086319,0.3165081513068324
pyridoxal,metabolomics,0.1265560055454276,0.0512456339367686,0.3165081513068324
4-methyl-2-oxopentanoate,metabolomics,0.1700239354804285,0.0527859924117613,0.3237294779378648
2-ketocaprylate,metabolomics,0.3603140610183225,0.0543627910676014,0.3265614266470709
gamma-glutamylphenylalanine,metabolomics,0.1468376788312386,0.0543648441168441,0.3265614266470709
dihomo-linoleoylcarnitine (C20:2)*,metabolomics,0.1915754544800647,0.0538335598876975,0.3265614266470709
N-acetyl-S-allyl-L-cysteine,metabolomics,0.3641256699546815,0.0549522700721164,0.3267504970226126
N-acetyl-aspartyl-glutamate (NAAG),metabolomics,0.3192412513671968,0.0551414749821512,0.3267504970226126
sulfate*,metabolomics,0.1075598244932189,0.0587646860308231,0.3413021831061713
"2S,3R-dihydroxybutyrate",metabolomics,0.3101070101684505,0.0587646860308231,0.3413021831061713
3-hydroxystearate,metabolomics,0.2419258554387236,0.0587614583590847,0.3413021831061713
"N,N,N-trimethyl-alanylproline betaine (TMAP)",metabolomics,0.0940820812685147,0.0604895260169724,0.3490086468216105
genistein sulfate*,metabolomics,0.1645536999828523,0.0619040755692708,0.3499911214961912
gamma-glutamyltyrosine,metabolomics,0.1890601025719877,0.062255003999343,0.3499911214961912
emtricitabine,metabolomics,0.8407059461442676,0.0611786917746527,0.3499911214961912
cystine,metabolomics,0.0887887038941166,0.062256117392709,0.3499911214961912
fexofenadine,metabolomics,0.2937458381863345,0.0663339075144857,0.3529561857190282
citalopram/escitalopram,metabolomics,0.1193977459695885,0.0663339075144857,0.3529561857190282
didesmethylcitalopram*,metabolomics,0.0903478852549009,0.0663339075144857,0.3529561857190282
isovalerate (C5),metabolomics,0.3429097810236732,0.0664056677806609,0.3529561857190282
glyco-beta-muricholate,metabolomics,-0.6935829537249725,0.0642346537505693,0.3529561857190282
cystathionine,metabolomics,0.3914731997401522,0.0659185765587942,0.3529561857190282
N6-methyladenosine,metabolomics,0.3152646622550989,0.0646543247316319,0.3529561857190282
homovanillate (HVA),metabolomics,-0.2492911636153595,0.0654996502487816,0.3529561857190282
tramadol,metabolomics,0.3621298503019203,0.0663339075144857,0.3529561857190282
heptanoate (7:0),metabolomics,0.1785591993297768,0.0671777720529109,0.3549090728337526
valylleucine,metabolomics,0.2940713474624132,0.0684437559744242,0.359432179578264
xanthurenate,metabolomics,0.4481285734518867,0.0697531936090073,0.3614820166001233
deoxycholic acid glucuronide,metabolomics,0.5579305718109402,0.0700706303557821,0.3614820166001233
gamma-glutamylisoleucine*,metabolomics,0.2200471218731499,0.0697555723443411,0.3614820166001233
gamma-glutamyl-epsilon-lysine,metabolomics,0.2174999198309221,0.071074608536678,0.3645171443664715
linoleoylcarnitine (C18:2)*,metabolomics,0.1424657382617893,0.0737740347109472,0.3761617932645393
margarate (17:0),metabolomics,0.3160295721141056,0.0744605972882847,0.3774678833631544
octadecenedioylcarnitine (C18:1-DC)*,metabolomics,0.2452068860578908,0.0765567124295457,0.3836584960040665
trimethylamine N-oxide,metabolomics,0.368338590179483,0.0765567124295457,0.3836584960040665
N-carbamoylaspartate,metabolomics,0.2366460627655685,0.0779785479318171,0.3863745594274019
2-hydroxydecanoate,metabolomics,0.2571169400914486,0.0779798141603764,0.3863745594274019
octadecadienedioate (C18:2-DC)*,metabolomics,0.4347320218753852,0.079424381498729,0.3913212504178952
chenodeoxycholate,metabolomics,0.766005882297591,0.0815293573504166,0.3955190567239259
3-hydroxyhexanoylcarnitine (1),metabolomics,0.351396454350203,0.081629360623752,0.3955190567239259
cholate,metabolomics,0.8009240133773401,0.0808647934048524,0.3955190567239259
stearate (18:0),metabolomics,0.2349445941627385,0.0838877398856926,0.3963746190569975
spermine,metabolomics,0.2822231471905486,0.0838837867958477,0.3963746190569975
margaroylcarnitine (C17)*,metabolomics,0.2193132506328252,0.0838890575821722,0.3963746190569975
caproate (6:0),metabolomics,0.1542672077915016,0.0838890575821722,0.3963746190569975
pyridoxate,metabolomics,0.2372694904177304,0.0854216681890222,0.3963746190569975
indolin-2-one,metabolomics,0.2815281322443859,0.0854083625036735,0.3963746190569975
7-HOCA,metabolomics,0.1867744540752003,0.0846512328541705,0.3963746190569975
glycine,metabolomics,-0.1582511833628751,0.0854216681890222,0.3963746190569975
2-aminoadipate,metabolomics,0.3482271149188052,0.0869768350751122,0.3993648395857248
tyrosine,metabolomics,0.1397538215742807,0.0869754916406035,0.3993648395857248
deoxycholate,metabolomics,0.4828411232790777,0.0885534200670025,0.4044861947852148
N-(2-furoyl)glycine,metabolomics,-0.6424219648515086,0.0909634915693211,0.411211247970591
"trans-3,4-methyleneheptanoate",metabolomics,0.5080898328539805,0.0906712309687611,0.411211247970591
cholesterol,metabolomics,0.1225081605399676,0.0917798539920023,0.4127740100050567
"5alpha-androstan-3alpha,17beta-diol 17-glucuronide",metabolomics,0.319929037362491,0.0931450042043011,0.4159180326246385
arachidoylcarnitine (C20)*,metabolomics,0.2239483071063174,0.0934274258005174,0.4159180326246385
androsterone sulfate,metabolomics,0.4753027556993638,0.0942586638835139,0.4174992334638471
elvitegravir,metabolomics,0.3125377742262547,0.0989726081562314,0.433994886765075
betaine,metabolomics,-0.1346579226988409,0.0985128804040233,0.433994886765075
darunavir,metabolomics,0.9593851735748355,0.0995872055554498,0.4345173098115898
3-hydroxy-2-ethylpropionate,metabolomics,0.158904472397728,0.1002563338569073,0.4352713108539985
docosatrienoate (22:3n3),metabolomics,0.3825712209394283,0.1008450572548563,0.4356705182882219
adrenoylcarnitine (C22:4)*,metabolomics,0.2606196091185206,0.1014932447073656,0.4363214490605864
pregnen-diol disulfate*,metabolomics,0.3005980784261491,0.1020242982852259,0.436464924859235
docosapentaenoylcarnitine (C22:5n3)*,metabolomics,0.2624060351751549,0.1036404247410083,0.437728362016028
arachidate (20:0),metabolomics,0.1828278964003938,0.1038169889388071,0.437728362016028
"2,6-dihydroxybenzoic acid",metabolomics,0.3292282753940537,0.1038169889388071,0.437728362016028
N-methylpipecolate,metabolomics,0.3766001439742817,0.1047078980592997,0.4393723760670137
N-acetyltheanine,metabolomics,0.3072644789254971,0.1056346204851017,0.4405152056245269
glucuronide of C10H18O2 (8)*,metabolomics,-0.6165160962961569,0.1059848442266535,0.4405152056245269
ornithine,metabolomics,0.1344202641929419,0.1084067972580769,0.448456420732705
palmitoylcarnitine (C16),metabolomics,0.1601522177765915,0.1093455616837158,0.4502162328479754
5alpha-pregnan-diol disulfate,metabolomics,0.5807069031804564,0.1114037687766773,0.454423745196028
13-HODE + 9-HODE,metabolomics,0.242159220264246,0.1112392972619863,0.454423745196028
fructose,metabolomics,-0.1617092667341876,0.1131588254722093,0.4552306877941634
3-methylhistidine,metabolomics,0.6158158532837646,0.1131588254722093,0.4552306877941634
"1,5-anhydroglucitol (1,5-AG)",metabolomics,-0.2237837588122961,0.1131572915486629,0.4552306877941634
homoarginine,metabolomics,0.1749877174903966,0.1151043572349198,0.4588478240682941
glycodeoxycholate 3-sulfate,metabolomics,0.6280843080482278,0.1150981719681341,0.4588478240682941
pyrraline,metabolomics,-0.2212143398992154,0.1170761025503876,0.4645961173605882
N-acetylkynurenine (2),metabolomics,0.5052450980187271,0.1202118973858013,0.4748911441772424
ibuprofen acyl glucuronide,metabolomics,-0.2666126966839677,0.1211869056169538,0.4765960368881997
argininate*,metabolomics,0.2252810533162024,0.1231507047865427,0.4821570004365982
1-linoleoyl-GPA (18:2)*,metabolomics,-0.255489713746023,0.1262611817770068,0.4876553162798263
4-imidazoleacetate,metabolomics,0.2512145479135391,0.1262627951431695,0.4876553162798263
iminodiacetate (IDA),metabolomics,0.0588454460547317,0.1273336913306679,0.4876553162798263
cysteinylglycine,metabolomics,0.2101870868540949,0.1273353106363514,0.4876553162798263
O-sulfo-L-tyrosine,metabolomics,-0.1748337346883553,0.1252293838633291,0.4876553162798263
maltol sulfate,metabolomics,-0.7286969165955057,0.1282922482807487,0.4891839206183332
gamma-glutamylmethionine,metabolomics,0.1989690429000362,0.1294686883452904,0.4915326393022498
N-acetyltyrosine,metabolomics,0.2578270603009953,0.1316132882246262,0.4935350295068174
acetoacetate,metabolomics,0.4122942700373771,0.1316264327993836,0.4935350295068174
nicotinamide riboside,metabolomics,0.4946419035862937,0.131684375033746,0.4935350295068174
N-formylanthranilic acid,metabolomics,0.3198134460126388,0.1338169479948157,0.4951852938329191
4-allylcatechol sulfate,metabolomics,0.4210810420897073,0.1338186027803898,0.4951852938329191
dodecenedioate (C12:1-DC)*,metabolomics,0.267101992438597,0.1338169479948157,0.4951852938329191
"androstenediol (3alpha, 17alpha) monosulfate (3)",metabolomics,0.3386165390519486,0.1349218913639643,0.4971701627151124
arachidonoylcarnitine (C20:4),metabolomics,0.1890527666391289,0.1371529163894658,0.503204132880681
vanillactate,metabolomics,-0.3030023974082679,0.1382807252271882,0.503204132880681
(R)-3-hydroxybutyrylcarnitine,metabolomics,0.4593303456640736,0.1382807252271882,0.503204132880681
4-vinylphenol sulfate,metabolomics,0.3683568983778992,0.1428566293760633,0.5177077023256511
pyruvate,metabolomics,-0.2104250432749756,0.1475478625446385,0.5281611242924407
indoleacetate,metabolomics,0.200478818619254,0.1475478625446385,0.5281611242924407
methionine,metabolomics,0.1122893628085587,0.1475426928659723,0.5281611242924407
"5alpha-androstan-3alpha,17alpha-diol monosulfate",metabolomics,0.3914043945440892,0.1525115346537188,0.5344641448757352
"N6,N6,N6-trimethyllysine",metabolomics,0.1889008769188982,0.1535746459620128,0.5344641448757352
picolinate,metabolomics,0.2231938955711664,0.1523559436529264,0.5344641448757352
xylose,metabolomics,0.6207604484438641,0.1532451016146321,0.5344641448757352
raltegravir,metabolomics,0.2180609739930115,0.1528572422347193,0.5344641448757352
3-methylcytidine,metabolomics,0.3001898846231887,0.1499181261637575,0.5344641448757352
cysteine sulfinic acid,metabolomics,0.2988056586862777,0.1522931129638508,0.5344641448757352
octadecenedioate (C18:1-DC),metabolomics,0.2778429608598948,0.1548042685796244,0.5366140061040737
chiro-inositol,metabolomics,-0.636443484130506,0.1555280163879397,0.5370002770559967
cobicistat,metabolomics,0.5290652838715544,0.1625484982952237,0.5464700826649668
suberoylcarnitine (C8-DC),metabolomics,0.5208584803428356,0.1627924634855422,0.5464700826649668
glucuronide of C10H18O2 (7)*,metabolomics,-0.790810930874976,0.1624986081695297,0.5464700826649668
glycohyocholate,metabolomics,-0.6237323321580195,0.1632556005224872,0.5464700826649668
alpha-hydroxyisocaproate,metabolomics,0.1412687628036626,0.1597904024219539,0.5464700826649668
4-cholesten-3-one,metabolomics,0.1545789101863123,0.1597904024219539,0.5464700826649668
N-acetylserine,metabolomics,0.0887449140637255,0.1623267834968499,0.5464700826649668
2-methylbutyrylcarnitine (C5),metabolomics,0.1937872589154197,0.1623285711091301,0.5464700826649668
"hydroxy-N6,N6,N6-trimethyllysine*",metabolomics,0.2332029371272026,0.1648970438222377,0.5498658077266253
N-palmitoylglycine,metabolomics,0.1568652673393165,0.1674959948508106,0.5543169339024941
4-acetaminophen sulfate,metabolomics,0.7654952794110486,0.1674542561708738,0.5543169339024941
1-oleoyl-GPG (18:1)*,metabolomics,0.2679846188097229,0.1700892337604788,0.5607829248418793
arginine,metabolomics,0.0635161929391171,0.1727860171683942,0.5675405882272726
2-hydroxyoctanoate,metabolomics,0.3230294610437438,0.1754774249964108,0.5679855986332686
3-(methylthio)acetaminophen sulfate*,metabolomics,0.5564693832949437,0.175512083500132,0.5679855986332686
epiandrosterone sulfate,metabolomics,0.3396790359051126,0.1754774249964108,0.5679855986332686
"3,4-dihydroxybutyrate",metabolomics,-0.1654565794583752,0.1741260046339714,0.5679855986332686
homostachydrine*,metabolomics,0.2851186810564202,0.1781999840871245,0.5745639192809127
isoleucine,metabolomics,0.0792486224483744,0.1809538562977127,0.5791844232594675
palmitoyl-sphingosine-phosphoethanolamine (d18:1/16:0),metabolomics,-0.0878153673658088,0.1809538562977127,0.5791844232594675
adipoylcarnitine (C6-DC),metabolomics,0.1849892592386984,0.183737335044781,0.57963769461843
N-formylmethionine,metabolomics,0.1038189316773761,0.183737335044781,0.57963769461843
pregnenediol sulfate (C21H34O5S)*,metabolomics,0.1887657554289305,0.1837392008026493,0.57963769461843
carboxyibuprofen glucuronide*,metabolomics,-0.4001643941492965,0.1831356892827519,0.57963769461843
methyl glucopyranoside (alpha + beta),metabolomics,-0.2632635569570536,0.1865561740282996,0.5843205879386384
gamma-glutamylglycine,metabolomics,-0.1486858378522771,0.1865542992085614,0.5843205879386384
N-desmethyl tramadol,metabolomics,0.2861361806168141,0.2007506766396712,0.5859896798124251
nonadecanoate (19:0),metabolomics,0.1628408536037201,0.1937360870066885,0.5859896798124251
cytosine,metabolomics,-0.4084305815805176,0.198036443486569,0.5859896798124251
decadienedioic acid (C10:2-DC),metabolomics,0.3161428220911448,0.2011207452948004,0.5859896798124251
gabapentin,metabolomics,0.0146662076665561,0.2007506766396712,0.5859896798124251
N-palmitoylserine,metabolomics,-0.1860043380851257,0.1917439563421993,0.5859896798124251
4-chlorobenzoic acid,metabolomics,0.0673175645758854,0.1894049295875638,0.5859896798124251
beta-alanine,metabolomics,0.1578603663186644,0.1951983876996347,0.5859896798124251
5-methylthioadenosine (MTA),metabolomics,0.1140305908359266,0.1951983876996347,0.5859896798124251
hexanoylglutamine,metabolomics,0.4443519728977917,0.1951983876996347,0.5859896798124251
pregnenetriol sulfate*,metabolomics,0.2199971896601374,0.1981433828239176,0.5859896798124251
N-acetylglucosamine/N-acetylgalactosamine,metabolomics,0.0478021052593809,0.1922837257844091,0.5859896798124251
"androstenediol (3beta,17beta) monosulfate (1)",metabolomics,0.2878665324944693,0.1894049295875638,0.5859896798124251
omeprazole,metabolomics,0.2437658720636538,0.2007506766396712,0.5859896798124251
"N,N,N-trimethyl-5-aminovalerate",metabolomics,0.1857679670834644,0.1951983876996347,0.5859896798124251
venlafaxine,metabolomics,0.0119116381265093,0.2007506766396712,0.5859896798124251
citalopram N-oxide*,metabolomics,0.0746851373854136,0.2007506766396712,0.5859896798124251
solifenacin,metabolomics,0.231332090776001,0.2007506766396712,0.5859896798124251
zolpidem,metabolomics,0.1230818104601576,0.2007506766396712,0.5859896798124251
O-desmethyltramadol,metabolomics,0.1784400972264741,0.2007506766396712,0.5859896798124251
O-desmethyltramadol glucuronide,metabolomics,0.186962991982023,0.2007506766396712,0.5859896798124251
L-urobilin,metabolomics,0.6648096148315111,0.2049616401087666,0.5916735320099162
tryptophan betaine,metabolomics,-0.6247835677832633,0.204128688190444,0.5916735320099162
"5alpha-pregnan-3beta,20beta-diol monosulfate (1)",metabolomics,0.2837802769535022,0.2050955002634145,0.5916735320099162
"12,13-DiHOME",metabolomics,-0.2713469364620812,0.2117303101142922,0.6073131781819542
tauro-beta-muricholate,metabolomics,-0.4357893847973721,0.2119017474614344,0.6073131781819542
cinnamoylglycine,metabolomics,0.5472911084730685,0.2149211099018551,0.6119669265711912
4-hydroxy-2-oxoglutaric acid,metabolomics,-0.1514596583329407,0.2149211099018551,0.6119669265711912
N-stearoyltaurine,metabolomics,0.3185551317570066,0.2167908373056076,0.6133082719903804
dihomo-linolenoylcarnitine (C20:3n3 or 6)*,metabolomics,0.1829674849319794,0.2164978042940242,0.6133082719903804
3-hydroxyoctanoate,metabolomics,0.2367977044464179,0.222879796388575,0.6225018516967525
glucose,metabolomics,-0.0554881001664435,0.2228778271644914,0.6225018516967525
4-hydroxychlorothalonil,metabolomics,0.2082577973604854,0.222879796388575,0.6225018516967525
1-carboxyethylphenylalanine,metabolomics,-0.165382182945651,0.2212698498080537,0.6225018516967525
16-hydroxypalmitate,metabolomics,0.1640685059052667,0.2261208089710036,0.6275568021125638
gamma-glutamylleucine,metabolomics,0.1702017268049411,0.2261208089710036,0.6275568021125638
3-hydroxysebacate,metabolomics,0.2515147395680789,0.2277479316532764,0.6300786626496008
9-hydroxystearate,metabolomics,0.348154597016338,0.228667441377027,0.6306331637976499
N-acetylalanine,metabolomics,0.0606038217019921,0.2293953153373186,0.6306573402847285
"5alpha-androstan-3beta,17alpha-diol disulfate",metabolomics,0.4491436592613984,0.2304281517285037,0.6315171533309305
succinate,metabolomics,0.0587464356248337,0.2326994464503626,0.6329168609784911
threonate,metabolomics,0.1962904143141179,0.2327034229368925,0.6329168609784911
norcotinine,metabolomics,0.271944387679405,0.233103929413971,0.6329168609784911
indoleacetoylcarnitine*,metabolomics,0.305884994915152,0.234368118537493,0.6343853085104365
N-acetyl-beta-alanine,metabolomics,0.0759860850275035,0.2360432413215106,0.6369536081198919
isoeugenol sulfate,metabolomics,0.563296516114921,0.2417052616988549,0.6440288685016615
dopamine 4-sulfate,metabolomics,-0.4408454343365497,0.2430713289327821,0.6440288685016615
3-hydroxydodecanedioate*,metabolomics,0.3269319804582997,0.2423858942834114,0.6440288685016615
pentose acid*,metabolomics,0.2294062196414558,0.2428303707015063,0.6440288685016615
4-guanidinobutanoate,metabolomics,-0.2897633752889221,0.2394208527184572,0.6440288685016615
glucuronide of C10H18O2 (1)*,metabolomics,-0.4081278567628381,0.2413864698479657,0.6440288685016615
glutamine conjugate of C6H10O2 (2)*,metabolomics,0.3345306702267224,0.2462718709934876,0.6466532754104819
N-acetyl-2-aminooctanoate*,metabolomics,0.2126931305579849,0.2462738813992029,0.6466532754104819
(12 or 13)-methylmyristate (a15:0 or i15:0),metabolomics,0.2844912414693652,0.2462738813992029,0.6466532754104819
glutamine conjugate of C7H12O2*,metabolomics,0.4037904706022185,0.2480063987598559,0.647326225334505
3-ureidopropionate,metabolomics,-0.1525162205669581,0.2479882819163494,0.647326225334505
N-methylproline,metabolomics,-0.4143693332861357,0.2497514728011071,0.6480237918537601
3-hydroxypyridine sulfate,metabolomics,-0.4451422429187137,0.2497514728011071,0.6480237918537601
tartarate,metabolomics,0.3428472209087318,0.2514951579649217,0.6506231667706087
4-methylcatechol sulfate,metabolomics,0.2834239425024453,0.2532632288256408,0.6513544037539207
methyl indole-3-acetate,metabolomics,0.0993440467884752,0.2532632288256408,0.6513544037539207
4-hydroxyhippurate,metabolomics,-0.2062092424077171,0.2568092292616898,0.658542965095035
glycine conjugate of C10H14O2 (1)*,metabolomics,0.3367981395157576,0.2585241529864361,0.6586113036772564
lanthionine,metabolomics,0.242460412443747,0.2580148637366538,0.6586113036772564
glycoursodeoxycholic acid sulfate (1),metabolomics,0.3989229885271665,0.259088825277826,0.6586113036772564
guanidinoacetate,metabolomics,0.1192698786370451,0.2640001961370887,0.6615656600283816
behenoylcarnitine (C22)*,metabolomics,0.1803577307938985,0.2639961306833112,0.6615656600283816
S-allylcysteine,metabolomics,0.6049073421129598,0.2640227833636642,0.6615656600283816
mannonate*,metabolomics,-0.1567383094065312,0.264004261530225,0.6615656600283816
stearoylcarnitine (C18),metabolomics,0.1378672131134359,0.264002228841237,0.6615656600283816
lithocholate sulfate (1),metabolomics,0.4109745143561927,0.2659805938182,0.6645725948107164
sebacate (C10-DC),metabolomics,0.1433426942754589,0.2788062520468511,0.6662273944182941
10-hydroxywarfarin,metabolomics,-0.0235704646148053,0.2822721334409322,0.6662273944182941
ibuprofen,metabolomics,-0.1450440444581047,0.2822721334409322,0.6662273944182941
N-acetylvaline,metabolomics,0.0913593293850673,0.2750553939346121,0.6662273944182941
metformin,metabolomics,-0.4207184005367441,0.2822721334409322,0.6662273944182941
N-acetylthreonine,metabolomics,0.0527452488485198,0.2713371231482525,0.6662273944182941
"N,N-dimethyl-5-aminovalerate",metabolomics,-0.3954359860044043,0.2750145309085665,0.6662273944182941
carotene diol (2),metabolomics,-0.1070681547167847,0.2731898911980756,0.6662273944182941
imidazole lactate,metabolomics,0.1174399576694133,0.2676534317761413,0.6662273944182941
"androstenediol (3beta,17beta) disulfate (2)",metabolomics,0.117463245214193,0.2788062520468511,0.6662273944182941
gluconate,metabolomics,-0.079282806792693,0.2713371231482525,0.6662273944182941
6-hydroxywarfarin,metabolomics,-0.0016990405412818,0.2822721334409322,0.6662273944182941
7-hydroxywarfarin,metabolomics,-0.0169785566109391,0.2822721334409322,0.6662273944182941
N-methylhydroxyproline,metabolomics,-0.4209039339811642,0.2750472218326857,0.6662273944182941
6-hydroxyindole sulfate,metabolomics,0.2882812773576666,0.2825958845195044,0.6662273944182941
N1-Methyl-2-pyridone-5-carboxamide,metabolomics,0.2140643103103896,0.2825958845195044,0.6662273944182941
hydroxy-CMPF*,metabolomics,0.4778440878246158,0.2788082979574083,0.6662273944182941
gamma-glutamylhistidine,metabolomics,0.0976426925820716,0.2825958845195044,0.6662273944182941
sucrose,metabolomics,-0.3975666095731358,0.2694705764791587,0.6662273944182941
piperine,metabolomics,-0.2308856346166543,0.2788082979574083,0.6662273944182941
2-hydroxystearate,metabolomics,0.0879429841716639,0.2788082979574083,0.6662273944182941
dimethyl sulfone,metabolomics,0.1738995861174465,0.2864181983517873,0.6679030168844128
salicyluric glucuronide*,metabolomics,-0.1519299780068885,0.2845780720522851,0.6679030168844128
efavirenz,metabolomics,-1.0335948618016584,0.2871145237918171,0.6679030168844128
gamma-CEHC,metabolomics,0.2209158276610304,0.2864181983517873,0.6679030168844128
paraxanthine,metabolomics,0.0444878556118343,0.2863771769462198,0.6679030168844128
"androstenediol (3beta,17beta) monosulfate (2)",metabolomics,0.2825059195576199,0.2902670674380121,0.6681617314669175
p-cresol glucuronide*,metabolomics,0.4870404471113214,0.290273226555183,0.6681617314669175
citalopram propionate*,metabolomics,0.0236718657771994,0.2893737949189612,0.6681617314669175
cetirizine,metabolomics,0.1913568331897108,0.2893737949189612,0.6681617314669175
gamma-glutamylcitrulline*,metabolomics,0.1067075446176463,0.294165108762678,0.6718302093355953
arabitol/xylitol,metabolomics,0.0628537746145932,0.294165108762678,0.6718302093355953
3-hydroxystachydrine*,metabolomics,-0.6558514203260293,0.2939204667649819,0.6718302093355953
3-carboxy-4-methyl-5-propyl-2-furanpropanoate (CMPF),metabolomics,0.3237622545658504,0.2961241108075036,0.6740896464459941
umbelliferone sulfate,metabolomics,-0.3384963248030555,0.2966916801917374,0.6740896464459941
cotinine N-oxide,metabolomics,0.2202153068389005,0.2998832971645014,0.6778289990032675
4-acetamidophenol,metabolomics,0.0476996368921338,0.2996413214087355,0.6778289990032675
lactate,metabolomics,-0.0761012835620405,0.3020534005107252,0.6809790032079848
biliverdin,metabolomics,0.1100496704726601,0.3060477985329167,0.6882151777265845
1-methylhistidine,metabolomics,0.292703501935195,0.3080611709844686,0.690970964075138
citraconate/glutaconate,metabolomics,-0.366346467812505,0.3100812107881339,0.6937276067887587
GlcNAc sulfate conjugate of C21H34O2 steroid,metabolomics,-0.3066340238516283,0.3114118070828544,0.6949316916327312
THC carboxylic acid,metabolomics,-0.1715254129188981,0.3142236430763567,0.6994267385227535
alliin,metabolomics,0.3313441490390472,0.3169716825318546,0.7002120039809483
glutarylcarnitine (C5-DC),metabolomics,0.1104241075134196,0.3161936967972177,0.7002120039809483
vanillylmandelate (VMA),metabolomics,-0.1433809056900206,0.3161936967972177,0.7002120039809483
5-(galactosylhydroxy)-L-lysine,metabolomics,0.2724841775582769,0.3182507094774285,0.701271035707801
hydroxyproline,metabolomics,0.0041887577929107,0.3223868023185707,0.7086045755222721
4-allylphenol sulfate,metabolomics,0.321987843339819,0.324457644861005,0.70961740276372
4-ethylphenyl sulfate,metabolomics,0.1870306691632817,0.3244658819934455,0.70961740276372
lysine,metabolomics,0.0860081636747861,0.3265578073308298,0.7124159130078054
2-aminooctanoate,metabolomics,0.1482757108688219,0.3307637157371567,0.7180192542116001
N-acetylisoleucine,metabolomics,0.0878616159460663,0.3307637157371567,0.7180192542116001
taurohyocholate*,metabolomics,-0.2000075399500003,0.3374735321992045,0.7183599216958795
ritonavir,metabolomics,0.5537807941181336,0.3374735321992045,0.7183599216958795
ribonate,metabolomics,-0.0498108007945275,0.3350024566327106,0.7183599216958795
glutamate,metabolomics,0.1565734004387947,0.3350045136296292,0.7183599216958795
S-(3-hydroxypropyl)mercapturic acid (HPMA),metabolomics,0.1492626683741222,0.3323490655482654,0.7183599216958795
malonylcarnitine,metabolomics,0.1149491877072833,0.3362903037368683,0.7183599216958795
uracil,metabolomics,-0.0716721228872126,0.3365450175916292,0.7183599216958795
2-isopropylmalate,metabolomics,-0.6021772800873203,0.334889293879667,0.7183599216958795
ectoine,metabolomics,-0.3057842369694412,0.3392781263652606,0.7187167138946174
2-hydroxy-4-(methylthio)butanoic acid,metabolomics,0.0949063362027972,0.3392801819297282,0.7187167138946174
creatine,metabolomics,-0.1502013112636677,0.3435906963497789,0.724348655525856
1-stearoyl-GPG (18:0),metabolomics,0.2115584868327872,0.3434756539717469,0.724348655525856
N-acetylcitrulline,metabolomics,0.3169879225276239,0.3478642044304626,0.7282532138173764
alpha-ketoglutaramate*,metabolomics,0.0486014573654538,0.3479319237991815,0.7282532138173764
oxalate (ethanedioate),metabolomics,0.095479930860138,0.3479339755866371,0.7282532138173764
methylmalonate (MMA),metabolomics,-0.2434939161873978,0.3501196877805418,0.7310832528179408
vanillic alcohol sulfate,metabolomics,0.1666693373792871,0.3519736317332729,0.7332087292876016
deoxycarnitine,metabolomics,0.1122256326335711,0.354515131129322,0.7367530094796573
4-methylhexanoylglutamine,metabolomics,0.2415688012709053,0.3566055093794792,0.7381641985229329
11-ketoetiocholanolone glucuronide,metabolomics,0.1771746257951897,0.3568775600612583,0.7381641985229329
cysteine,metabolomics,0.0233159023541937,0.3589493905942995,0.7389638862704241
proline,metabolomics,-0.0928756421848316,0.3589493905942995,0.7389638862704241
gamma-glutamylthreonine,metabolomics,0.1025933630613946,0.3611805450974275,0.7418157799776203
glutamine,metabolomics,-0.0236950730172273,0.3634142315311519,0.7429279067357398
5-oxoproline,metabolomics,0.1111716009024428,0.3634162736483836,0.7429279067357398
N-acetyl-3-methylhistidine*,metabolomics,0.3977521796174239,0.3643328822468487,0.7430696226290379
6-bromotryptophan,metabolomics,0.1367354162356437,0.3679157362020318,0.7469030107619951
"adenosine 3',5'-cyclic monophosphate (cAMP)",metabolomics,-0.1303230864637854,0.3673359934474821,0.7469030107619951
pimelate (C7-DC),metabolomics,0.1742793508320649,0.3708504602599951,0.7475936871792435
3-hydroxy-2-methylpyridine sulfate,metabolomics,-0.4294589858836828,0.3701753786247939,0.7475936871792435
N-acetylarginine,metabolomics,0.1131138190785162,0.3701814890108188,0.7475936871792435
2-hydroxyacetaminophen sulfate*,metabolomics,0.4934080209961348,0.3716657327367733,0.7475936871792435
ethyl glucuronide,metabolomics,0.1646424679663467,0.3730610812240621,0.7476519792649912
"glutamate, gamma-methyl ester",metabolomics,-0.3239811657689343,0.3733997342281255,0.7476519792649912
4-methylnonanoylcarnitine,metabolomics,-0.3941025920765969,0.3744927659402242,0.7481324731881016
etiocholanolone glucuronide,metabolomics,-0.195617551962515,0.3793164959001074,0.7492515382904937
glutamine conjugate of C6H10O2 (1)*,metabolomics,0.2110915548105461,0.379324610035324,0.7492515382904937
alpha-ketobutyrate,metabolomics,0.1532978124284165,0.379324610035324,0.7492515382904937
alpha-tocopherol,metabolomics,0.0894143446900828,0.3793225815303618,0.7492515382904937
isobutyrylglycine (C4),metabolomics,-0.0001484700133539,0.3793225815303618,0.7492515382904937
"3beta,7alpha-dihydroxy-5-cholestenoate",metabolomics,0.2295252403475274,0.3839062880848493,0.7523290064802199
4-acetylcatechol sulfate (1),metabolomics,-0.2441543774237118,0.3886032382389277,0.7523290064802199
palmitoloelycholine,metabolomics,0.1699877703706376,0.3839386738890482,0.7523290064802199
hexadecanedioate (C16),metabolomics,0.1603233416723727,0.3886012192899591,0.7523290064802199
N-acetylphenylalanine,metabolomics,0.0311018676222178,0.3839467695675344,0.7523290064802199
valine,metabolomics,0.108016091882248,0.3862686989056638,0.7523290064802199
serine,metabolomics,-0.0534255096756649,0.3886012192899591,0.7523290064802199
imidazole propionate,metabolomics,-0.3917018900462382,0.3886012192899591,0.7523290064802199
taurodeoxycholic acid 3-sulfate,metabolomics,0.1669265484489279,0.3876826089800504,0.7523290064802199
4-methylguaiacol sulfate,metabolomics,0.2920665307981213,0.3932939322736131,0.7597329925197328
2-hydroxylaurate,metabolomics,0.0956566633667205,0.395631976024584,0.7625697647770553
3-methoxycatechol sulfate (2),metabolomics,0.2439042748194901,0.3979062798530993,0.7635969528034313
4-acetamidophenylglucuronide,metabolomics,0.4694631827329973,0.3970495157046197,0.7635969528034313
hippurate,metabolomics,0.2854221581273964,0.402777633445827,0.7662385781604996
C-glycosyltryptophan,metabolomics,0.0242103856996534,0.4027756312991831,0.7662385781604996
dodecanedioate (C12),metabolomics,0.1345061101154082,0.402777633445827,0.7662385781604996
N6-methyllysine,metabolomics,0.2897265839975532,0.4027756312991831,0.7662385781604996
glycocholate,metabolomics,0.1965370933274728,0.412397091054609,0.769515423095515
"5alpha-pregnan-3beta,20alpha-diol disulfate",metabolomics,0.1204120538315512,0.4075704450855334,0.769515423095515
hyocholate,metabolomics,-0.3753220689480676,0.4066168651553813,0.769515423095515
stachydrine,metabolomics,-0.3716552176982918,0.412397091054609,0.769515423095515
succinoyltaurine,metabolomics,0.0802254913205286,0.4099775530100317,0.769515423095515
phenol glucuronide,metabolomics,0.1465864486424667,0.4104601807548542,0.769515423095515
ethyl beta-glucopyranoside,metabolomics,-0.3331493427922457,0.412397091054609,0.769515423095515
levulinoylcarnitine,metabolomics,-0.3196155578114972,0.4099097920086438,0.769515423095515
S-methylmethionine,metabolomics,0.4605461767171762,0.4071574159034088,0.769515423095515
alpha-hydroxyisovalerate,metabolomics,0.0014532611951256,0.4172574595163224,0.776931617825509
retinal,metabolomics,0.1157082550679859,0.4205250415377884,0.7793982788330276
3-hydroxypyridine glucuronide,metabolomics,-0.4022180573642072,0.4219694716809672,0.7793982788330276
erucoylcarnitine (C22:1)*,metabolomics,0.2939799559686673,0.423025747690446,0.7793982788330276
N-acetylglycine,metabolomics,-0.1272747797023552,0.4221514329696146,0.7793982788330276
N6-carboxymethyllysine,metabolomics,0.1302863447397539,0.4221514329696146,0.7793982788330276
"2,3-dihydroxyisovalerate",metabolomics,-0.2782508577644773,0.4270788882352503,0.7852163207176405
N6-acetyllysine,metabolomics,-0.0644875990903584,0.4320396964435172,0.7860971240268976
phenylalanine,metabolomics,0.0271032558529339,0.4320357773262501,0.7860971240268976
acesulfame,metabolomics,0.4071269018547814,0.4310655356045225,0.7860971240268976
retinol (Vitamin A),metabolomics,0.0440737362182574,0.4320377368948195,0.7860971240268976
3-(4-hydroxyphenyl)lactate (HPLA),metabolomics,0.0787372178475118,0.4320396964435172,0.7860971240268976
"5,6-dihydrothymine",metabolomics,0.056553364063857,0.4345286551441025,0.7889888831498508
3-hydroxyisobutyrate,metabolomics,0.1701602806221871,0.4370337230234913,0.7906146978078863
THC carboxylic acid glucuronide,metabolomics,-0.1800743674219251,0.4372270563703818,0.7906146978078863
1-linoleoyl-GPG (18:2)*,metabolomics,0.1427067954809955,0.4407352021061491,0.7953184614137713
phenyllactate (PLA),metabolomics,0.0255385875235917,0.4445828624343921,0.8006143128438643
xanthosine,metabolomics,0.1273527096604712,0.4465670092691768,0.8018916117125223
1-methylnicotinamide,metabolomics,0.1098431519360604,0.4471208644554428,0.8018916117125223
"5alpha-androstan-3alpha,17beta-diol monosulfate (2)",metabolomics,0.2687343541137617,0.4511328729817274,0.8074357747040305
dimethylglycine,metabolomics,-0.035282650225151,0.4522136815850589,0.8077217897150646
losartan,metabolomics,-0.1276484479960018,0.4566421586687671,0.8102721826122457
alpha-hydroxymetoprolol,metabolomics,-0.0372423837680548,0.4566421586687671,0.8102721826122457
3-(3-amino-3-carboxypropyl)uridine*,metabolomics,0.0824167130361731,0.4573372068335936,0.8102721826122457
warfarin,metabolomics,-0.0011215408719586,0.4566421586687671,0.8102721826122457
ethylmalonate,metabolomics,0.0881102095979839,0.4676853174811296,0.8122013563071795
creatinine,metabolomics,0.0306785702572196,0.467687212012686,0.8122013563071795
2-piperidinone,metabolomics,-0.2753932362597565,0.467649317593126,0.8122013563071795
N-acetyl-1-methylhistidine*,metabolomics,-0.2403268806343444,0.4676663710689703,0.8122013563071795
3-hydroxycotinine glucuronide,metabolomics,0.1224451067258172,0.4644678122125573,0.8122013563071795
2-methoxyhydroquinone sulfate (2),metabolomics,-0.2490306506056065,0.4671426618788769,0.8122013563071795
glycylvaline,metabolomics,0.2040466749293794,0.4629820477637507,0.8122013563071795
salicylate,metabolomics,-0.2047952493622435,0.467687212012686,0.8122013563071795
azelate (C9-DC),metabolomics,0.1053967065305874,0.4624970214120131,0.8122013563071795
guaiacol sulfate,metabolomics,0.1272167442836651,0.4624970214120131,0.8122013563071795
hydroxycotinine,metabolomics,0.3732512818682401,0.4689997917446094,0.8128711805534039
1-methyl-5-imidazoleacetate,metabolomics,0.2543124607395105,0.4729095187875913,0.8180308638594036
methyl vanillate sulfate,metabolomics,-0.1381369666388784,0.4763357357561615,0.8191106671728503
isocitric lactone,metabolomics,-0.1851290858631638,0.4755289026875835,0.8191106671728503
taurocholate,metabolomics,0.174216783045428,0.4755138742536944,0.8191106671728503
dopamine 3-O-sulfate,metabolomics,-0.3341258575992201,0.4887654538410683,0.8243248565794368
O-acetylhomoserine,metabolomics,0.0686561094656816,0.488759903883818,0.8243248565794368
N1-Methyl-4-pyridone-3-carboxamide,metabolomics,0.1582816204874976,0.4861027403738448,0.8243248565794368
glutarate (C5-DC),metabolomics,-0.0667988500697332,0.4887654538410683,0.8243248565794368
EDTA,metabolomics,0.0324058778747988,0.4887673037871233,0.8243248565794368
isovalerylglycine,metabolomics,-0.0402154314380513,0.4887673037871233,0.8243248565794368
"(2,4 or 2,5)-dimethylphenol sulfate",metabolomics,0.3485942205170246,0.4856939777274714,0.8243248565794368
16a-hydroxy DHEA 3-sulfate,metabolomics,-0.1963279462433974,0.4887673037871233,0.8243248565794368
1-carboxyethyltyrosine,metabolomics,-0.0755504924901367,0.4857962587242427,0.8243248565794368
glycerophosphorylcholine (GPC),metabolomics,0.110477926315458,0.4861027403738448,0.8243248565794368
3-amino-2-piperidone,metabolomics,0.0170700463648619,0.4941162142860759,0.8254093712931211
thioproline,metabolomics,0.0499753652115452,0.4914341635546526,0.8254093712931211
xanthine,metabolomics,-0.0099294296769913,0.4941162142860759,0.8254093712931211
3-phenylpropionate (hydrocinnamate),metabolomics,0.3527415582864362,0.4913714552927197,0.8254093712931211
dihydrocaffeate sulfate (2),metabolomics,-0.3131170205619467,0.4938126830322524,0.8254093712931211
adipate,metabolomics,0.1635820958090285,0.499273408684551,0.8292387114901184
androsterone glucuronide,metabolomics,-0.1207432309785847,0.4994780246780167,0.8292387114901184
pimeloylcarnitine/3-methyladipoylcarnitine (C7-DC),metabolomics,-0.162540547936365,0.4994962818960309,0.8292387114901184
lamotrigine,metabolomics,0.4574338645528204,0.5001907393138798,0.8292387114901184
undecanedioate (C11-DC),metabolomics,0.067679260490832,0.51034724707544,0.8444802560097375
"5,6-dihydrouracil",metabolomics,-0.1031152738241257,0.5141745489875111,0.849211072433234
2-methoxyhydroquinone sulfate (1),metabolomics,-0.2456450955018405,0.5212866228077992,0.8498160316137752
theophylline,metabolomics,0.0493499028984067,0.5213238597585075,0.8498160316137752
2-hydroxyphenylacetate,metabolomics,0.025482692108495,0.5213238597585075,0.8498160316137752
theobromine,metabolomics,-0.0243865492257905,0.5213220867657471,0.8498160316137752
taurocholenate sulfate*,metabolomics,-0.2067891570593979,0.5213238597585075,0.8498160316137752
formiminoglutamate,metabolomics,0.1868683804841575,0.5158213097199362,0.8498160316137752
3-methylglutaconate,metabolomics,0.0872714505415757,0.5213238597585075,0.8498160316137752
3-indoxyl sulfate,metabolomics,0.1359385495076058,0.5268564656123884,0.8524965319964292
3-(cystein-S-yl)acetaminophen*,metabolomics,0.0867278590285796,0.5253591495920076,0.8524965319964292
N-stearoylserine*,metabolomics,0.1254280619575997,0.5251410330694379,0.8524965319964292
asparagine,metabolomics,0.0297308822011942,0.5268564656123884,0.8524965319964292
3-methyladipate,metabolomics,0.1245469464105789,0.5295708855437606,0.8538372268488215
1-methyladenosine,metabolomics,-0.0208667673767177,0.5296322136895768,0.8538372268488215
lamivudine,metabolomics,-0.1257333821268118,0.5325775868930305,0.853876679534164
3-methoxytyrosine,metabolomics,-0.1512574008777467,0.5324188901098932,0.853876679534164
kynurenine,metabolomics,0.0810736293779309,0.5324188901098932,0.853876679534164
2-methylcitrate/homocitrate,metabolomics,0.1931481234410088,0.5342260283210096,0.8549566183166523
catechol glucuronide,metabolomics,0.2750203624954597,0.5365067669575524,0.8570426860141592
5-hydroxyhexanoate,metabolomics,0.1521692525588589,0.5377293439267727,0.8574338811341449
3-hydroxybutyroylglycine,metabolomics,-0.1362828090694261,0.5436322184092088,0.860587464882448
N-acetylproline,metabolomics,0.1317924104850207,0.5436305033528391,0.860587464882448
hydroxyasparagine,metabolomics,0.0074505596309916,0.5436305033528391,0.860587464882448
cysteine s-sulfate,metabolomics,0.1130941185065042,0.5436322184092088,0.860587464882448
leucine,metabolomics,0.0684257919460676,0.5492826199977975,0.867965509437961
choline,metabolomics,0.0551989327188922,0.5549618358542556,0.8753624641082413
beta-sitosterol,metabolomics,0.1044213197352578,0.5625558647305933,0.8760806895471436
cotinine,metabolomics,1.1106604591009308,0.5612690679401597,0.8760806895471436
5-hydroxymethyl-2-furoylcarnitine*,metabolomics,0.1816709271522346,0.5573320010228348,0.8760806895471436
sulfate of piperine metabolite C16H19NO3 (2)*,metabolomics,-0.1053084768171107,0.56640564535146,0.8760806895471436
"2,3-dihydroxy-2-methylbutyrate",metabolomics,0.0139699347556307,0.5663990375874862,0.8760806895471436
nornicotine,metabolomics,0.0409676358314621,0.5608274834809708,0.8760806895471436
N-oleoylserine,metabolomics,0.1581021539444688,0.5663990375874862,0.8760806895471436
hypoxanthine,metabolomics,0.161526081552049,0.56640564535146,0.8760806895471436
picolinoylglycine,metabolomics,0.1795068490627424,0.56640564535146,0.8760806895471436
isoursodeoxycholate,metabolomics,0.1444019076178199,0.5578104903735577,0.8760806895471436
"N2,N2-dimethylguanosine",metabolomics,0.0131400567934001,0.5664039934386382,0.8760806895471436
phenylacetylcarnitine,metabolomics,0.122021934624105,0.575060503259731,0.8779982556879067
o-cresol sulfate,metabolomics,0.1762194105580168,0.5692825424883909,0.8779982556879067
beta-hydroxyisovaleroylcarnitine,metabolomics,0.1068259158111459,0.575060503259731,0.8779982556879067
phenol sulfate,metabolomics,-0.1486133038453284,0.577959844014384,0.8779982556879067
cortisone,metabolomics,0.04525790971561,0.575060503259731,0.8779982556879067
sulfate of piperine metabolite C18H21NO3 (3)*,metabolomics,-0.060187790757519,0.5866670214744736,0.8779982556879067
2-acetamidophenol sulfate,metabolomics,0.2302881449325433,0.5863837815901356,0.8779982556879067
glucuronide of piperine metabolite C17H21NO3 (3)*,metabolomics,-0.1529095436076993,0.5859739899811354,0.8779982556879067
"N,N-dimethylalanine",metabolomics,0.1370510232927247,0.58378066754384,0.8779982556879067
glycerate,metabolomics,-0.0334911596426308,0.58378066754384,0.8779982556879067
glucuronide of C12H22O4 (1)*,metabolomics,0.1637520468660438,0.5809157656625877,0.8779982556879067
S-methylcysteine sulfoxide,metabolomics,-0.0292531934281519,0.577959844014384,0.8779982556879067
"2R,3R-dihydroxybutyrate",metabolomics,0.0529893734949504,0.5779614624377551,0.8779982556879067
pantothenate (Vitamin B5),metabolomics,0.0956314974531893,0.5779614624377551,0.8779982556879067
carnitine,metabolomics,-0.0051091037528411,0.58378066754384,0.8779982556879067
dihydroferulic acid sulfate,metabolomics,-0.1882997685251367,0.5862442695340409,0.8779982556879067
sulfate of piperine metabolite C16H19NO3 (3)*,metabolomics,-0.137365129993325,0.5808515542960728,0.8779982556879067
trans-2-hexenoylglycine,metabolomics,0.1038121307199603,0.5712509792475854,0.8779982556879067
beta-cryptoxanthin,metabolomics,-0.1338447846218662,0.5779614624377551,0.8779982556879067
campesterol,metabolomics,0.1189897068778096,0.5910257157191761,0.8830145701630621
pantoate,metabolomics,0.0650947779181685,0.5955002115928472,0.8851757382490287
glycodeoxycholate,metabolomics,0.1586015581718751,0.5949290466697917,0.8851757382490287
lignoceroylcarnitine (C24)*,metabolomics,0.0895429772826548,0.5954986457539224,0.8851757382490287
"N2-acetyl,N6,N6-dimethyllysine",metabolomics,0.2678830817139239,0.6132763160205992,0.8934296575597985
erythritol,metabolomics,0.0536051781905039,0.6132778265119712,0.8934296575597985
indole-3-carboxylate,metabolomics,-0.1701808908972892,0.606768103128024,0.8934296575597985
prolylhydroxyproline,metabolomics,-0.0086063131988418,0.6132763160205992,0.8934296575597985
methylsuccinoylcarnitine,metabolomics,0.0349412435946987,0.6073243976354576,0.8934296575597985
malonate,metabolomics,0.0170576903312516,0.6132778265119712,0.8934296575597985
carboxyibuprofen,metabolomics,-0.2722498054058437,0.6103995814054066,0.8934296575597985
citrate,metabolomics,0.0230567420263829,0.60732592687876,0.8934296575597985
3-methoxycatechol sulfate (1),metabolomics,0.129586443637901,0.6132763160205992,0.8934296575597985
glucuronide of piperine metabolite C17H21NO3 (5)*,metabolomics,-0.1498195152074891,0.606768103128024,0.8934296575597985
glycyrrhetinate,metabolomics,-0.3036546555991923,0.6071243827465667,0.8934296575597985
glycochenodeoxycholate 3-sulfate,metabolomics,0.1643163576802126,0.6132717844406167,0.8934296575597985
mannose,metabolomics,0.0294398516592294,0.616261897586813,0.8962880334720316
2-ethylphenylsulfate,metabolomics,0.2530543689954398,0.6197608058951586,0.8998844814073744
N1-methylinosine,metabolomics,0.0830674393841213,0.6252419264073679,0.901893703249364
threonine,metabolomics,0.0590739404196774,0.6252581203826834,0.901893703249364
N-acetyl-isoputreanine,metabolomics,0.0034766266309011,0.6252433986734598,0.901893703249364
1-carboxyethylvaline,metabolomics,-0.0134685306141851,0.6252566482896219,0.901893703249364
glucuronide of piperine metabolite C17H21NO3 (4)*,metabolomics,-0.0876377507433795,0.6311623440695864,0.9076027909095468
ribulonate/xylulonate/lyxonate*,metabolomics,-0.0039387675768423,0.6312858636885104,0.9076027909095468
17alpha-hydroxypregnanolone glucuronide,metabolomics,0.2840268312670964,0.6375391687129144,0.9076653424695228
"bilirubin (E,E)*",metabolomics,-0.1669406201048604,0.6373382289671439,0.9076653424695228
"3,7-dimethylurate",metabolomics,0.1710690682689608,0.6361636295543052,0.9076653424695228
2-aminophenol sulfate,metabolomics,0.0648658624855397,0.6373353639068445,0.9076653424695228
pyroglutamine*,metabolomics,0.1174695158831128,0.6343075470601485,0.9076653424695228
"2,3-dihydroxy-5-methylthio-4-pentenoate (DMTPA)*",metabolomics,0.0003327287231808,0.6373382289671439,0.9076653424695228
21-hydroxypregnenolone disulfate,metabolomics,0.074578849407282,0.6434148783499212,0.9101207230852916
7-methylguanine,metabolomics,0.0180243541549393,0.6434148783499212,0.9101207230852916
alanine,metabolomics,0.0342627247176601,0.6403721170046321,0.9101207230852916
methyl-4-hydroxybenzoate sulfate,metabolomics,-0.2334851242302649,0.6434148783499212,0.9101207230852916
N-acetyltryptophan,metabolomics,0.0583867637892029,0.6495140772994294,0.917268672772302
branched chain 14:0 dicarboxylic acid,metabolomics,0.1140943797756884,0.6556396536746179,0.9185239237582106
beta-hydroxyisovalerate,metabolomics,-0.0605122947854723,0.6556396536746179,0.9185239237582106
1H-indole-7-acetic acid,metabolomics,0.1653207503345009,0.6517151345526564,0.9185239237582106
ascorbic acid 3-sulfate*,metabolomics,0.0454704968948231,0.6556396536746179,0.9185239237582106
tyramine O-sulfate,metabolomics,0.0550286337386997,0.6556396536746179,0.9185239237582106
indolelactate,metabolomics,0.0600791400643882,0.674150223875841,0.9194863862194596
ferulic acid 4-sulfate,metabolomics,0.0289062160063114,0.6679520757740541,0.9194863862194596
N-acetylalliin,metabolomics,0.1835572963337032,0.658024700171958,0.9194863862194596
andro steroid monosulfate C19H28O6S (1)*,metabolomics,-0.2190468202626013,0.6741489168511532,0.9194863862194596
N-acetylhistidine,metabolomics,-0.0173896474089086,0.6741489168511532,0.9194863862194596
11beta-hydroxyandrosterone glucuronide,metabolomics,-0.0527106469600958,0.6587091232095037,0.9194863862194596
tetradecanedioate (C14),metabolomics,0.0570730073573937,0.6679560617521647,0.9194863862194596
taurochenodeoxycholate,metabolomics,-0.1995573661252668,0.6679573903796867,0.9194863862194596
1-ribosyl-imidazoleacetate*,metabolomics,-0.0421446757204454,0.6679573903796867,0.9194863862194596
ursodeoxycholate,metabolomics,-0.0653977631467237,0.6672108572867396,0.9194863862194596
phosphate,metabolomics,-0.0017495702365007,0.6741476098107604,0.9194863862194596
butyrate/isobutyrate (4:0),metabolomics,-0.1054525616785208,0.6648225109840946,0.9194863862194596
5-acetylamino-6-formylamino-3-methyluracil,metabolomics,0.1259646681280831,0.6679441033878548,0.9194863862194596
2-methoxyresorcinol sulfate,metabolomics,0.1962431274467572,0.6640017083690272,0.9194863862194596
catechol sulfate,metabolomics,0.0101540715668691,0.6741489168511532,0.9194863862194596
"3-bromo-5-chloro-2,6-dihydroxybenzoic acid*",metabolomics,0.0394842392567716,0.6741489168511532,0.9194863862194596
2-methoxyacetaminophen sulfate*,metabolomics,0.0868640788387535,0.66311468787039,0.9194863862194596
3-hydroxy-3-methylglutarate,metabolomics,-0.0334354921217204,0.6803652140431975,0.920802920857846
cerotoylcarnitine (C26)*,metabolomics,0.0582019760091268,0.6803652140431975,0.920802920857846
3-methyl catechol sulfate (2),metabolomics,-0.2744041878431626,0.6802932214788766,0.920802920857846
p-cresol sulfate,metabolomics,0.2121959468299363,0.6803652140431975,0.920802920857846
"N6,N6-dimethyllysine",metabolomics,0.1272578172013752,0.6803652140431975,0.920802920857846
saccharin,metabolomics,0.0873273264308311,0.6852509294349366,0.9235428609925088
octadecanedioylcarnitine (C18-DC)*,metabolomics,0.0191499367740838,0.6866019901563465,0.9235428609925088
citrulline,metabolomics,-0.0015455295982395,0.6834796280789832,0.9235428609925088
glycocholenate sulfate*,metabolomics,-0.0651832725474672,0.6866007271322125,0.9235428609925088
gamma-glutamylglutamine,metabolomics,0.0442390023603243,0.6928589364071485,0.9248681510885484
homocitrulline,metabolomics,-0.0532596740506504,0.69286017704125,0.9248681510885484
N-acetylaspartate (NAA),metabolomics,-0.0088393277339767,0.69286017704125,0.9248681510885484
ethyl alpha-glucopyranoside,metabolomics,-0.009861420776645,0.6928552144147408,0.9248681510885484
5-acetylamino-6-amino-3-methyluracil,metabolomics,-0.0420003230216382,0.69286017704125,0.9248681510885484
N-methyltaurine,metabolomics,-0.1500405514682439,0.694809087909408,0.9260601369248492
"3,5-dichloro-2,6-dihydroxybenzoic acid",metabolomics,0.0626247342462714,0.7054392605839808,0.9261369904352176
isobutyrylcarnitine (C4),metabolomics,-0.0390770888575475,0.7180993768482874,0.9261369904352176
indolepropionate,metabolomics,0.2392305433293278,0.6991393951411515,0.9261369904352176
hydantoin-5-propionate,metabolomics,0.1231152163485958,0.7022855645303885,0.9261369904352176
histidine betaine (hercynine)*,metabolomics,0.0615849666001787,0.7117183583976724,0.9261369904352176
3-hydroxyhippurate sulfate,metabolomics,0.2620912820289514,0.7111008475700191,0.9261369904352176
3-(3-hydroxyphenyl)propionate sulfate,metabolomics,0.127987795728566,0.7054141605492399,0.9261369904352176
dehydroepiandrosterone sulfate (DHEA-S),metabolomics,0.0557287210047764,0.7149246017666379,0.9261369904352176
desmethylcitalopram*,metabolomics,0.0358117617304023,0.703599745271513,0.9261369904352176
2-oxoarginine*,metabolomics,0.0528455152111941,0.7149257620719582,0.9261369904352176
3-methyl catechol sulfate (1),metabolomics,-0.2281818971098786,0.7180993768482874,0.9261369904352176
dihydroferulate,metabolomics,-0.1087468707630274,0.7116186488356872,0.9261369904352176
S-1-pyrroline-5-carboxylate,metabolomics,-0.0508057166741618,0.7149257620719582,0.9261369904352176
dolutegravir,metabolomics,0.1043921030505243,0.7045673914729976,0.9261369904352176
N-acetylmethionine,metabolomics,0.1019619906484192,0.7180993768482874,0.9261369904352176
N-acetylputrescine,metabolomics,0.0358053269136538,0.705438065489576,0.9261369904352176
N-acetylasparagine,metabolomics,0.0640146699457315,0.7180993768482874,0.9261369904352176
"N2,N5-diacetylornithine",metabolomics,-0.0463787855212162,0.7022614299921195,0.9261369904352176
trigonelline (N'-methylnicotinate),metabolomics,-0.0346192926917177,0.7117593852512301,0.9261369904352176
(S)-a-amino-omega-caprolactam,metabolomics,-0.0619083626053505,0.6991393951411515,0.9261369904352176
N-formylphenylalanine,metabolomics,0.0116251823606578,0.7180993768482874,0.9261369904352176
sulfate of piperine metabolite C18H21NO3 (1)*,metabolomics,-0.0428179423591978,0.7117359434780965,0.9261369904352176
hexanoylglycine (C6),metabolomics,0.1008620174422909,0.7201685896198406,0.9274417813459622
malate,metabolomics,-0.0348733389652634,0.721275562241009,0.9275053784242886
N4-acetylcytidine,metabolomics,0.0510586591877273,0.7244577140281925,0.9289048906473264
trans-urocanate,metabolomics,0.0828813116275283,0.7308362701116223,0.9289048906473264
maraviroc,metabolomics,0.0106647802943264,0.7283045528756612,0.9289048906473264
pantoprazole,metabolomics,-0.0623339350342897,0.7283045528756612,0.9289048906473264
phenylacetylglutamine,metabolomics,0.0679609880838092,0.730837371204852,0.9289048906473264
"1,3,7-trimethylurate",metabolomics,-0.0044247374823238,0.7308263596648188,0.9289048906473264
quinolinate,metabolomics,-0.0005311522274993,0.730837371204852,0.9289048906473264
hydrochlorothiazide,metabolomics,0.0092973799698627,0.7283045528756612,0.9289048906473264
N-acetyltaurine,metabolomics,-0.0685022454285788,0.7340325733088839,0.9316158708999872
phenylacetylglutamate,metabolomics,0.0670769866420573,0.737230261030006,0.9316295949903678
prolylglycine,metabolomics,0.0744897779471121,0.737230261030006,0.9316295949903678
glucuronide of C12H22O4 (2)*,metabolomics,-0.1203641876451346,0.735635119923421,0.9316295949903678
3-hydroxyhippurate,metabolomics,0.0243742874847534,0.7436489718354002,0.93569737664107
tartronate (hydroxymalonate),metabolomics,-0.0280102528760081,0.7436479191209786,0.93569737664107
fumarate,metabolomics,0.0040359755815513,0.7436500245368596,0.93569737664107
abacavir,metabolomics,-0.0312643181930272,0.7501682612347207,0.939853664432643
4-ethylcatechol sulfate,metabolomics,-0.2469052842703006,0.7500822971284152,0.939853664432643
methylsuccinate,metabolomics,-0.0095692690560596,0.7500822971284152,0.939853664432643
syringol sulfate,metabolomics,0.220373547267723,0.753492491264152,0.9426717758040818
3-aminoisobutyrate,metabolomics,-0.0078275795420189,0.7565330522167851,0.9451274740656987
octadecanedioate (C18),metabolomics,0.0224438926654206,0.759764834997763,0.9478147372589448
propionylcarnitine (C3),metabolomics,0.0725423416003289,0.7630017961330808,0.9491525889485276
galactonate,metabolomics,-0.1314996872830647,0.7629969036229,0.9491525889485276
"bilirubin (E,Z or Z,E)*",metabolomics,-0.0360968452665985,0.7694527505385819,0.9531605344631028
3-ethylcatechol sulfate (1),metabolomics,0.0764214994982151,0.7694823104057094,0.9531605344631028
thymol sulfate,metabolomics,-0.044159718880518,0.7694842171036221,0.9531605344631028
glucuronate,metabolomics,-0.0362213765666375,0.7759866120255959,0.957159295002036
"5,6-dihydrouridine",metabolomics,0.0315064708283334,0.7759856840650439,0.957159295002036
mannitol/sorbitol,metabolomics,0.0840988135001185,0.7759856840650439,0.957159295002036
5-hydroxylysine,metabolomics,0.0598924270399393,0.782502831063937,0.9597971788015004
3-hydroxyadipate*,metabolomics,-0.097990311356181,0.7792418669894783,0.9597971788015004
3-(3-hydroxyphenyl)propionate,metabolomics,0.1534376424042037,0.7824992213714516,0.9597971788015004
taurodeoxycholate,metabolomics,0.0044447206371308,0.782502831063937,0.9597971788015004
aconitate [cis or trans],metabolomics,-0.0049253839970794,0.7988576745875353,0.9649421689232558
maleate,metabolomics,-0.0152809162453412,0.8153046147914853,0.9649421689232558
allo-threonine,metabolomics,0.127487207382289,0.8053894674113417,0.9649421689232558
4-acetamidobutanoate,metabolomics,0.0059985357377789,0.7955807254302163,0.9649421689232558
myo-inositol,metabolomics,0.0129429199719135,0.8021415247722942,0.9649421689232558
glucuronide of C14H26O4 (1)*,metabolomics,0.0313398802256269,0.7995925851572223,0.9649421689232558
suberate (C8-DC),metabolomics,-0.0076374960837614,0.7889290701979914,0.9649421689232558
gulonate*,metabolomics,-0.0545437527527374,0.8120080100946737,0.9649421689232558
stearoylcholine*,metabolomics,-0.0907187447920279,0.8054263828363581,0.9649421689232558
2-O-methylascorbic acid,metabolomics,0.0518707622364175,0.8087163030849599,0.9649421689232558
gamma-tocopherol/beta-tocopherol,metabolomics,0.038955607343974,0.8021415247722942,0.9649421689232558
fructosyllysine,metabolomics,-0.0205450454752571,0.8087163030849599,0.9649421689232558
erythronate*,metabolomics,-0.0287727121911463,0.7955807254302163,0.9649421689232558
eicosanedioate (C20-DC),metabolomics,0.0181871140562865,0.7955807254302163,0.9649421689232558
4-acetylphenyl sulfate,metabolomics,-0.1103301335218858,0.8021415247722942,0.9649421689232558
3-methoxytyramine sulfate,metabolomics,-0.2259739807501877,0.8153046147914853,0.9649421689232558
citramalate,metabolomics,0.0869333142685444,0.7988300243023793,0.9649421689232558
"N2-acetyl,N6-methyllysine",metabolomics,0.2040181970490732,0.7955798746984295,0.9649421689232558
1-carboxyethylisoleucine,metabolomics,-0.0016388145713608,0.7955807254302163,0.9649421689232558
taurochenodeoxycholic acid 3-sulfate,metabolomics,-0.1056160606854703,0.8114726246130218,0.9649421689232558
2-hydroxyarachidate*,metabolomics,-0.0115873846805998,0.8153046147914853,0.9649421689232558
(2-butoxyethoxy)acetic acid,metabolomics,-0.0443503368587022,0.815301527200424,0.9649421689232558
ascorbic acid 2-sulfate,metabolomics,-0.0075471888549768,0.8087163030849599,0.9649421689232558
N-monomethylarginine,metabolomics,0.0474409093156474,0.811928969559222,0.9649421689232558
7-methylxanthine,metabolomics,-0.0071778649323512,0.8120080100946737,0.9649421689232558
"androstenediol (3alpha, 17alpha) monosulfate (2)",metabolomics,-0.1701039298158361,0.8021407001503797,0.9649421689232558
"5alpha-pregnan-3beta,20alpha-diol monosulfate (2)",metabolomics,-0.1692576269167219,0.8285171678024726,0.9675260674673928
1-carboxyethylleucine,metabolomics,0.0211541078119156,0.8285200418107319,0.9675260674673928
2-hydroxyhippurate (salicylurate),metabolomics,-0.2721592322316961,0.8219052661780006,0.9675260674673928
4-hydroxyphenylacetatoylcarnitine,metabolomics,-0.0840761061300555,0.8285193233222129,0.9675260674673928
perfluorooctanesulfonate (PFOS),metabolomics,-0.0732350918603078,0.8219052661780006,0.9675260674673928
linoleoylcholine*,metabolomics,-0.0985880664135948,0.8285200418107319,0.9675260674673928
4-hydroxyphenylpyruvate,metabolomics,0.1341952270814953,0.8285200418107319,0.9675260674673928
4-hydroxyglutamate,metabolomics,0.0799198026806772,0.8185961192648875,0.9675260674673928
dihomo-linolenoyl-choline,metabolomics,0.0581239405776016,0.8285200418107319,0.9675260674673928
succinylcarnitine (C4-DC),metabolomics,0.0420067654942462,0.8218985583704066,0.9675260674673928
3-acetylphenol sulfate,metabolomics,-0.2796300276967871,0.8318309478487413,0.970100719765088
caprate (10:0),metabolomics,0.0222591834859208,0.8351462519765688,0.971383637909086
arabonate/xylonate,metabolomics,-0.0549742519661477,0.8351462519765688,0.971383637909086
indoleacetylglutamine,metabolomics,0.025849693176892,0.8417841854281243,0.9752242148222788
theanine,metabolomics,0.3074306468853089,0.8406059454245725,0.9752242148222788
glycolithocholate sulfate*,metabolomics,0.1731479347162894,0.8417841854281243,0.9752242148222788
4-hydroxyphenylacetylglutamine,metabolomics,-0.1465792503399554,0.8484327458897201,0.9790474697688926
heme,metabolomics,0.0664306561071754,0.848433383152062,0.9790474697688926
"1,2,3-benzenetriol sulfate (2)",metabolomics,0.0321922263036401,0.848433383152062,0.9790474697688926
arabinose,metabolomics,-0.0588963292922094,0.8546768606984267,0.9841429101452244
uridine,metabolomics,-0.0427117979384225,0.8550933837293739,0.9841429101452244
m-tyramine sulfate,metabolomics,-0.1086119575731678,0.8584266940805148,0.98539294595368
butyrylcarnitine (C4),metabolomics,0.0414093177842478,0.8584260978930964,0.98539294595368
3-(N-acetyl-L-cystein-S-yl) acetaminophen,metabolomics,0.2786140674447619,0.8627718002768234,0.986506999795012
2'-O-methyluridine,metabolomics,-0.0161561992350532,0.8617637234313373,0.986506999795012
eicosapentaenoylcholine,metabolomics,0.1040652487560565,0.8617637234313373,0.986506999795012
phenylacetylglycine,metabolomics,-0.059768238117032,0.8649927731380387,0.9877586745339322
butyrylglycine (C4),metabolomics,-0.0478130463620994,0.8671484388995301,0.9889326149738464
phenylacetate,metabolomics,0.0109453162268533,0.8683767532821455,0.989047289127846
3-methylglutarylcarnitine (2),metabolomics,0.0015821209505783,0.9154423172339606,0.991087133908279
N-delta-acetylornithine,metabolomics,0.0346153467579914,0.8751335543272245,0.991087133908279
2-methylmalonylcarnitine (C4-DC),metabolomics,0.0609070785082712,0.9221564320764808,0.991087133908279
2-oxindole-3-acetate,metabolomics,0.0165929758470122,0.9079129995907887,0.991087133908279
hexadecenedioate (C16:1-DC)*,metabolomics,0.0156879851628811,0.8751335543272245,0.991087133908279
hydroquinone sulfate,metabolomics,-0.0877683531170353,0.8952541288849709,0.991087133908279
oxypurinol,metabolomics,-0.2694756813881778,0.8812252684448024,0.991087133908279
carotene diol (1),metabolomics,0.0319532529473891,0.9289322965480106,0.991087133908279
3-methylglutarate/2-methylglutarate,metabolomics,0.0303040038051359,0.8952536856490746,0.991087133908279
palmitoylcholine,metabolomics,-0.0334039232554177,0.9255574172719444,0.991087133908279
caprylate (8:0),metabolomics,-0.0350824373385411,0.9087058167955532,0.991087133908279
caffeine,metabolomics,-0.0344642800656135,0.9087062036483105,0.991087133908279
phenylpyruvate,metabolomics,0.0087211917926497,0.8952541288849709,0.991087133908279
methionine sulfone,metabolomics,-0.1133800543981318,0.8986140498274302,0.991087133908279
4-methoxyphenol sulfate,metabolomics,-0.0948445315655088,0.9120730979713448,0.991087133908279
4-hydroxycoumarin,metabolomics,0.0679296680546014,0.8751040275401837,0.991087133908279
oleoylcholine,metabolomics,0.0090928600589317,0.9188123389307,0.991087133908279
"branched-chain, straight-chain, or cyclopropyl 10:1 fatty acid (2)*",metabolomics,-0.006111276776929,0.9034845812914124,0.991087133908279
metoprolol,metabolomics,0.0364499946419671,0.9027013634933938,0.991087133908279
5-methyluridine (ribothymidine),metabolomics,0.0025350610572648,0.9087062036483105,0.991087133908279
4-vinylguaiacol sulfate,metabolomics,-0.1876797325451475,0.9289292796949524,0.991087133908279
"branched-chain, straight-chain, or cyclopropyl 10:1 fatty acid (1)*",metabolomics,0.0798224813536246,0.9289322965480106,0.991087133908279
alpha-ketoglutarate,metabolomics,0.0220824841687761,0.888539123512752,0.991087133908279
N-acetylleucine,metabolomics,0.0485950430701182,0.9154423172339606,0.991087133908279
N-acetylglutamate,metabolomics,-0.0161890656313728,0.9154423172339606,0.991087133908279
bilirubin,metabolomics,-0.0534605904401198,0.9087062036483105,0.991087133908279
6-oxopiperidine-2-carboxylate,metabolomics,0.0215997948037096,0.8952541288849709,0.991087133908279
glycolithocholate,metabolomics,0.0536859546515144,0.928313741481714,0.991087133908279
1-methylurate,metabolomics,-0.1813259204174215,0.9154423172339606,0.991087133908279
arachidonoylcholine,metabolomics,0.0577471886911753,0.9289322965480106,0.991087133908279
allantoin,metabolomics,-0.0080871336372545,0.8952536856490746,0.991087133908279
"9,10-DiHOME",metabolomics,-0.0035393481594152,0.9187837431008792,0.991087133908279
glycoursodeoxycholate,metabolomics,-0.03492826063223,0.9120730979713448,0.991087133908279
glycochenodeoxycholate,metabolomics,0.0215528649250777,0.9019766479785182,0.991087133908279
"1,7-dimethylurate",metabolomics,-0.1565035155099465,0.9154423172339606,0.991087133908279
"1,3-dimethylurate",metabolomics,0.0572267679472322,0.9120652701136844,0.991087133908279
ximenoylcarnitine (C26:1)*,metabolomics,0.0230528582070592,0.9221845086619008,0.991087133908279
2-aminoheptanoate,metabolomics,-0.0184756946391674,0.9255574172719444,0.991087133908279
docosahexaenoylcholine,metabolomics,0.0022625940849747,0.888539123512752,0.991087133908279
glycochenodeoxycholate glucuronide (1),metabolomics,-0.0386597631203846,0.9019724968509958,0.991087133908279
cytidine,metabolomics,0.0588223632541579,0.9289069430349975,0.991087133908279
ribitol,metabolomics,0.0036478379391382,0.9289322965480106,0.991087133908279
rilpivirine,metabolomics,-0.006592494799374,0.8812252684448024,0.991087133908279
S-methylcysteine,metabolomics,0.0122555817865207,0.9255571013572976,0.991087133908279
eugenol sulfate,metabolomics,0.0775416567823465,0.9289322965480106,0.991087133908279
docosadioate (C22-DC),metabolomics,0.0357921130710755,0.8818321073900629,0.991087133908279
propyl 4-hydroxybenzoate sulfate,metabolomics,-0.0759898009369934,0.8892471533410058,0.991087133908279
pseudouridine,metabolomics,0.0133842691405036,0.8818311089086497,0.991087133908279
pregnenolone sulfate,metabolomics,-0.0242338378731629,0.9117100834041229,0.991087133908279
isovalerylcarnitine (C5),metabolomics,-0.0275800725280317,0.9019766479785182,0.991087133908279
S-adenosylhomocysteine (SAH),metabolomics,0.0259630565358833,0.9221567625659366,0.991087133908279
3-carboxy-4-methyl-5-pentyl-2-furanpropionate (3-CMPFP),metabolomics,0.0162270598576343,0.8818321073900629,0.991087133908279
2-hydroxy-3-methylvalerate,metabolomics,0.0040646545655267,0.9323078509882212,0.992274254025085
gentisate,metabolomics,-0.091617602160513,0.9323078509882212,0.992274254025085
sarcosine,metabolomics,-0.005663461964112,0.9356851983007192,0.9946617198905824
quinate,metabolomics,0.0917835044743715,0.939063156916914,0.9969047424519762
testosterone sulfate,metabolomics,-0.0202385990402336,0.9400686681958772,0.9969047424519762
perfluorooctanoate (PFOA),metabolomics,-0.0361684779653656,0.9424427302245388,0.9982153072547348
methionine sulfoxide,metabolomics,0.0455884554630686,0.9458228508433868,0.9989234622351572
benzoate,metabolomics,-0.002650311717404,0.9465283889594248,0.9989234622351572
2-naphthol sulfate,metabolomics,0.0033517860268282,0.9458228508433868,0.9989234622351572
cortisol,metabolomics,0.0132712355106261,0.976282748006292,1.0
atazanavir,metabolomics,-0.0360669131626032,1.0,1.0
N-carbamoylalanine,metabolomics,-0.0181884935408791,0.9830576671936786,1.0
N4-acetylsulfamethoxazole*,metabolomics,0.0,1.0,1.0
7-hydroxyindole sulfate,metabolomics,0.0633784336911292,0.9749299581013894,1.0
N6-carbamoylthreonyladenosine,metabolomics,-0.0139737239027844,1.0,1.0
N6-succinyladenosine,metabolomics,-0.0103298943889558,0.97934646800116,1.0
allopurinol,metabolomics,0.0,1.0,1.0
allopurinol riboside,metabolomics,0.0,1.0,1.0
2'-O-methylcytidine,metabolomics,0.0133945730121874,0.9728957912535632,1.0
lopinavir,metabolomics,1.6653345369377348e-16,1.0,1.0
levetiracetam,metabolomics,0.0,1.0,1.0
carotene diol (3),metabolomics,-0.0178478713939264,0.9966113466412806,1.0
3beta-hydroxy-5-cholestenoate,metabolomics,-0.0014016740248645,0.9762661809675756,1.0
pipecolate,metabolomics,-0.0754036697701815,0.9627382556941022,1.0
caffeic acid sulfate,metabolomics,0.1542779917023924,0.9593475831849976,1.0
3-ethylcatechol sulfate (2),metabolomics,-0.0492618518652901,0.9966060702512798,1.0
acisoga,metabolomics,0.0464706992700417,0.9796559304499964,1.0
3-methylxanthine,metabolomics,-0.1649490493992942,0.9966112889511288,1.0
O-desmethylvenlafaxine,metabolomics,7.105427357601002e-15,1.0,1.0
orotidine,metabolomics,-0.0972012026063642,0.989834284409546,1.0
orotate,metabolomics,-0.0465348441524099,0.9559697449079332,1.0
"N,O-didesmethylvenlafaxine glucuronide",metabolomics,0.0,1.0,1.0
2-hydroxyglutarate,metabolomics,-0.0432935392194984,0.9492044076239982,1.0
sulfamethoxazole,metabolomics,0.0,1.0,1.0
thyroxine,metabolomics,-0.0269807531076943,0.9966113466412806,1.0
1-palmitoyl-GPG (16:0)*,metabolomics,0.0137701245892474,0.9525846334774908,1.0
1-methylxanthine,metabolomics,-0.0290585657645175,1.0,1.0
(N(1) + N(8))-acetylspermidine,metabolomics,0.0176477216984517,1.0,1.0
"2,3-dihydroxypyridine",metabolomics,-0.0924054495162448,0.9898290888226554,1.0
2-hydroxyfluorene sulfate,metabolomics,0.0102943746354491,1.0,1.0
N-acetylglucosaminylasparagine,metabolomics,0.0184702673028561,0.98305535955675,1.0
N-acetylglutamine,metabolomics,-0.0243394886421158,0.9559697449079332,1.0
ergothioneine,metabolomics,0.1106078314323484,0.9932227255610708,1.0
doxycycline,metabolomics,0.0,1.0,1.0
dimethylarginine (ADMA + SDMA),metabolomics,0.0010869179797319,0.9898342411458824,1.0
taurolithocholate 3-sulfate,metabolomics,-0.0601330269119295,0.9864459400865644,1.0
2-methoxyacetaminophen glucuronide*,metabolomics,-0.0064443949512229,0.96444942492551,1.0
ritalinic acid,metabolomics,0.0,1.0,1.0
pregnanediol-3-glucuronide,metabolomics,-0.0718164706962879,0.9559590703795318,1.0
diphenhydramine,metabolomics,6.217248937900877e-15,1.0,1.0
2-methylserine,metabolomics,-0.2871933687654683,0.9762261357070046,1.0
furosemide,metabolomics,0.0,1.0,1.0
saquinavir,metabolomics,0.0,1.0,1.0
histidine,metabolomics,-0.0141454958010844,0.969509452914085,1.0
urea,metabolomics,0.0267837527950658,0.9627380972208246,1.0
